customer_id,PCA1,PCA2,Cluster
987232,1.021740552620955,-0.2151470046585158,0
79955,-0.570818992835559,-0.5302089333829653,0
567131,-0.661055825110778,0.6980533498058761,0
500892,0.7639395184334179,1.6553099584411304,0
55400,0.3316610952643767,0.3402679739577469,0
135050,0.7230185502469594,1.1056048241724268,0
733379,-0.5967278516555694,-1.7455274630442847,0
732058,0.2205769709310538,-0.07783544870934767,0
51334,1.983192594243316,0.05209751301427588,0
731480,7.6386864981488545,-1.6265699228963533,1
399759,-0.2489764951317192,-1.1207483312249815,0
401398,-0.5970985729301254,-0.6285087965511738,0
855486,4.6416270501330565,-0.15515267084945775,0
858885,-0.4992748612083813,1.6868495429703594,0
503248,0.4932581725304449,1.1244003564079865,0
864742,-0.674891894183977,-1.4795652228381972,0
35033,-0.41079388901246255,1.1423838140760663,0
995704,0.4206142503314085,-0.1599548903991868,0
376762,-0.43104266082720444,0.8503635824624453,0
811354,-0.4726594188251638,0.7508149248608782,0
577746,-0.4624285532594449,1.0682853195998383,0
659807,-0.43381788199321797,1.147069745264282,0
219340,-0.25526266122571606,-1.0961550083986866,0
979756,0.25534602326556305,-0.9914192060799992,0
625692,-0.5730739279558499,-0.12993946693507255,0
215340,-0.2340202233240352,1.4048848086361785,0
443418,-0.2619527889491894,1.6757417079873995,0
980329,-0.3299838091336859,1.6988145577069211,0
336984,-0.18926089094133344,-0.36565647184036637,0
518813,7.528258452296101,0.8509055688333863,1
943379,-0.4226045135635994,1.496179181610697,0
2086,-0.37903892087541236,0.6799643620133162,0
663616,3.0925771808372406,0.17122779758614418,0
677815,0.30048650382054287,1.657078122308261,0
957738,-0.19563779756312763,-0.23884164594779586,0
543083,-0.5001386946412121,0.3912161638280478,0
529928,-0.42625078137034167,-0.9704675849770604,0
66337,-0.5982799711912242,-1.2041819412841412,0
272967,-0.4236023848085439,-0.33243710227088646,0
876376,-0.6487976751552322,-1.5410980502360336,0
443182,-0.42172971002394377,-0.08609649474759759,0
38748,-0.4244344631808748,-0.7436700832689389,0
244519,-0.271943610458361,0.12932961717608685,0
321942,-0.43079909918888554,1.1648206517587016,0
212424,-0.5331998495242861,-0.37082034577358,0
684488,-0.24915775299936818,-0.6201377390435969,0
460022,0.7227227219239831,0.5469813025378848,0
330798,-0.3560818347559921,-1.0761119998238922,0
820288,-0.6564938203281487,-1.49524798195022,0
934969,-0.23929406880102438,-1.0010669360149054,0
878903,2.0049188208889417,1.4669514541105333,0
507015,-0.9022378518106321,1.616244954296021,0
63469,-0.5557210840385273,0.8682539596794352,0
568671,-0.42792818235796437,1.0075451526414134,0
855772,-0.5174128202031354,-0.6308607626733087,0
606373,-0.6682063462254961,-1.6452472612408577,0
358901,1.7482488955570734,-0.5201020095631605,0
178393,1.1710507152523604,-1.0405040468167401,0
921915,-0.09494197810114786,-1.5906120890062074,0
348366,-0.4082184409290645,0.7670130012705733,0
377483,0.9479899936768957,-1.6775265974841673,0
44793,-0.3288304958269469,-1.6378213517177442,0
690928,-0.9841540999163207,-1.7494189284084987,0
50314,-0.5169839508277346,1.1711294571082729,0
780882,-0.3957671813656957,-0.6073141951203572,0
18959,-0.3981213104016708,-0.2711262041206759,0
804704,0.44298293941484046,0.9171946884098856,0
8986,-0.5272639102282415,-0.4576672353277608,0
99902,-0.5524727392628637,-0.20174341988293581,0
655319,-0.5939200083230741,-0.3956262446109408,0
224929,-0.23825979460947944,1.7732958263129677,0
926626,0.4035307664800807,-0.29560775813217716,0
67899,-0.8287560566523711,0.9864314380534163,0
68879,-0.34987721688785084,-0.5100349927658774,0
904485,1.325712913785293,-1.6441348545597596,0
244300,-0.46114761216934397,-1.3876803421569002,0
912238,-0.5155285386558722,0.6408388772137272,0
803685,-0.6840966064520988,-1.7257399385171317,0
444937,-0.31224839681096034,-0.06027285128228165,0
895959,-0.3403448710199505,1.2221478963587071,0
858829,-0.3747493951335978,0.2764013162066353,0
575348,-0.29873536906923515,-0.5810676349914957,0
464017,-0.30919380242025335,0.7036656184896092,0
196830,-0.5424494358085772,-0.9556523614904446,0
309024,-0.4562560682885375,0.556212722633492,0
347382,-0.5249124379531459,0.5117669452307305,0
310805,0.6350085237213646,-0.045673131946088054,0
837524,1.7147799496902538,-1.2660634207134391,0
268241,0.7285414020679855,-0.2213103683763729,0
366138,-0.1588559000446832,0.7871679670176164,0
449597,1.663783908206577,1.7683860847952657,0
586918,-0.38339338468100886,-0.5888027186058766,0
980754,-0.5388480346481297,0.4625034845356583,0
51663,-0.48507638741575326,0.6983274250095692,0
892874,-0.7183870272840019,-0.7421053234027317,0
576799,-0.13691212287526724,-1.6379263979591914,0
480867,-0.004636479801261075,-0.5030056909271923,0
550671,-0.24802747163894506,0.7037039557624915,0
584292,-0.5671747559302461,0.20479011423836163,0
362132,-0.5217083373951196,-1.3939480627476597,0
33320,-0.6330442566448579,-0.9540513739185604,0
215538,-0.2659244866175289,0.8070341596450475,0
126315,-0.43243229853478005,-0.4849071175601721,0
460374,-0.49865926399224164,0.24086628593304585,0
489380,-0.5886106444200764,0.22175681441478287,0
63225,-0.5858601649188633,0.6281753320673746,0
965340,-0.5499030740803844,0.5084581235559832,0
779636,-0.4763248309633099,0.5564056968303878,0
695826,-0.3540189547892795,1.390712905060078,0
561881,-0.6557649972364376,-0.6604334157477673,0
279995,1.127349588292807,0.9318012598895861,0
876145,-0.5856471872632889,-0.521252144143113,0
571750,-0.6309535948970687,0.6921470546084483,0
435459,-0.5361788830233375,-0.21488796194128945,0
256148,0.4966832193416206,-1.66486635918776,0
527944,-0.1364803032519876,0.30298980992823654,0
330302,4.816890111655858,1.2595288764956722,0
872560,-0.4093533461022664,0.8368102804927827,0
69255,-0.4074925034127651,0.20674271360697843,0
678876,-0.35544577637752633,0.43839340422070533,0
275406,-0.6341489895488709,-1.012426355589395,0
943252,-0.32490406868834637,-0.45757924336720285,0
587306,-0.37513756944454174,1.708942763930785,0
889146,-0.5912362557358456,-1.9208312020643177,0
379067,5.906610179335368,-0.49763082671149167,1
115772,-0.33129972344570746,1.3110815635851203,0
517432,-0.4752373567413166,-0.04250419782415948,0
265974,-0.43293807591879113,1.5179720749312229,0
675595,-0.6955681507188682,-1.4194105357538684,0
400808,-0.5497432824021294,-1.5410252902156452,0
565511,-0.4252109086940213,-0.49113023317569493,0
100076,-0.4182712379955524,1.1445452519092458,0
701083,-0.48980461574817147,-1.1743413478077944,0
103661,-0.8106691154164244,1.4128800815384002,0
172272,-0.4974016724353798,0.6701345706581321,0
331228,0.26959185998693175,-0.009497148147884382,0
259150,-0.5041256157655007,-0.9334053741763759,0
938627,-0.6718825231794102,-1.8618501795091618,0
606358,-0.38993048215880327,-0.016332022745406554,0
990307,-0.5930243403178328,-0.16868705079857602,0
829830,-0.5491734250638931,-0.23513575756255864,0
875278,-0.6325352136892571,-1.4386964238722435,0
256730,-0.531353167974745,-0.17456140319450658,0
246896,-0.6306686232334454,-0.44264664697025974,0
40811,-0.6282596863325337,0.3669441985669511,0
314675,0.05367138207648437,1.9301679384684476,0
20474,0.4146256627634075,0.35571852605507825,0
525061,1.8850895915849415,-1.053005640074681,0
582947,-0.07923983213315593,1.9149237286556058,0
881795,-0.17830237320892098,1.4436139592907562,0
974159,0.6873444859654889,1.1412748352381008,0
422759,-0.5402430591124519,0.41945977526550665,0
673533,-0.4547567647986604,0.2191992950640825,0
826661,-0.6813518338574212,-0.5613703673413014,0
733811,-0.5455802086484728,-0.228382877393513,0
837316,0.0825957481299764,1.3861828030388106,0
570267,-0.5180217965478311,0.8925008437941321,0
6299,-0.3645980498278228,0.95109436134779,0
996136,-0.7042334414707768,-0.891782100666017,0
711525,-0.41616251946830074,-0.7777851234659794,0
959376,0.08357126816993478,0.29680319006838246,0
55071,-0.204608871816492,-1.4443290145036072,0
21220,-0.605910288729651,-0.041180492109261335,0
430194,-0.06885761804375944,-0.6527534848989793,0
992620,-0.6714041310776311,-1.290518963051892,0
123552,-0.6174655746464918,-0.3464348278417291,0
432317,-0.38354237566081717,-1.7099373792171506,0
274637,-0.4984724165222088,0.09903921723043804,0
115139,0.09095633913209242,-0.5239664926207777,0
431447,0.022884893300950636,-1.5561895733617126,0
92661,0.005032040725418872,1.4549627392293762,0
450103,-0.45503151073928033,0.8969301520897357,0
348667,-0.43578000618025364,-1.250847993203506,0
344475,-0.437979246106421,1.0903528595530658,0
483616,18.611110038049166,-1.445226659305052,1
508946,-0.4108412126211287,-0.4297256840687532,0
481189,-0.1298632409712288,-0.8383131280126124,0
441452,-0.5934371463503642,-0.8608558715064724,0
531788,-0.43992644355568344,0.6217783301758514,0
556419,-0.6210069547675866,-0.413584502773922,0
973424,-0.8711578856589363,-1.2016650132790547,0
386543,-0.012533083606314274,-0.13083728359430385,0
25769,0.0067549092741478285,0.06127323184119269,0
470129,2.350299363069155,0.8474372505960919,0
931865,-0.2689082978716761,0.8121845852368345,0
488470,-0.25103698674138525,-0.6368301578691206,0
200615,-0.505546106874145,-0.30026783441382854,0
694207,-0.09336160894229273,0.2521524278655474,0
969440,-0.6193211653009473,-0.25948829030202863,0
802842,0.5859150973156034,1.3529623788546934,0
98606,0.31474327141842806,-1.7230823926468262,0
303098,-0.640359871217861,-0.010443504669221532,0
765404,-0.49145424277077515,0.30668142229431894,0
727933,-0.2693512369206062,-1.5003626178891851,0
519049,-0.9833358163060866,-0.6867706166140416,0
538357,-0.2628234445706051,0.5812623865453873,0
442080,-0.30062033756294454,0.8806285972680018,0
421034,-0.9044361363071749,0.06973355795180275,0
185499,-0.4079029267456633,0.0882192442966338,0
62037,0.016979718091228713,-0.31435877896286085,0
26707,-0.2938582550799283,0.7814288199271224,0
178229,2.0769999149940417,1.9234250800140236,0
265705,-0.291382600938015,0.2867238082947856,0
198494,-0.5475949629698341,-0.6782180021753296,0
373299,5.631991625297188,0.7757356261708975,1
836406,-0.5438774148009016,1.4230545722932295,0
160614,2.096099058886458,1.203683766603143,0
71973,-0.5230076131675458,-0.9883677123820499,0
803049,-0.6135589387655942,-0.4000136027524601,0
45679,-0.42784447673472825,0.1947132739600292,0
599915,-0.5568833338113133,-0.9164866766628305,0
352278,-0.469861183904483,-0.7180255868597444,0
458904,-0.18324877188090952,1.387249510198907,0
777380,0.2910454536993081,0.6741460394687678,0
841963,-0.49638226364830024,0.2770050088876919,0
488709,-0.47293686217488917,0.8300892991390083,0
360636,0.5485119540257319,0.4929457969250428,0
384369,-0.44418876206404256,1.7149871159500996,0
194703,-0.5137313819441011,-1.6954610376644637,0
186263,-0.1632644368751303,-0.15537143292620148,0
743972,0.1627997862408604,1.1488868487233366,0
768295,-0.6444749006827316,-0.2137027396697141,0
394961,0.07419665758971476,-0.23841645109546963,0
573358,0.025388953627957102,-1.2424953315712248,0
928830,-0.16609803785954455,-0.4810634321072818,0
852652,-0.5410055138615946,-0.07257140915879044,0
736363,-0.711805280465676,-1.3608399770304094,0
723093,-0.468260985970801,1.273426136544645,0
496376,-0.6321306349069867,-0.7056134866636079,0
189081,-0.306113653767855,-1.0201704357916896,0
829339,-0.03013984321270866,-0.6959370957814144,0
414039,-0.448316585245635,-0.030643905305030503,0
773850,-0.9394585775808085,0.7793021967779097,0
199528,-0.220161211266306,0.16149137969938623,0
532187,-0.5290496436809599,0.2793890033758811,0
920814,-0.13692042131534912,0.5235038946024326,0
935026,0.0566074582589825,1.2493364211662912,0
514450,-0.4032834214537583,1.1843470851115097,0
941566,0.9584230236176924,-0.09103921033360377,0
158993,-0.32169993559884713,0.008678399658046638,0
995279,-0.551641550469619,-0.23195209021154672,0
607357,-0.14438085947011778,0.682050577295812,0
567224,-0.6258980998237442,-0.953200290014838,0
924645,-0.4398368491297184,0.5308672115950805,0
120647,-0.6069450326323166,-0.5676361428695641,0
98151,-0.44171925913905985,1.0327543789025786,0
740316,-0.43513052803613056,0.3165371827358034,0
795487,-0.2935790443213318,1.2035213243801888,0
638309,-0.5380189362800669,0.5479174337027627,0
859619,-0.6911445622322956,0.9637250757902562,0
30321,-0.4557209714344906,-1.5078003995326363,0
622550,-0.5349407105815646,-0.04977302235272706,0
27964,-0.17113535534932978,0.5874848380473898,0
896188,-0.0213742000670224,-1.9726702362347908,0
528533,-0.20869063082361056,1.431794489694145,0
91198,-0.3584985736048434,1.1422060296000316,0
644428,-0.19866112379396444,-1.168180446791853,0
361513,-0.5773412425750429,-0.8311747944283603,0
705986,-0.6601791734034349,-0.8676050187277944,0
735053,-0.37320591175797657,0.3049811293656866,0
15921,-0.383928862874059,0.43053399954104393,0
871824,7.3690040555217555,-0.9243202991322076,1
346149,-0.21638075383830463,0.4115399591390411,0
597099,0.056214066911916445,1.469122863754703,0
306874,-0.25821522100284594,1.086195260074824,0
909953,2.709261300105964,-0.1702464457968488,0
950087,-0.2761876215480445,0.1086212761155817,0
759041,-0.4738247953178738,1.070120214292871,0
462526,0.046825605395013924,1.2489539507123901,0
662245,0.005557344335649097,-0.5495161345643176,0
696213,-0.751235507512734,-1.5841201199588273,0
141888,-0.15771964880709113,0.45344419547331144,0
604825,-0.7707005869679395,-0.5233529182969824,0
584243,-0.4779365838558166,0.5315834298967178,0
143249,-0.4059399929707866,0.8409654960959557,0
455702,-0.16953895044447198,0.9806148418351383,0
122339,-0.6592836041955907,-1.367704645633164,0
716009,-0.6103785512659069,-1.7054385061560722,0
653637,-0.6668063727638844,-1.1090228589636515,0
358748,-0.5074087172050639,1.085479597251032,0
974039,-0.590164026469414,-0.354492462690995,0
321780,-0.13826636233260767,0.07233963344129524,0
540479,-0.39268574921680904,1.01930894269145,0
751997,0.01392635977314931,-1.5342397178185834,0
183569,-0.6196823381054833,-0.4347872724858564,0
749754,-0.585520429941078,0.1933187599429795,0
568229,-0.48939625372103995,1.0427507184531588,0
119620,0.3721547605830106,0.9853364705592262,0
861635,-0.026085255020217937,1.1845966980695433,0
780382,-0.2094467412422775,-0.17748788625988152,0
252027,-0.5457084468961387,0.9294911452493537,0
394958,-0.38973140343889123,-0.2236517160905203,0
542973,1.1642763096357163,-1.2054871591972327,0
648862,2.6801758769052544,2.308886012670046,0
298013,-0.43552244447694954,0.9071539088439949,0
285676,-0.5888368612495741,-0.5740396455708292,0
961339,-0.4661396038638198,1.668220260229653,0
432372,-0.44746835079831027,0.35465832500354405,0
307799,-0.4492813293620044,1.265811593289404,0
373281,-0.9829166692248171,0.6059022105603135,0
648369,-0.6405933352102611,-1.2902671835532316,0
49624,-0.37503308935302354,2.056642799333084,0
330567,-0.5286996167060701,0.1438944496685755,0
580404,-0.11291631812241451,0.4354318954090263,0
148485,-0.6570102866829837,-1.3926790930809738,0
696240,-0.48707765222435107,0.9288421589791654,0
489114,-0.535680877817444,1.0877824523997401,0
964939,0.46977698153912256,1.029637079840912,0
352952,-0.4122260581352094,1.288881747825216,0
214218,-0.612228778273768,-1.6102067223736214,0
43275,-0.36208739255253636,1.5357312061256898,0
762640,-0.17380341886777592,0.6029088571196114,0
480990,0.5918779852736314,0.3075319076407138,0
125146,-0.41209625321302434,0.41441169565180236,0
655617,-0.5029025100657892,1.8986076436981287,0
522841,-0.41020293401449925,0.43973510571400953,0
696591,0.33144098205642314,1.5144544515875435,0
113388,-0.22515546653463805,-1.4279857875165993,0
590300,0.617126730970601,1.5019502412939973,0
696608,-0.5121225981387827,-0.49027878991794344,0
592288,2.2198152324278713,0.3814105992746419,0
340742,-0.6691222173469265,1.0603070902359533,0
184781,-0.4915847664568531,-0.3083815263667211,0
723571,0.5195958014854997,-0.06492427526199451,0
698253,-0.40071766150250315,-0.4417572239504167,0
948561,-0.26766637795018167,0.07098154535906898,0
487425,-0.6044530774313891,-0.5386332528929763,0
326076,-0.6114876023940675,-1.5863930341762282,0
778660,-0.5531370631503004,-0.2866341319782495,0
661040,-0.46443545886419774,0.9090023487841822,0
684661,1.5246124140334103,0.044430230541621846,0
13374,-0.5451772881763649,0.6430896259995266,0
995316,-0.5090252377766066,-1.0886683205875152,0
259362,-0.4804124841854321,0.9076532701191095,0
737971,-0.1793425128574698,1.6973538091657596,0
708092,-0.41021638283120354,0.15990754800147378,0
490878,-0.5903073780808653,-1.309272168464017,0
466440,-0.5056724356126803,0.5156354456827251,0
944952,-0.6741144959155705,-0.8413407419031996,0
719757,-0.3929481864780683,-1.5581993276483033,0
134217,-0.6460626329230306,-0.25806756453944013,0
145155,-0.4429769708395289,0.4520703424990511,0
527357,0.15625324230149334,-0.12436444311517302,0
652556,-0.6599569301921846,-1.6032932250667706,0
792578,-0.335125285275957,0.19039929287806906,0
965855,-0.23492864242136702,-0.5828493546060328,0
304683,-0.1172167286716469,1.0805464729032785,0
902073,-0.6276053693463786,-1.1241314153042734,0
602845,-0.46785948662294724,-1.8404870344624311,0
813897,-0.4074143199889122,1.0296548666937315,0
728236,-0.6621166501081852,-1.6083459297598037,0
630162,-0.584231472483722,-0.293569186709722,0
789556,-0.4462821322385173,-0.9073509905130676,0
762142,-0.5245606989013101,-0.24556211915369555,0
602328,0.15085743015276298,0.41121271835842305,0
858788,-0.568422304702372,-0.37297112979175634,0
385484,0.1547365649971425,-0.7407292500258669,0
474812,-0.43300387802400414,-0.2204239837841138,0
550034,0.3010369553376697,-0.8744139632415471,0
573559,-0.48173068613531145,0.5891591852313179,0
329039,-0.4792657381074702,0.8976809769068214,0
642789,-0.6409909662576007,0.17087380482774803,0
576650,-0.4232943919537597,-0.23360867995556406,0
578366,4.180535347619064,1.1949088849461758,0
857349,-0.5166426713493634,0.6416868965381202,0
284922,-0.20683591950120808,1.2539078781190007,0
13997,1.3456470006794712,-0.9922703007202267,0
501170,-0.6352086254787558,-0.013914521910560858,0
18043,-0.6065700546805667,-0.797446052573866,0
292259,0.17790357423009415,0.5465595990610569,0
3919,-0.4238308749758323,1.4150151300984304,0
14063,-0.45044788754666454,1.4949404080668005,0
817045,-0.543474339974703,0.4313790406488349,0
809182,-0.5955547188689548,-0.9867778671469641,0
403045,1.43400402898819,0.7280745201631883,0
627981,-0.5631363857242886,0.21012481081572099,0
384263,-0.5298520618432103,-0.4092287412917042,0
249055,-0.5455195714707303,1.1640114450420624,0
67299,-0.28730720488344014,-0.7176028518800597,0
339779,-0.33600532165051455,0.10945533160837177,0
853199,-0.5631050084317929,-1.2028602194390539,0
171974,-0.5440340917469366,0.634393381874302,0
330757,-1.0759686311530765,-1.1046776813052974,0
313680,-0.6443630278190173,-1.3950032584691694,0
81096,2.503174940776396,-2.098510194920223,0
82749,-0.5964796888678384,-1.6994741889850211,0
139687,-0.5151907585238295,1.2171060681212347,0
489620,-0.6049569834667894,-0.13450407454556762,0
506532,-0.4475353880749424,-0.45933809851277585,0
358724,-0.4818856364354425,-1.705874759721272,0
779455,-0.4940133099007434,-0.8031804419183867,0
633778,-0.5533273527463745,-0.7992972403399308,0
183514,-0.17154846487377765,-1.508428637479526,0
33225,-0.598908158258241,-0.6138316062976943,0
567096,-0.8063622559091259,-0.5498953200813824,0
819654,-0.08501999338558038,-1.0374033696259795,0
653120,-0.5998041910764921,-1.2365222621277536,0
182396,-0.6054680961760531,-1.3188195280628987,0
52403,-0.3169926574210302,1.2991987952065027,0
605878,-0.24886462356952688,-1.0880810094946793,0
505603,-0.7106152140868478,-1.0944186576644912,0
127889,-0.3404764136640411,0.8436846985257445,0
84895,-0.6502581558128726,-1.9515293480067122,0
58836,-0.07730500650843562,1.3187956210399872,0
510617,-0.5246358239770572,1.6879948024753693,0
217161,-0.5049813632123824,0.6116617702031967,0
751172,1.2065836140330006,0.34876342424265766,0
793422,-0.34373543541858215,1.1477522174023846,0
742365,-0.30002247812496746,-0.04424080818269722,0
423384,-0.3472319138168335,-0.6763492674826531,0
408081,-0.39751299874179824,-0.7461926566923153,0
151112,-0.5344456176607427,-1.2364772110290514,0
337358,-0.47990259329012896,-1.9217802878564143,0
512477,-0.36492758176002743,0.2894074736065713,0
273908,-0.13558319377641534,-1.8391651153704665,0
173547,0.11857082410722447,0.9209879070342203,0
763199,-0.12312395026344468,0.8820667080694982,0
474534,-0.49195838350031806,-0.978484548037635,0
96437,0.026140811490524503,-0.4111069030956966,0
456079,-0.5244609914785674,-1.5051432988027273,0
547704,-0.7001043024576709,-1.1785773530857546,0
138802,-0.43435852568837036,-0.12892160873503428,0
198506,0.7078080113989549,-0.3806705977074246,0
387673,-0.4815959729777527,0.9433759319916745,0
939606,-0.21002992838748952,0.06897204053197475,0
234037,-0.40649826077382784,-1.5596821629635076,0
785556,-0.5777010068576555,1.3144374958208906,0
254293,-0.45464954339012975,0.3614198370129658,0
780365,-0.5586827322333635,0.18239832420920155,0
363264,-0.26662605642661,0.6157664777519183,0
136060,-0.13605332291702113,0.8106191105035159,0
51565,-0.33592365336991675,-0.9575400497359569,0
8718,-0.40306501401817246,1.3544480828904568,0
835420,-0.6325028088829301,-0.6795889037115175,0
771750,-0.4920573388916681,-2.176163777030117,0
778959,-0.36330301720486347,-0.5728745941242165,0
864373,3.0210579293754263,1.3177766140038651,0
86460,-0.4967547481962843,1.2254519678407017,0
257327,-0.546255228446255,-0.591170568501649,0
130278,-0.08382277538049851,-0.5032914439132021,0
947557,-0.18821053785297034,1.443154807931761,0
182432,0.8824590979745598,-1.1749868010432434,0
92377,-0.1985230555582052,1.837173764784617,0
971066,0.4074405261356427,-2.0954519053854352,0
393609,-0.6062195969339782,-0.36325038768698775,0
105759,-0.5468976604694062,-0.3208510843466259,0
494035,0.042289642916493744,-0.3342283477760475,0
287575,-0.46485278291080123,-0.718100105619573,0
920624,-0.5444762269497591,0.10158359669935724,0
116593,-0.8121531975552184,-0.6007705777917999,0
924239,-0.5377061884151838,-0.41989370267673914,0
305341,-0.6976345564523091,-1.5019554885347088,0
57394,-0.28092375201120495,1.0012640783349227,0
467428,-0.0881283283318157,0.4580850150150256,0
752404,-0.4310317794699878,0.2275817583807333,0
999561,-0.4265327917625059,0.9457369998551907,0
340826,-0.40092201113204645,-0.014665305175884142,0
37916,-0.31359715250681663,0.028510058246751405,0
681606,0.7180533880714687,-0.16262435213618226,0
585985,-0.4891482524501527,1.9312202333001922,0
918231,-0.7059938001557224,-0.8367903467538451,0
806085,-0.06582471879716717,1.1183774531901927,0
717037,0.03605833150989893,0.8080729608703016,0
649113,-0.4535080139700913,0.8726882296998167,0
455035,-0.6259423030060705,-0.4828109472628319,0
166474,-0.26111460075179965,0.9482114870025309,0
646513,0.25082233166614654,-1.4834550614904847,0
337831,-0.6067012320909126,0.2108854926278607,0
30376,-0.5146635377251753,1.0656295386483257,0
64291,2.631427953497385,0.6802940306103874,0
405716,-0.6516285412552238,0.2710280150890962,0
139428,-0.4070615529720973,1.3180259551338633,0
507443,-0.5616384230296049,-1.131647343758578,0
132694,-0.3684244844028406,0.8032129222497163,0
936792,-0.3137700859797522,1.4232832641960096,0
513269,-0.5744042948460555,1.1140671779289184,0
742337,-0.3196594284813721,-0.7189388414836333,0
721136,-0.5061593177425099,-1.0771521997369544,0
751314,2.0370869027046017,1.0057425726656561,0
166878,-0.30133423959771466,-1.2338704696896003,0
23286,-0.1757144117548727,0.9161238812698663,0
510045,-0.4314618201083194,1.3207832104871122,0
253944,-0.16528049618153232,-0.09461266807201471,0
903554,-0.4455405140445862,0.23895036769789144,0
166605,-0.6402477931284825,-1.1932117564374347,0
158684,-0.4393327388974155,0.3271933681532018,0
395979,-0.37206482712160016,1.340140981512596,0
9955,-0.6296256958903024,-1.224660255084906,0
855215,0.3475095892153487,0.024632022046919347,0
630092,0.9399573634674137,-0.3887580333550296,0
761264,0.48502194821545547,-0.7649858256328169,0
108150,-0.6353746880766385,-1.7105532585035386,0
349139,-0.5113051377079229,-0.05135458936042016,0
987781,-0.24078548608206538,1.8332105236743697,0
804755,1.7508923273240937,-0.00014303327654020194,0
332469,-0.1968384327852763,-0.127176106574354,0
629265,-0.5399073580087926,0.4934365530239633,0
566364,-0.38159425575951617,-0.433313175591641,0
577930,-0.6262913977809788,-1.7935661109950558,0
1711,-0.6319384757581507,-1.5989433777484947,0
499235,-0.9225813570333535,-0.2244425048633019,0
43755,-0.22267505435903756,1.4311870012899732,0
738691,-0.5718745352211847,-0.4221331181481206,0
521181,-0.5271264777743069,-0.8648655629279823,0
906539,-0.5597166032398411,-0.29720868985761234,0
988205,1.8338720708925274,1.0661213850267126,0
671355,2.9418771736866245,0.27517519800215323,0
964598,-0.452325366393437,-0.17623305029903238,0
917989,-0.5129117141568726,0.9995458860805425,0
370959,15.237863960656606,-1.297878541164703,1
277801,-0.5142813127137803,0.6720540667235256,0
775109,0.5985261403711966,0.0589639496724943,0
133718,-0.5378005609703108,-0.48343812396027425,0
3727,15.259630413081224,-0.999689143283457,1
107757,-0.3843167572165025,-0.27911211239100664,0
804835,-0.5526590318430072,-0.4150457345315914,0
329182,-0.6976435704287437,-0.8998024833728372,0
934075,-0.6100866024901693,-0.9786015924626147,0
510677,-0.5227367312088772,-0.29190651216421554,0
949429,-0.3635453322758162,-0.05614004341564676,0
204140,0.5587893347981787,0.44018826235242353,0
185914,-0.4772326462412282,0.25067355514537965,0
942742,-0.5000091914527579,0.23720360500349577,0
892519,-0.6016031566316312,-0.8577040752056266,0
324915,-0.5673683195939541,-0.0592031915194029,0
840746,-0.20832767591980705,1.3000205566400926,0
583341,-0.5538047303993481,-0.18221432180491431,0
245762,-0.610617286326869,-0.01541782107158901,0
863831,-0.5096995236860198,-0.7930457371528952,0
241722,-0.5076218230169038,-0.2105706409791475,0
590348,-0.6548291566598667,-1.3579243366126754,0
542039,-0.5437967920371602,0.48701691374413975,0
980220,-0.5904347684058315,0.8108661256153405,0
200079,-0.461214555504129,0.11842638479058328,0
67080,-0.2184015104742982,-0.574011598054786,0
630215,-0.5138605883452957,0.33179203487067643,0
651873,6.437681213676776,-2.0655454162941194,1
171563,9.927831119770225,1.1603306081414682,1
606024,-0.4847266936969602,0.24439191779103617,0
446194,0.6214806691865508,0.6674287373860764,0
31481,0.14115568871039003,-1.162205940992607,0
14931,0.5443268112259384,-1.3887603178050263,0
913466,-0.4682352234221902,-0.014070209893680017,0
940969,0.2303674210704623,-0.3776769707567221,0
337638,-0.3257493648258483,1.6518290650713263,0
23674,-0.5475628935778724,0.20620616905270242,0
720398,-0.566724531941563,-1.522865848768644,0
60541,-0.1609797566841546,0.6793063784713397,0
422426,0.10806146064445751,1.2734236495630087,0
178035,-0.49601542625479306,0.2560445027710515,0
318065,-0.36193391625145477,0.5221655013192765,0
960457,-0.12184689546342137,0.43813044933990103,0
597280,-0.35283794788296813,0.8176610075220034,0
240652,-0.48277355809422634,0.9313214258554285,0
860509,-0.5938794868251279,0.07841934467294184,0
10465,-0.5051026088005633,1.0265082182356524,0
880165,0.10299775690832018,0.38609543874542823,0
250557,-0.2830909326827001,0.5541050424739968,0
324044,-0.4480351080763279,-0.9195010524934626,0
399197,-0.21094230027444136,0.32477767884743863,0
196808,-0.47496165447694294,1.49576968892357,0
221877,-0.5527782718867033,0.9726719680929878,0
660824,-0.5307345517966499,-0.9093270325724282,0
452448,-0.6741211504412342,-1.4999789722665622,0
90152,-0.6550948821424858,-1.5443610917191435,0
144139,-0.28247458224966393,-0.06230782518191193,0
979593,-0.26646970138402676,-0.8170674074772875,0
870290,0.3063589397931964,-0.15596282583789733,0
842883,-0.6921231591931992,-1.5985763664223498,0
114136,1.3804844328387076,0.7762701748029907,0
52414,-0.6023613271773095,-0.05682203589077178,0
904744,3.6914320843358435,-0.9096476828641995,0
407528,-0.4532360498346197,0.4753168421385234,0
782232,-0.6147134694729,-0.5721502050694661,0
622143,-0.37339923816953974,-1.295499280568016,0
12974,-0.47402330604080917,1.2498877901436136,0
877531,-0.48366065489725496,0.672597449578023,0
272356,-0.4525598853138277,0.9319211199224552,0
113373,-0.8917867632267298,1.3529299003969393,0
122582,-0.5883626364581909,-0.9315525463943695,0
812445,0.4037322093001996,-0.6554796500663844,0
860003,-0.5547114038767953,-0.42212806140848835,0
943203,0.02342572719383966,1.1751659429487682,0
167490,7.2130281552177316,-2.491653470166058,1
961315,-0.5240808832867437,0.9145299820868454,0
647360,0.15501406081937355,0.8034689566420824,0
931205,-0.5566227589191723,-0.5560596470383216,0
23683,-0.3069811735065735,1.6112640374358682,0
848534,-0.5464401988288329,-0.36549927871671717,0
751502,-0.3957363738810439,0.687891852187325,0
481860,-0.4271050291093909,0.05609832993558526,0
23952,-0.3808121750755243,1.4261619847557936,0
378209,-0.34031276460609244,0.19608627949660795,0
868698,0.13230347557187008,0.19067761178126227,0
546942,-0.9553631763926931,-0.058031464143792406,0
901729,-1.0929608454257096,-0.41439530093218674,0
321779,-0.6705476341691763,-1.3222757703506398,0
971149,-0.7482196551622182,0.900671922249819,0
61677,0.0585353174184494,-0.3239606931124924,0
169483,-0.5450953529853122,-1.6875501729677733,0
674943,-0.5420462766763475,-0.974547159653498,0
416509,-0.46555391917202454,0.8494160475096709,0
712239,0.2059089331059225,-2.1326142400811086,0
92084,0.2504896610942478,-0.021928089680371205,0
113068,-0.6134222777248683,-0.6832672841767192,0
960561,-0.5199506027703809,0.36349964328582823,0
168064,-0.3107273787031275,-0.20806829468963794,0
18093,-0.16964056302002037,0.48169745297199795,0
868206,0.518343874933253,0.7916938171650225,0
980295,-0.4742748626039171,0.8410890796897939,0
865261,-0.3272836115069358,0.5772097510473881,0
396639,-0.5525277123599353,-1.4084061236767027,0
293541,0.11287859938762754,-3.150104607243136,0
96512,-0.29053742023470325,0.9650694302935795,0
131553,-0.5290009692352091,-0.9724117377170586,0
678827,-0.634169523500616,-0.7763691860326876,0
313600,-0.5928530026217347,-0.6359459025971935,0
853785,-0.4919242768438334,0.405318841438443,0
155553,-0.2460528624791168,1.620419327286324,0
672359,-0.4586195529892903,-0.6782028091905505,0
661483,-0.15630720210054258,0.23859665801997376,0
173512,-0.04474271374844852,1.256167408510392,0
993153,-0.6021456409965985,-0.8201084883406885,0
817323,-0.45582652722843603,-1.002804544490946,0
74397,0.6658336765839177,0.991074301453647,0
33381,0.5832084054943844,1.7216145934450153,0
131915,-0.36994700320668683,1.3373543803104655,0
921166,-0.8815471100814827,1.4825660821027558,0
191116,-0.5156131943345106,0.7313899007318749,0
169123,-0.5831497339466071,-0.4461863372270831,0
58471,-0.5280924698321537,-1.0992183214179472,0
164672,-0.583751414549743,0.3379621946703776,0
407892,-0.6354047485296099,-0.983317354493959,0
224871,1.2637868193204314,0.13732169679830145,0
715677,-0.5260136137042558,1.2217972589426498,0
179130,-0.13442381417425128,1.5804535912420383,0
390434,-0.4756596659661204,-0.8298308537360674,0
4417,-0.6621136295498229,0.48093233296245036,0
250210,-0.4656930645287166,1.1641994044849548,0
332271,-0.596314155034905,-1.1857451260916294,0
476291,-0.31334559579348903,0.7580458216736866,0
863785,-0.834410409423664,0.8408257447547307,0
982816,-0.12731113783928763,0.6768617418247057,0
590888,1.4828794419407199,1.239547573185562,0
532311,0.6146618338087804,0.7380882691988552,0
160878,0.21377473765659835,-0.4954400114013664,0
203287,0.34925590175167026,2.0078146264461116,0
489241,-0.8650814777735313,0.8030479326225044,0
186090,-0.9834638361203335,0.40779127045711583,0
807089,-0.4923156210482751,0.5583862849992038,0
977289,-0.43124676667219725,-0.043975673663929876,0
16248,-0.04700638013563171,-0.02553097235588498,0
947798,-0.5397231267931675,0.22464848080084046,0
799218,-0.34743629503414564,-0.6779987831357333,0
12285,0.4835034320256548,0.612592416697977,0
148418,0.09557613832077151,0.7202175127106561,0
547780,0.08706129082313699,-0.7083273819933089,0
740547,-0.5689757023173805,0.6530144246054164,0
977553,-0.04979475369790556,-0.9785374136698493,0
507951,-0.42778661502985976,0.7962672498472065,0
689412,-1.0839744997406175,-0.7152770334228264,0
311168,-0.4653425156186055,-0.007203847464170818,0
615316,-0.49945943870120474,-0.35165089131333843,0
625493,-0.3578674698040678,0.6392088072839747,0
913276,-0.42705371125850505,-0.2686866725613497,0
575895,-0.5899201405085205,-0.984722224256596,0
194277,-0.5484299687244475,0.3858241154000285,0
173033,6.043319956908854,-1.4278991502011504,1
398058,-0.5707366387144107,-1.9759156767825332,0
804525,-0.5712574864897646,0.3800641825896334,0
512406,-0.22394157724236172,1.7447845366902437,0
765525,0.01786767745045742,1.5345033087652775,0
334866,-0.43968149057344297,-1.154207150417324,0
381824,-0.6847270384756579,-1.7782559821590114,0
311454,-0.47779482577833127,1.5976462541107097,0
340737,-0.3854805475968635,0.9978205821389966,0
259313,-0.5126076151562071,-0.29362617241236755,0
386319,2.7110095511866232,-1.3838770730863443,0
21426,-1.0072917099369536,0.008292556473731044,0
328674,-0.6795790290520419,-1.3059864683642406,0
931748,-0.46828487727409235,0.07987477763101027,0
964907,-0.5000058488088767,-0.017734443111979904,0
631382,-0.7206477896672866,-1.2981822138268246,0
460438,-0.33123534362617063,2.026583795086597,0
181147,0.07114893962923471,1.471234559902043,0
73341,-0.4233106012895122,1.238389024843904,0
379912,0.21057969696151363,-0.6285331957044021,0
311893,-0.3807636554443463,-0.02138931654235312,0
300349,-0.5424823180771414,0.23397730046929885,0
695225,-0.4324278163814716,0.2871974584868252,0
999030,-0.5107908566574468,-0.5268477489225996,0
202052,-0.643042507976578,-0.9619483698888249,0
686066,-0.2586679483185469,1.8040054991185404,0
757599,-1.0465959564081033,0.9253145041724781,0
802211,-0.5444288796699454,-0.9906965239110462,0
852975,-0.2773266622881127,1.0165065305542773,0
416778,0.1702830394859775,0.7976046816655636,0
821317,0.27103263523490734,0.7401016363190303,0
144346,-0.46903069472718106,0.2922497379283697,0
875800,-0.5925205371158939,0.6649644593709657,0
509246,-0.5635780195385364,0.41416194819497265,0
602960,-0.3781042284516359,-0.26956823403501945,0
126000,-0.013598703535205411,-0.4852123687086022,0
251186,-0.9003444042927649,-0.5876751026254687,0
974747,0.9669768303938271,0.4968552937943135,0
312460,-0.5104780644440661,1.1252814019736883,0
323915,-0.5328293180316146,0.6307231945132239,0
765187,-0.5435518093523886,0.8072617002794225,0
327738,-0.49745924851780376,0.7587947282380918,0
602682,-0.03928797673496689,0.6591945094910142,0
784383,-0.7460080387268301,1.6713395785677707,0
16081,0.3802859371343985,1.355026668980581,0
730354,-0.36612766922501205,-0.2014540508664544,0
949855,-0.6924896837347442,-0.9107431955185098,0
73226,-0.47044782888327547,-1.6957239078796267,0
244782,-0.7479611703427592,1.2750326654764017,0
945334,-0.7198787321339893,1.4939462349708752,0
833380,-0.8137730928614613,1.2783516688764256,0
920541,-0.42709641249551494,0.30270849730392657,0
227345,-0.6574794396251389,0.7100077162986255,0
732667,-0.020709465497082937,-0.5130975085162427,0
101955,0.4584888796572733,-1.0784338898953045,0
43142,0.5597557456387382,1.205424916124754,0
201004,-0.11645445496315068,0.4315962326491696,0
403987,-0.4138008299550549,0.5978729644024386,0
663942,-0.4357059292403727,1.640013974416203,0
990415,-0.6557953726625392,-0.7357289589791535,0
734472,-0.5050418861361847,1.2557271090341577,0
49199,-0.1812171123915713,1.0615560190370583,0
456378,-0.3248030724705844,-0.7210111029020309,0
487132,-0.24663561710362678,0.045207564064336916,0
687421,0.0567860664712805,-0.6121780689242043,0
784893,-0.5112975889495417,1.4518108423400724,0
213328,-0.4997596325964031,0.7856303282324089,0
723029,12.41018415164635,-3.7633564626703735,1
563590,-0.5585255531033977,-0.06139062538763741,0
984260,-0.19836932210106256,-0.2504870604112657,0
887155,-0.3257065361795045,-0.10583167458456878,0
623329,-0.6263307457111179,-1.1819244089875092,0
485312,-0.44671025156227223,-0.22889850589492572,0
880550,-0.5827119053131101,-0.36646610063899443,0
236212,-0.610471086396438,-0.9223308370297928,0
559363,-0.19897152971077015,1.2012996637408624,0
724745,0.4305495224946595,0.42172447688732545,0
141117,-0.3878247858549529,0.43315963765825427,0
501231,4.118442742053334,1.4292410820028263,0
942088,-0.47052157560357755,-0.8691207618768442,0
479254,-0.40577375090972967,-1.0098079275874738,0
631639,-0.1469459104042394,-0.18701871585466237,0
273193,-0.26538019024369947,1.3374409936085934,0
593968,-0.5087822496091855,-0.1901966197911874,0
949906,-0.2015883902540803,0.23906218179994945,0
686751,-0.5039180621736256,-0.6478297431026938,0
389129,-0.42431807254705034,-0.5152042027711355,0
567203,-0.5236432238774781,-0.6217453654516363,0
599607,-0.6260880767335394,-1.1734838311194622,0
897248,-0.34857619952727925,1.1894752537577389,0
275735,17.91987812203712,1.642003183386152,1
107321,-0.5267237990996397,0.31246227752202727,0
47423,-0.4546123725328156,-0.18075084443062736,0
83048,0.47793513250911895,-0.7953245202077938,0
249923,-0.5988362219044777,-1.0626907893166329,0
762884,-0.29954796173466613,-0.13748198945159792,0
456903,0.5048209385705971,0.7927740983221232,0
257529,-0.39208101347054586,0.6836507321616859,0
100489,-0.5219870588529316,0.07188327448104756,0
184041,5.037598426013766,0.22500365753825569,0
41378,-0.6289602645193912,-0.9935513255021214,0
310043,-0.26098885276707084,-2.069819295568567,0
890815,-0.44440309622648627,-0.03463333674545578,0
283768,-0.6882305945653724,-0.8226953835917975,0
941994,-0.5952376245196843,-0.9459221529304412,0
777195,-0.6687416559598772,-1.3796229394515835,0
508511,-0.14462757882165597,1.1429656434671904,0
233568,-0.4917405173323125,-0.15572021646804232,0
319645,-0.31229880651161357,-0.22436408993308443,0
82894,-0.5359905797034057,0.9527051841881633,0
999593,0.1559774861251569,-0.293326965856256,0
693141,-0.5543400568845844,0.4434161389061351,0
526748,-0.49969824411752906,-0.6130697458373118,0
748708,-0.5860442764009591,-0.7549003402714266,0
580446,-0.39541238564054204,-1.2151671758200215,0
285417,-0.6641120543005323,-1.232004797384096,0
955530,-0.4937518411576626,0.5947008075763119,0
202064,1.2191505264749154,-1.0981630261300102,0
920590,0.44478224422529106,1.4836570793163104,0
861311,-0.5949564884239104,0.4960356311492573,0
51620,-0.45440227089594837,-1.443557102116376,0
716635,-0.6219447960951208,-0.17341562390311968,0
793762,-0.4653048736185543,0.8564030818623689,0
56319,-0.5289596908179,-0.6593328744241256,0
4899,-0.5897446067872858,0.48099712030642106,0
75777,7.740193600231591,-0.7410824564320115,1
658138,3.1984646419256024,-1.9198894437097342,0
387912,-0.43148395524632016,0.7401233037545094,0
30982,0.012781850299572184,0.03624089514530542,0
982472,-0.5883655410266289,-0.32060055057561093,0
411756,-0.3370204560319253,1.3249553307622233,0
602384,-0.4691950392722595,0.7223312563093184,0
653726,0.7937763446562667,1.2118702538528032,0
182323,-0.22826439028207735,-0.41381705949113395,0
997168,-0.6081388378441377,-0.7454171313477505,0
632304,-0.5496786616802053,1.1993437640535622,0
796041,2.395361170865456,0.41167856572995454,0
663732,-0.44278583291309453,-0.2647557965351668,0
358247,-0.22995591051189834,0.09222354550025678,0
439056,-0.37473792979198156,1.189825322167792,0
91890,-0.07407967650404369,0.8103960078317328,0
128052,-0.3141853804615838,0.34567539754110543,0
422041,-0.5171709068649782,-1.0864617465337048,0
617718,-0.4457470025563483,-1.7698691247811202,0
882363,-0.7946461677972565,0.2838854186870519,0
395037,-0.4580185434750921,-0.5912916769826838,0
426624,-0.33729144347206924,0.604530332802009,0
461163,-0.2975776678293307,1.009891383788814,0
912352,-0.31343517189188946,0.585988240976114,0
904783,-0.26811726477005166,1.0872549019980609,0
228565,-0.43406041798616857,-0.002229791136876976,0
56418,-0.5218505629373462,1.1346149684025522,0
82034,-0.19236677949588452,0.9496573738729089,0
104236,-0.3548986887231532,-0.2085954838195808,0
125787,-0.2692469126215467,-0.3025797882738512,0
587548,-0.5842710563940986,-0.4870777383604225,0
294290,-0.49257975039787805,-0.8557601281223586,0
597965,-1.0535669518270099,-0.8796147627133972,0
500047,0.35153993367322556,1.9949581803641783,0
431464,0.192273014168753,1.502581356821644,0
32827,1.440449576204115,-1.8437732780404317,0
832557,-0.08037175068538302,-0.6533658823228214,0
399338,-0.12769385178193762,0.6911705044900041,0
870471,0.13497664570464268,0.8666685261389002,0
301048,-0.3985813185771602,-0.06030937707544231,0
185382,-0.23558167447860268,0.6638878338299083,0
413555,-0.49543565309967785,-1.1172233702999155,0
330236,-0.5803460272864598,-1.643540712199042,0
738782,-0.3323621220413742,-0.06380882964282115,0
19610,0.23379653957684632,0.5869705668456084,0
671362,-0.45003055958210153,-0.5521155442713978,0
280532,-0.44061562588374853,-0.12427118317687631,0
848988,-0.1865605484306782,0.9536728252231879,0
192367,-0.3662837447971221,0.7091975051593292,0
568761,-0.45821687488619417,1.4068398290581987,0
801373,-0.6144637746232435,-0.21481334337183178,0
461962,-0.34414689996716513,-0.43087707293322947,0
173516,-0.6880029862204442,-1.3812343309337394,0
482672,0.40283066138024604,-0.8203251784990079,0
284000,-0.5268736404857776,1.4408298522694254,0
640055,-0.5709069560218236,-0.5430314198725757,0
719551,-0.585907718312292,-1.335741425930914,0
587409,0.5333699078623975,1.3951680771617045,0
620176,-0.14307637975933568,0.5698536291982199,0
333677,-0.4347061310909712,0.2377366824522877,0
816030,-0.5483572458891659,-0.12503128392577365,0
797882,-0.4946827107151275,-1.603781292621154,0
597553,-0.4834076926682611,-0.11775991337635872,0
390351,-0.6069964169212184,-0.9709166688307515,0
505381,-0.5410152529815148,-0.00916545473725622,0
437249,-0.5192876112778415,0.24501803174095835,0
756451,-0.9915824862588314,-0.8172954322093077,0
469958,-0.4206078721161494,1.963616402648089,0
31742,4.9870216396157065,0.566462722380339,0
655983,1.0313041919333414,-0.8310275675790809,0
60913,-0.30800051625648794,0.8629395550872055,0
644498,0.2519471213488065,0.034460936980902815,0
117691,-0.5201808580962208,-0.9636800332457256,0
1239,-0.3865098250842072,0.749494705910797,0
697339,-0.5811417527823511,-0.7207917593996592,0
755121,-0.4306772866498996,-0.40230877104776697,0
977501,-0.46118018335234445,1.1730145664710707,0
970137,0.2727237880278338,0.9256164021767104,0
212251,-0.635124383932581,0.08178024727392322,0
137307,0.319554492704475,0.2618006148484529,0
887312,-0.44397779888236744,0.5279029251992644,0
659640,-0.8322512411864031,1.7614280368516186,0
751169,-0.1460509690645196,0.016513015363107775,0
561975,-0.2747779699691352,0.9280676324255915,0
696232,-0.480284747472228,0.3675921484805838,0
991352,-0.6184783138236258,-1.1361355087903577,0
523263,-0.5381351276437322,-1.3191437580255128,0
110339,2.183942614776299,1.1856093114384534,0
392358,8.288974999727563,0.6011304652283521,1
698919,-0.21995271231615623,0.4455090224527546,0
929486,-0.442429508595828,0.4152190924999884,0
33201,0.12298102413519886,-1.6297688829559724,0
641022,-0.38293504290953656,-1.3172082143539943,0
815747,-0.40751004916434685,0.8635846226368716,0
118843,-0.23151616480833034,0.8696921308086222,0
340025,-0.42866403900158423,-2.7448361691103003,0
914889,-0.45859147160722213,-0.9539378736120421,0
773173,-0.43815405539058233,0.6537122232707637,0
201232,-0.41403824784520404,1.015574925606118,0
855308,12.085700955307217,0.31372079859049534,1
953332,-0.4305666192587419,-0.18721598136997808,0
834662,-0.5726848967822701,-0.975400790643039,0
552548,-0.6372047774123663,-1.7720659550760587,0
302267,-0.4817869515497109,1.042433487270782,0
454553,2.4967867171358074,-0.710983054660491,0
441910,-0.7144037904213695,-1.3252281784554258,0
354859,-0.4328796262434352,0.8848271505937254,0
516706,1.3103421667446127,-0.1668196575575203,0
556875,-1.0874133181864272,-0.6608869152882497,0
688932,-0.483697787244229,-1.547089549336442,0
318942,-0.6655713133856889,-0.9093718374520753,0
457102,-1.0274124611744662,0.2836644395639336,0
129819,-0.6708163016968787,-0.37569733242857,0
451080,-0.6363843356268573,0.028003043524318864,0
159356,-0.22233684419181837,-0.759797375942488,0
920176,2.23497056115465,-0.531223617463136,0
654625,-0.48601378975136666,0.5623858671285217,0
671926,-0.6903372050924174,-1.4748513580068514,0
177138,-1.075897509037901,-0.3558324602593158,0
610459,-0.10865325375149201,-0.9429212044157933,0
894679,-0.3203482717708419,1.4941526029620809,0
929225,-0.8754415239965796,0.9545653629196005,0
17647,2.6078687054330394,-0.1470703138519608,0
96998,-0.5606615695081402,-0.22849321698991237,0
597586,-0.7006122444691604,-0.8096002813329339,0
367837,0.29243657098290854,-0.798429024503658,0
896828,-0.6004323236650416,-1.6097699664255944,0
2363,-0.6160484543563307,1.5331444292396514,0
235880,-0.788704058451869,0.9025443197668767,0
917,-0.2316058935859772,-0.9868025037169952,0
887065,-0.41579534750009156,-0.6107795159059332,0
960537,-0.3548488156771388,-0.7949117127986723,0
242023,-0.38161994846922337,-0.35354051006548454,0
79,-0.4217473230402007,0.6691913707227901,0
964629,-0.149901526873542,-0.9972761592689244,0
739482,-0.5513851711741176,-1.4842846329319228,0
828826,-0.22442861820492474,-1.6059282993833102,0
487125,-0.37559165443469844,-0.541973070472381,0
351345,-0.4596675562789545,0.751694595190063,0
328601,0.5881133879766779,0.8894645848216299,0
803977,-0.4514628820583891,0.9517305183873517,0
934289,0.1780535241560528,0.7483738359166519,0
468411,-0.5514426165052689,-0.24878663625892988,0
504627,-0.5077415101716218,-0.0974929971604657,0
878974,2.7614912623565324,-1.6980109126979683,0
620299,-0.5184721828672585,1.5160251870596468,0
572617,-0.36855210055805776,-1.2393117152435686,0
4730,-0.26109623915963365,-0.3546469316536065,0
684251,0.3516272998458917,-0.9052303307977945,0
18374,-0.18806661757793974,1.1998757045237225,0
284415,0.11306065322665967,0.32499599148812547,0
510306,-0.4851986091455579,-1.2862431238322332,0
428731,-0.2864910930045668,1.2383867261860237,0
750651,-0.09248403897053396,0.00498981890490981,0
147157,-0.45451791309405043,1.5098382137245423,0
625675,-0.5891167210985183,-1.188204655137608,0
549275,-0.651504454029142,-0.5974049165178699,0
541131,-0.20756819028012785,0.032938712619709924,0
811162,-0.5324826745756673,1.7837715665368825,0
427874,-0.45050715086097665,0.47842506851163963,0
508394,0.0635971751465982,1.7852626669994702,0
413324,-0.5355325855110568,1.1185661974935555,0
212179,-0.4746749907652864,0.7597242428601806,0
467407,-0.43491027227374374,1.2265752936864414,0
859499,-0.3685441918646785,-1.4834088679575985,0
219805,-0.1568802789237899,-0.7841237438183848,0
245875,1.6597709667815912,0.7820658951551943,0
87947,-0.5686788553091218,-0.5155513011974077,0
17238,-0.5102698024828628,-0.6796573109889533,0
413235,0.8787413799171682,1.0505595470077032,0
964802,-0.544390701785884,-0.10730201170998784,0
231026,-0.37751777023204514,0.3636620711151929,0
43531,6.84587284129546,-0.8546644811157519,1
135121,-0.5024029837930815,0.11674710593702685,0
386100,-1.055836960483529,-0.22418709091500214,0
328850,-0.5617488920979704,0.3766710683920408,0
93743,0.036572683261260175,0.03619253948390649,0
235821,-0.5926742437915001,-0.09450484029215418,0
169480,15.777561108642999,2.3208769811135017,1
450823,0.007972874525213574,-1.314923237954201,0
407986,-0.9574297304778365,0.06621907022352776,0
678240,-0.47409031689291364,1.116717501913345,0
737328,-0.3977742400481869,-1.6743148992527805,0
735918,-0.3487456715264549,0.8474161660264121,0
345839,-0.5284698636292017,-0.9084652920626894,0
940617,-0.3501626578071699,0.7648554461926608,0
463911,0.007016340141564375,0.1738383142079567,0
937174,-0.24905447331293473,-1.3726786701501332,0
784150,-0.6074324078458583,-1.717916869633033,0
16488,-0.47103353414277044,1.7000349879246803,0
1173,-0.46592718733248323,0.5623411030165979,0
113342,-0.6432736470023536,-0.8910092931315617,0
118210,-0.3033675225837258,0.8750616306592964,0
29783,-0.6637339981820064,-1.4728492940423188,0
841873,-0.38195612788645034,1.0761934315397765,0
150875,-0.5444980762613016,-1.32357831368403,0
531516,-0.3112873723505066,-2.348375484316709,0
302244,-0.5724276402572473,-0.534203284523168,0
849696,-0.48591178190701884,-0.3375904968024126,0
321777,-1.038084886517277,-0.4724628389031017,0
49983,-0.21482964829859938,-0.959466040837406,0
758445,-0.43266017463610923,-0.38772561221587193,0
154450,-0.5502722155749951,-1.256874607239332,0
914399,-0.5538848824547506,-1.0989709488395774,0
189054,-0.5897662871717299,0.8244141354724239,0
47978,1.6587809297106535,0.9416546144923675,0
600786,-0.4844256533746575,0.1163158968867672,0
67401,-0.10758689354439468,0.29405788579958464,0
514965,-0.32539079239665564,-0.656620938513027,0
296517,9.032550907537138,0.010201287177283611,1
612790,1.4261545188035611,-1.4331676813468937,0
878808,-0.4226457934921198,1.5353295836055603,0
318893,-0.19288895671736941,1.1520926460893,0
995388,-0.513648998182429,-0.3676918563575649,0
937868,-0.3877574610278864,1.7488653692024945,0
356068,-0.5394580348707377,-1.235538719751179,0
658288,-0.48012632465013727,-0.5854205058750278,0
818730,-0.4991467310514795,0.9595561737523969,0
141862,-0.10559208555022989,-1.7239481133104113,0
813499,-0.09181077780352456,-1.1413344379878407,0
181649,-0.4718628783518627,-0.09196884613377433,0
511498,-0.39398484737089173,0.6801020734060825,0
262607,-0.28407245120984526,1.1048548698910992,0
288017,-0.8998796545877196,2.2535425599518724,0
751296,-0.564154819830424,-1.2038598241806127,0
713616,-0.9508268565511342,-0.6760916713358569,0
565423,-0.5177758676564109,-0.5405792542497163,0
873769,-0.28392735750974907,-0.13425243568034434,0
919744,-0.6751817838460733,-0.9015678076328225,0
41622,-0.18706458471951518,0.8836349853576808,0
330652,-0.45564545914980703,-1.3488277409896199,0
264836,-0.5662046809514539,-0.2290743407070188,0
562204,-0.6501848224332452,-0.9644042953979063,0
75431,1.4225791927885818,1.896936157662377,0
484377,1.342596540458024,1.2183636080417573,0
417494,11.818312659264278,-0.6033080720061713,1
237445,-0.48280232900988174,0.2617203453675756,0
908757,-0.1953257915402053,0.6981536924495857,0
881262,-0.4575335036924977,-1.2925845157327196,0
923503,1.4560061775259354,0.08917203958180717,0
748856,1.470493641238656,-1.3047931572521707,0
528004,-0.4901723735193583,1.2901111422065903,0
476879,-0.3617364865801352,1.5095308258293652,0
207069,-0.4349124532926564,0.3748419691858787,0
447841,10.817604350184622,2.3163873468877316,1
845784,0.4451728265301479,0.16756470175644728,0
678061,-0.32337720743211174,0.7430692978288527,0
844811,9.115274958392744,-2.4571890316990483,1
812327,-0.6236368245286033,-0.6612150564620485,0
745285,-0.6012660957308282,-0.03844061544316256,0
526678,1.5640914932865797,0.8662917602940339,0
628875,-0.9508525740825352,1.367132800575702,0
419221,-0.6119194172796535,-0.7567133280201905,0
804400,-0.6323632136660018,-1.950538208234923,0
168985,-0.44543641105232756,1.1080930634706767,0
310671,-0.5574894985679812,-0.6400960723757495,0
824869,-0.5927642809697503,-0.9109404910777779,0
91489,-0.35118786074648684,1.2726357728453814,0
772978,-0.6408085242321023,0.1279406045011276,0
728183,-0.3305225031840183,0.8931629499683041,0
165480,-0.2575614091764055,0.5816781277257969,0
698335,-0.4138362421840622,1.2490067566081386,0
884149,-0.2447572101623249,0.7946492769402151,0
860372,0.13396080967646776,1.3973650626059213,0
718165,-0.9053027014738947,1.0695995049473197,0
537218,-0.17272764090551554,-0.8288263581977457,0
751677,-0.5177458199135592,-0.6742900729094025,0
871580,-0.6707660863018028,-1.3811817079311217,0
194048,-0.0783732826170166,0.42786036077134093,0
409240,-0.6430275874755422,0.10405537172470575,0
658427,0.037493188945978424,-0.7951217321814555,0
997097,-0.3309196344780195,0.5205643766881001,0
902175,7.698432676692907,-0.5138932922125794,1
145027,-0.6392252129976044,-1.4433185819085377,0
30752,-0.557051083908641,0.23490432388637425,0
820974,0.7924196906394502,-1.1660401260487374,0
743302,-0.6632338870159686,-1.5059213813969492,0
894339,-0.4095723433676556,-2.3479571576983655,0
255217,-0.4531126871581503,-1.5143579333431303,0
573585,-0.4739194409532948,1.0995491719743127,0
654316,-0.7406409794156619,-1.2551506527040925,0
722787,0.11934508526232855,-0.10095462840463527,0
378284,-0.34822192676861324,0.4058203292543908,0
260513,-0.5547853069904627,-1.1063686943329534,0
28388,-0.5863867073636546,0.13303034530388544,0
964756,-0.28876706079864634,1.1010042803784295,0
540692,-0.32009145589881616,0.910335410968918,0
677420,0.30553242709538575,1.2840420414086395,0
423877,0.32270287443969,1.2970064584932248,0
515397,-0.5401259866016939,-1.0465257508248575,0
284870,-0.5819923350311823,0.0753314605089898,0
751986,0.903978315978789,2.0959476747030132,0
813643,-0.3959815671162351,0.5580537042393845,0
641967,-0.6635009656410316,-1.5000365762071703,0
139018,-0.51677940157522,-0.5243894487030399,0
803241,-0.45319281717928606,-0.5578356647006092,0
810617,-0.3957910505679908,-0.025864981049996162,0
989985,-0.4812963929181776,-0.5515071792520767,0
103642,-0.1799654971979317,0.6006648237902142,0
948052,1.7015634171501826,1.063414558968967,0
53983,1.391673721164081,1.4767113727404726,0
21593,-0.6095420866905781,0.5429483910816818,0
439709,-0.471372367558181,0.29415957856078523,0
780205,0.3697170317312131,-0.8537552621587098,0
823018,-0.20840919714548792,1.5041204316284826,0
349316,-0.5223924138901576,0.809474268129605,0
333081,0.47659851933225544,1.09934550923498,0
389910,-0.4080851091467845,-0.2740932100265651,0
716049,-0.5443654111834196,-1.3138524953668425,0
338278,-0.43673804177564945,1.3977942808941821,0
945185,-0.3893415035275277,1.1395074967510892,0
354207,0.5012472766578128,0.1448476836703607,0
470469,-0.9099135517444902,1.0438367972253104,0
529403,-0.42399597975765374,1.7226140584149443,0
339377,-0.45717662489977967,-0.11384058164398059,0
52810,0.7308298923706212,1.1959493451780925,0
541445,-0.39152075973090944,-0.785042301642269,0
115333,-0.6337383945792654,-1.0343379256160408,0
642840,-0.4832269253263105,1.7748228287920687,0
188935,-0.26956254996088824,1.4092669433836733,0
395946,-0.4491263539393395,1.4115872079232212,0
287152,-0.5361983541991925,-0.04679418179555386,0
32235,-0.5266752844623132,-0.11043983583824966,0
883250,-0.7015958985528522,0.046998892988378525,0
75501,-0.5637426800393941,-1.4474024716602607,0
631653,-0.5011933567933247,-0.06258623749765138,0
183328,-0.29616061413192557,0.18511159497366514,0
703174,-0.6282947363457496,-0.48491167476518066,0
520946,-0.5250913100036937,-1.1243278410892135,0
352320,-0.19176447159998444,1.0171143833528684,0
774927,-0.28372790049952507,0.7407981618585476,0
159460,-0.5105943916423453,-1.1773916429571738,0
731057,-0.6088737588833452,-0.9745152677653045,0
141083,-0.5766518101895952,0.3035737761132174,0
62933,-0.6633051210552379,1.0508955427911935,0
7464,-0.5895488906022376,0.94328648147996,0
237435,1.2879584957643353,-0.7149453864109869,0
937154,-0.264197130788207,-0.025178356063357762,0
607326,-0.6458279693128077,-1.0492686916220986,0
297851,0.9016799350318693,-1.6331836409536955,0
931067,0.5578236362814305,1.388288686635139,0
453322,-0.3266152501800119,-0.5075124321268983,0
766419,-0.8870059564629783,-0.1662757200218845,0
227214,-0.45195495254331314,-0.9120949535859855,0
300698,-0.5663144112862998,-0.4436463584024803,0
738974,-0.25052841698994266,1.775392477707674,0
72819,0.9399995472332527,-2.6020188174643426,0
348389,-0.5069346247426566,0.7437132151733108,0
12316,-0.5881696193335129,-0.8912235860452723,0
769437,-0.08027922027732869,-1.3769660311503589,0
45251,-0.0503925827204957,-1.0845307518167266,0
494277,-0.5322836071525195,-1.1154243721562642,0
76919,17.573969918670866,-3.565949347140059,1
787692,-0.43003129954273217,-0.31352051850036916,0
553663,-0.3570989864894356,-0.6828320043123267,0
984408,-0.42976948483513944,-0.5054389052380073,0
371536,-0.3951590570842614,0.9397874161396693,0
817616,0.27333196809615445,-0.859072392236953,0
197397,-0.3072258872398642,0.7118577177971209,0
510989,-0.6260891490961965,0.11374007452331623,0
75182,0.03889143340702322,-1.0598982574107283,0
950261,-0.4661140483693298,0.2822872024185214,0
519368,-0.6686691659456426,-0.6549862690694483,0
488707,7.200536209423927,-0.38048397539384415,1
805253,-0.7070049763962039,-0.9388370241603873,0
464360,5.0924369210745795,1.6447422638004028,0
387630,-0.44441789348959637,-0.17133354267246184,0
928025,-0.5417683466126804,-0.3381461789799246,0
743391,-0.28678036808473767,1.5884330910320186,0
525751,-0.4551303075101818,0.7315405262684429,0
951815,-0.3480201954056534,0.10588472883749918,0
826638,3.5121041759216833,1.2982408779856274,0
126202,-0.48074009429414105,-0.06844562398107026,0
825161,-0.5824297559895627,0.7724320207611144,0
623889,1.6454958295529774,-1.4569615912971285,0
519222,-0.41778819099193876,0.8772829217300891,0
2335,0.20473110404631237,-0.9942010685758633,0
199857,-0.655104496367675,-0.790786875784248,0
831429,-0.5658609942505329,-0.1846609011464052,0
590726,-0.5407818257842705,0.06798264890114833,0
864372,-0.4777403782196867,-0.3730389226163114,0
477599,12.334312910281831,-3.4776436406012823,1
598563,-0.3976679456916289,0.20976492841167416,0
799795,-0.545816734204181,0.06787441816373366,0
983332,2.8344983010440745,0.7906414166916013,0
897829,-0.016898387579484243,-1.0034040241232223,0
491403,0.2942988900485293,-0.2886069930981413,0
10677,-0.4387185934566101,0.89728638590049,0
183066,-0.5017580705215176,0.40175196887061826,0
544055,1.6928940973276556,-1.8582055213376285,0
274844,0.18710871503557766,-1.0238949677102653,0
470774,-0.25122909090736467,1.1305639591146108,0
426795,-0.5677034238134206,-0.44671693076691754,0
150099,2.293815392608109,0.6831386372719311,0
719741,1.665556943815912,-0.01295253007229756,0
325389,0.7462274388692651,-0.05971543825235023,0
307956,-0.9162037646163966,0.045596950529971744,0
396271,-0.4650193469752008,0.4778790140026008,0
434057,0.05247965716867473,0.3335796577848575,0
296095,0.06755619193367463,0.4455689997140823,0
266744,-0.3174380917329066,-0.09154974637349127,0
657733,-0.712068846593579,0.4195470398494973,0
615077,-0.42358663722528883,0.33853548328140787,0
659563,1.6433504579741847,0.27049451180989104,0
234685,-0.3306061887238213,0.06683879860323028,0
533192,-0.7418461741710247,-0.6397496046048167,0
449867,-0.8829776367268879,1.3775964239909337,0
310623,-0.23433352969451507,0.6916398459076387,0
593465,-0.5177466770061383,-0.17675659969450494,0
338823,-0.5749194615064656,-0.12571085208706217,0
607208,0.033504105084202776,-0.5622463535067028,0
345078,-0.5526877888629419,0.27695170381011414,0
844873,-0.42234464529642596,1.0754682057515537,0
732196,-0.007808529370773284,0.5586429304104245,0
720249,0.49538790943072525,-1.7190335395323835,0
777846,-0.4918352862567613,0.06933875950782217,0
540626,-0.058044517451063704,1.76687478693074,0
456676,-0.6904577262320019,-1.22703558728568,0
93877,-0.45960741150910345,1.5676313401820083,0
269906,-0.37792891456574285,-0.3316004453353584,0
190246,14.007900319069977,2.5527866249357025,1
425683,0.050928769891193104,1.2425682147900552,0
424879,-0.6123067982806483,-0.8901566145539997,0
89490,-0.3729662221269107,1.1543646249745136,0
347023,-0.539297584343451,0.9042652700910622,0
490470,-0.39632915166867044,1.2081339467372398,0
107114,-0.45751599401169574,1.605125882410823,0
238463,-0.6729499074332275,-1.197188861750414,0
128480,-0.1289972454620373,0.5206730880874474,0
984237,-0.4783547896934147,1.3438623482242533,0
401377,0.04674851936273311,1.271606673075016,0
463456,-0.608927886149109,0.238516499228975,0
151612,-0.5621373128149993,-0.3187916284505984,0
565405,-0.3870817163669079,0.25587101759370323,0
463099,-0.2652989377570729,1.0169009180555568,0
443526,-0.5775932550019703,0.06599069274636914,0
781124,-0.427616498962368,1.19323941301834,0
458310,-0.40348023296087676,1.7052241508188086,0
497790,-0.5988380470613539,-0.37192580070778386,0
277866,-0.47318824953370114,-0.35951287374813545,0
711422,1.0379175395158093,1.2185024791620513,0
775745,-0.3513315405647477,1.121185212606742,0
829636,-0.6246666207343273,-1.1854435880794527,0
766517,0.9642691585944141,0.7097688591967821,0
991531,-0.4268896315637667,0.017636472082184426,0
811277,-0.5039629419281163,0.027262137529788604,0
472825,-0.40490722139073243,1.316641631776718,0
297713,2.422272719743066,0.7898121157259879,0
569925,2.075548726736013,-1.331781312604558,0
180242,-0.5871451943194248,-0.8726824062551183,0
728642,-0.4912277777621698,-0.7611947649268511,0
14227,0.5622054772464683,-0.39234133128605275,0
461075,-0.60694579618812,-0.9002277361037422,0
22286,-0.37533159153525547,0.3726372971390793,0
185425,-0.4494423726411624,-0.8717780395427648,0
154009,-0.4518711511760634,-1.5973950879441083,0
437876,-0.4969482657834722,-0.522240321100217,0
538779,-0.3296099760119585,-1.1819362350473102,0
627105,-0.8533856055477355,-0.9650164573449282,0
714980,-0.37842789501762647,-1.617407401496769,0
792184,0.27043893452638645,-0.5928725538179305,0
343302,-0.45982371902563113,0.7962913387887356,0
788408,-0.46162330417705366,-0.5094247663560961,0
69322,1.7943568220826434,-0.39735996732445245,0
1930,-0.49684634673312994,-1.1449559162777474,0
120216,-0.43254382284118603,0.6032815046566316,0
456329,0.5786571003880245,1.2875529505747332,0
616822,-0.5345160227021301,0.5999640257673474,0
373395,-0.4868300154608472,0.9972569858702377,0
906986,-0.3769063679418942,-0.9053569995550609,0
656826,-0.600026178632461,-1.4107367377223408,0
526151,-0.2719493539184123,0.24786791286615809,0
794874,-0.40363456505914036,1.5856446097399792,0
774934,-0.3754529788883848,0.32386474955067435,0
772347,0.277707300045016,0.5380376087809066,0
662414,0.3914560052663961,-0.8102217326042654,0
47357,0.7414461306829421,0.1425089181163584,0
473884,-0.6904739215538294,-1.753220860995506,0
580123,-0.4869817425919108,1.4647112472809212,0
128652,0.011406115044369065,-1.2293906281023101,0
158978,-0.5240031014935104,0.5881411978786728,0
946228,-0.4874602459197926,0.36353053200544994,0
83951,-0.137945596451389,-1.2273904933091002,0
261122,-0.44125024313375655,-1.7036617436382233,0
679410,-0.10582719671060593,0.5347288798503185,0
444204,-0.37648459299952985,-1.3745035023534438,0
357672,-0.5231230436075444,-1.1559738257196066,0
579307,-0.25747243967572403,-0.24314379926189983,0
644964,-0.23824499458058918,1.2554319764343642,0
608512,-0.5305280204246666,-0.9185342358468152,0
933457,-0.5077182475287143,-1.1173491870755496,0
228281,-0.1830196302900726,-0.38088877724939696,0
640934,-0.417496170166681,1.7377315628304433,0
834062,-0.3949977373678745,0.8543752842448158,0
35474,-0.4398788069938394,-2.0629529049958246,0
787315,-0.4838224941228338,1.0868933527579643,0
44479,-1.0760433186786889,-0.010469588581163758,0
930080,-0.6202019586396629,1.35889316632395,0
581837,-0.4984989298942221,1.4563994451486313,0
747947,-0.46237927524517825,0.18517650002198746,0
647179,-0.2272768880665339,-0.39780746830624497,0
956600,-0.16354501545305133,1.9784851851879475,0
153888,-0.4538061219631198,0.005809442080499978,0
545484,0.3415550885441431,-0.12009352932975861,0
386815,-0.47306622495116835,0.8417403735552353,0
328118,9.407406399202852,1.267494903272973,1
472292,-0.3508455501462089,-0.10372562237420878,0
423295,-0.2827245260220141,-0.9609177108512731,0
36766,0.03913416411589859,0.26270535050559946,0
156709,-0.04830817618296557,1.3613253635451346,0
743822,-0.6556907729441814,-1.3303406908268907,0
628724,-0.157218050214665,1.6973133193373635,0
58175,-0.048933591547576684,1.4388880980320249,0
147888,-0.10293021125908224,1.1082087778939582,0
625909,-0.33146231411646604,0.36504705278842836,0
635397,1.0486492912195415,1.048590088858385,0
732734,-0.49854727950564903,-0.06569706855930281,0
480910,-0.6534082528515508,-1.2898758798233645,0
626956,0.8362507183485832,1.9436843287889074,0
875398,-0.8231159785735104,-1.0600803351666308,0
234366,-0.766161166890816,-1.0565231195699216,0
888745,-0.7263831768297124,0.23387173576562276,0
475206,1.5727542345525207,0.8112714156344527,0
257040,-0.10200334396026639,1.0945506717210929,0
578795,-0.46952316990405785,0.34436705876754986,0
90878,-0.5194994544531035,-1.1819542598504806,0
5792,0.10353453335830348,-0.3550923121794961,0
695199,-0.5988243780897277,0.5914721178545789,0
615340,-0.7335571059619,-0.8105782053809815,0
391033,-0.26927383923262926,0.5090568721464319,0
427261,-0.5245440051085747,-0.8938259312490807,0
830425,-0.5954036774617516,-0.018855292794483728,0
520112,-0.04607565289085076,-1.0542562525250587,0
937316,0.5561840753074331,-1.2005597029138606,0
179437,-0.6087222530254044,-0.93352052076888,0
214628,1.065884599751017,-0.03277804170214387,0
756972,-0.2157273039856419,1.0807183829169111,0
272962,-0.5861883504252328,-0.20597931627125737,0
994655,-0.49445476822094536,-0.39630571685247284,0
886873,-0.2446798565638007,-1.9706339243369988,0
750656,-0.5003703434644425,-0.8085121348721012,0
898679,-0.9048522071037667,-0.9896752084675404,0
292464,-0.9744838357455279,0.07939352689580127,0
274386,-0.48452594282942596,-1.3192887813573668,0
456770,-0.6378800277172358,-1.2513431022317527,0
911167,-0.38950319362179514,1.5686832872000596,0
520065,-0.313693842719181,0.020383164086397444,0
240974,0.49223450621602954,1.6261769877604297,0
505824,-0.11194068083918175,0.20887689389614014,0
740969,-0.355928989235742,-0.30241544601836257,0
777798,-0.5054619798982214,0.44202577353912137,0
570302,-0.6776531032430465,-1.3013490480201588,0
405957,-0.09503342909182419,1.603050226220168,0
874663,-0.012642029454406425,-1.4759817353072002,0
130111,-0.25940722259767984,0.3506451037541236,0
691886,-0.009314090882312295,-1.1553623936583812,0
536311,-0.0385932083479765,1.084566838789272,0
59175,-0.42986416339202577,-0.5414472117631228,0
450174,-0.1145154960137756,0.9724284759907488,0
503843,-0.17702988409917966,-1.5935276578576396,0
499229,-0.1452779301121588,-0.3290404961169246,0
8470,1.1470207737989837,1.0873807415889154,0
458145,-0.4704350313238428,0.5216286508118252,0
300933,-0.5883680471847436,0.13180009680744326,0
154415,-0.538492351740089,-0.9400496258220816,0
351988,-0.45266032323685995,0.3937612840965579,0
533028,-0.4602602652078652,0.8573098776446907,0
909429,6.525804193433892,-1.3278221809251667,1
298300,-0.5028652601604238,-0.06605657760747319,0
774468,-0.10160594914224827,0.7698241461404427,0
335049,2.058452733971329,0.17184079503924005,0
326440,-0.44620188166871216,1.061368374707064,0
208868,-0.6747711402226912,-0.5779596762955805,0
980778,0.15640260960441563,-0.7713213759821822,0
514922,-0.3196693117278358,-0.05309691942131116,0
467124,-0.6641052923332151,-1.1557516431117592,0
24567,-0.6117455949282731,0.2690909386745953,0
666889,-0.33753286619434614,-1.0779724257849899,0
438319,-0.27777183186146587,-1.0677945201950885,0
811551,-0.21904397295584652,-0.9238090787652621,0
295615,-0.024763821527860615,-0.10395187194343856,0
604707,-0.19843050438012888,-0.8375817734519233,0
849151,2.838513742338257,0.07102531481365483,0
353444,-0.39034135059409525,1.0004664101518894,0
691971,-0.35555502962097774,0.8084456646023147,0
180680,-0.5030002520790149,-0.2497175900253404,0
121585,-0.30770755551450624,-0.8420529694619273,0
462443,-0.5208751351703658,-0.07584616476954248,0
494014,-0.4273661384827702,0.8978949312532686,0
803715,4.192667747875596,0.6825292830788304,0
566079,10.627477585504396,0.5971981711051122,1
782474,-0.19769334527288457,0.9121473474040644,0
633998,1.356837608236254,1.6316472045249073,0
861995,-0.37150264057016635,1.5312760895790232,0
851694,-0.5422154946643833,-0.43455810868833206,0
167185,-0.6469109130138022,-0.994979172112289,0
961368,-0.4538779524728507,-0.8134538358642004,0
795496,-0.5106965683277104,-0.9550674896480476,0
353455,-0.7100289295231509,-0.7818610053876902,0
921006,0.7866466150231489,-1.04548984360903,0
281282,-0.47895649242988936,0.002688501765204248,0
288636,0.0476976439149516,-1.1206018551131176,0
943664,-1.1043261843025192,-0.9814196165341953,0
355610,-0.30805003986097285,-0.4203082669078192,0
263826,1.4462184460590903,1.9363989835906286,0
788008,-0.517667951114967,0.6498274951717122,0
857579,-0.30752175890851874,-0.2394988574386261,0
353956,-0.3179413877580812,0.04891443802964365,0
63645,-0.6601389919198852,1.4497079740264618,0
993769,-0.6351681420792604,-1.272406387208077,0
767461,-0.3331039449922955,0.6408145122990423,0
359710,4.032824046406178,-1.7992823726256544,0
190667,-0.4950440990808377,0.3401730620978552,0
128330,0.13744365545852513,0.8368087901949942,0
683048,-0.3124131224641832,1.1391783298810303,0
607628,-0.542237396003028,-1.6980975454517337,0
844520,-0.41979918010244677,-1.171383498208106,0
858257,-0.10841897647051986,-0.004578773725141848,0
139053,13.663299870557172,1.7836168574998459,1
395330,-0.5025145041845059,-0.051773555796185096,0
398166,0.0825041252222071,0.3853377500865386,0
203547,-0.5464813585413485,1.650058106454762,0
145451,-0.2562055500153169,0.37800915889318387,0
993761,-0.3742659431515223,-1.2124876926701875,0
52542,-0.5202040864833722,1.2200400259781345,0
726696,-0.5731891195764066,-1.4242264830037263,0
155734,-0.2659913222067925,1.8556739719429252,0
695259,-0.38474134942044513,-1.1007175949499555,0
147965,-0.4105598815611191,-2.559875668001673,0
780211,-0.46135248741259904,1.4212367211437786,0
328314,-0.4313205338317639,0.18679722813127428,0
971047,-0.35771632117313124,1.0659303618703173,0
44775,-0.8814341943500436,-0.7152231639143821,0
822931,-0.4838401813268566,1.5758979040255863,0
350971,-0.4584874335017596,-1.6470439501990657,0
94878,0.12157384066997699,1.445739159930505,0
379551,-0.3296428045740993,0.6995009676700868,0
847804,-0.684832100656507,-1.0344747778661203,0
265614,-0.4453504932146378,0.2044059488639873,0
859354,-0.49270304632903755,-0.12209672586191506,0
291618,-0.4203101840000067,0.8412590525910516,0
599095,-0.45038897814822776,0.4104073262039881,0
640334,0.9917737644061844,-1.154383368316221,0
38897,-0.49609634209978426,-0.21721657651556167,0
994441,0.22847486383222174,0.8872556253803776,0
13038,-0.3793186555716804,0.9628881724146358,0
448117,-0.6900472423275545,0.8215648830330246,0
547878,-0.3359238195121361,-1.9800588475841567,0
733581,0.08214579643245151,-0.24441293439948852,0
957197,10.248038672915422,0.7470645998691242,1
749394,-0.627251363945708,-0.15573945693830182,0
802407,-0.8192845191578046,1.56314515030175,0
632152,-0.5539850713638282,-1.3212750299297311,0
345613,-0.36141534560090915,-0.3114888545812057,0
257404,1.0676449160073165,-0.5558412222178627,0
544961,0.020259638440222816,-0.7464832095703946,0
3520,-0.07466398675556102,-1.1907532519986646,0
834278,-0.5456327550668644,-0.41459344855198005,0
763826,-0.6844604005225974,0.7025450703992386,0
782889,-0.5892125374900119,-0.0847363610722277,0
577319,-0.5185453181567763,-0.9740236642748442,0
371678,0.18876817107722502,0.6759832500500441,0
407581,-0.6005484946351463,-0.7823421732468657,0
388684,-0.30961915502851717,-1.4223804034086238,0
948744,-0.24940400470906504,-0.6912707135931065,0
518362,-0.6842649009619399,0.5173070430968597,0
943542,-0.5071323906634227,-1.027764983688516,0
5465,-0.7039415163958676,-1.5061201477621269,0
139639,-0.3722501036740274,-0.3054649148212881,0
508349,-0.642970689149343,-1.6501783418227192,0
227502,-0.3230698362659677,1.4363574122102452,0
641981,12.729849043315964,-1.6708974129987044,1
75141,0.3000232935797773,-1.4878401874809613,0
403633,-0.725926479503485,-1.0677959756228488,0
514524,-0.14595008816385183,-0.977342515058959,0
569264,-0.6288076768102157,-1.1943706341110745,0
334680,-0.5562233181013063,-0.13988549885161622,0
885523,-0.5336311781006313,-0.7368702110313998,0
955664,-0.30099618897131586,-0.1468579321394037,0
493851,-0.416754982044703,0.36340336855386685,0
721733,-0.6043738261229065,-0.8274941545702296,0
720513,-0.5532785099904709,0.8768054392570579,0
104515,-0.538502972183881,-1.6105412956771064,0
198395,-0.4438740227729311,-0.25427491573873917,0
72684,18.913580472652033,-2.03986624386126,1
124509,0.29580455161847724,0.9049312679471626,0
28164,-0.4449322064437651,1.4000784091479703,0
282686,-0.7216213153716583,-1.372711893972382,0
526408,-0.4551779107402084,0.5931391064148417,0
278738,-0.4746580264369947,-0.013516092342316554,0
135209,-0.2539913285442646,0.7890387932171848,0
204281,0.9423790788459143,1.149926645083484,0
872420,-0.5197236513069856,-0.9395532062297209,0
616221,-0.6236358899323748,-0.825327824763031,0
68978,-0.2927248765245379,0.8957738042361547,0
500306,-0.21394307657051687,1.4021833020933976,0
354332,-0.46397101339776087,-0.38919035757542325,0
365302,-0.5823032602088509,0.4191230982296246,0
737862,-0.3692221015595818,0.933502937870602,0
962126,-0.5368876959726065,-0.6951215483171246,0
672512,0.6388940432167928,1.3744277866803463,0
236214,-0.529766374316105,0.31249949420790835,0
437102,-0.5061524206352014,-0.8024460351763351,0
941420,-0.6237415913757921,-0.8980845433528706,0
396005,-0.4492705341644029,-0.9198184602842416,0
212673,-0.5510551225600882,1.2692047884523707,0
809977,-0.3767203740643568,1.7978026961793871,0
831640,-0.535020014676048,-0.0005716929339979113,0
625359,-0.8275791859141842,1.4584249888344014,0
502499,-0.628162637730086,-1.3221988886302818,0
109565,-0.5612231822853663,0.6774408696773067,0
164452,-0.4784851195097382,1.4905482036509243,0
977969,-0.6693508636240129,-1.3537184777416587,0
895578,-0.5220410335659496,0.12808047486068688,0
589551,-0.035272903363664704,0.7184226704263632,0
544380,-0.5765102274269353,-1.6166932520039952,0
324840,15.91998752178306,-1.6977230062268454,1
486980,-0.36173684822521324,1.6416095715817727,0
660058,-0.3438478887235754,1.507594480172948,0
733595,-0.5695898135431329,-1.19929464074902,0
398329,-0.4046706543943926,1.3203455626736034,0
10969,-0.23714195934099602,-0.7345860630788429,0
973841,-0.6126754674631953,-0.8596799215437471,0
884339,-0.497420687738642,-0.11640644307512613,0
407208,-0.338928651729112,1.5426945907678171,0
315921,-0.22620532644934974,1.2752645049970126,0
396407,0.38953182158765276,-1.9183436495985853,0
465776,6.1418261907760545,-1.526773943767119,1
124700,-0.6442283521989752,-1.251110666714768,0
438902,2.7294960571356763,-0.768618650489873,0
643890,-0.4473210967077715,1.4308410283564996,0
662043,-0.38645452136989816,0.8946699404160764,0
701335,-0.465869360036763,-0.9141805968946293,0
443323,-0.6307709521839625,-1.5981741196056969,0
751429,-0.5616245205144587,-0.6813096087267618,0
961976,-0.4998121095685894,1.44610354847195,0
334560,-0.5479900494069779,0.27039401556338577,0
252092,-0.4500503435931358,0.540517986017824,0
32295,3.3776916729997883,1.5252995749333498,0
243389,-0.2941194842286297,-0.40852817103907335,0
873634,0.2141285323432064,0.04813035289484175,0
765765,-0.4286561312913588,0.4331933679633012,0
819128,-0.4102637013301572,-1.6401349818542406,0
229414,-0.5764821727045193,-0.7344950068176035,0
401567,-0.5777931493818613,-0.18896335404127915,0
847533,-0.7847006943963586,1.5260927758929657,0
1713,-0.6370369501176176,-0.9912910215702226,0
626422,-0.2753720408951726,-0.20283257067856772,0
253343,-0.3019683633006024,-0.2119479809326836,0
949111,-0.4355144590815158,0.6764891862174979,0
361303,-0.6142519350817094,-0.2869666914185547,0
800907,-0.5685613353694424,-0.3165073605470454,0
84983,0.5749795868718147,0.1580540577721642,0
608420,-0.49120211054033924,-0.6836050110356832,0
684594,-0.5174070495139408,-0.9696856239334319,0
136594,-0.38650957636363237,-1.5779642032941108,0
592503,0.9321560252605069,1.5650502874091112,0
535945,0.10353124901177341,1.6679136105553056,0
189942,-0.538659420890319,1.493348036637351,0
545158,-0.5483338375502016,-0.4341376579416147,0
406536,-0.2208438082728291,0.8756956485874661,0
900490,2.6382221649917588,0.07959107240887245,0
372310,-0.3902033322152695,1.6753969026693718,0
181877,0.8247504622456461,-0.9972446878659217,0
274737,-0.6026720780787235,0.9241742179383807,0
581831,0.08520496387280957,0.9546516339659278,0
359028,-0.7620621895701639,0.3330851895147634,0
340590,-0.3455005417695436,1.951064064954168,0
212771,-0.42166637460516204,0.36198597282997225,0
87248,-0.5408714259735647,-0.17435431469282403,0
426470,1.4870357175275246,-0.18286350208037316,0
399398,-0.7787149838055739,-0.8324652717284066,0
60421,-0.20061402794234445,1.4864197247065953,0
402118,-0.12411619099265796,-0.3751357494790242,0
342254,-0.5304382169823477,0.9108724759901224,0
959765,-0.19254141720249812,1.0385189007809261,0
235854,15.494826456014104,-0.45639335962136934,1
81367,-0.37835967654127267,0.9497990363522392,0
287106,-0.2779451502683738,0.7695611468935319,0
6506,-0.9995017588143906,0.3957421007618768,0
443125,0.5728460362602399,1.5877603098708415,0
76199,-0.6252451744776354,-1.4344032975591232,0
785478,-0.1382368872428459,0.8882778355249146,0
443179,-0.12911127618023366,1.2004044016612327,0
462288,-0.5870174972293405,-0.6237449352727162,0
431398,-0.5695523510434478,-0.2615652747536972,0
189091,-0.4649318890747629,-1.4158162775284688,0
56426,-0.48188094226970735,-1.3041974302929877,0
547585,0.3296091065197152,-1.4940756582241865,0
330541,-0.616757075607123,0.8200746639915748,0
562330,-0.13533787540102465,1.2075489335849534,0
723647,-0.5053408664198344,-1.1304043200055207,0
129362,-0.9108545290015121,0.022973172961748056,0
344611,-0.6954675555414715,-0.9265459735624287,0
510015,-0.45039896609114544,1.3726716762036149,0
129019,-0.37763110158052465,1.4612708338247398,0
7346,-0.2404266086863032,0.5431395663685982,0
159566,-0.5342362491398754,0.6426894614448594,0
701397,-0.45960047907287355,1.4697440087159828,0
884425,-0.40675891501785993,-0.5258535044077628,0
40908,-0.541922981533227,-1.6192686249407904,0
681014,-0.3818013493379908,0.8784849977329608,0
89632,-0.2415183330088933,0.08490352571540255,0
850666,-0.550286348831787,0.05252065738708335,0
165460,-0.35289049134980754,0.9613157021609788,0
531892,-0.5847491704381483,-0.9129083169253865,0
492876,-0.5235798699369522,0.35447523612831067,0
716120,-0.5733828638776175,0.40379598793107496,0
724949,-0.6097054259364475,-1.042936402787902,0
771984,-0.40328472433041623,1.7205805608274587,0
355327,-0.6167990569805105,-1.1747413215298084,0
728594,-0.16577754622332622,1.0092865244618519,0
196525,0.37833655108174663,-0.39699240161069727,0
97284,-0.5871929996855856,-0.3530632751541367,0
731755,-0.35884937360754554,-0.7553112245490226,0
648271,-0.000713584161353824,1.3782531790416244,0
752317,-0.6440540943627394,-0.7392281939389461,0
753610,-0.4218024946368558,-1.2045691176775792,0
784891,-0.5001192615799448,-0.5265150968269114,0
876438,2.747301215048936,-2.0059360038893495,0
33613,-0.5291003019520016,0.0598952756257805,0
399342,0.34242568476701024,-0.38863758561151746,0
897521,-0.15984195049886557,-0.9517296331852766,0
271424,-0.626335340493529,-0.6616936435705256,0
37412,-0.004543290315865469,1.7911047384013765,0
987304,-0.2907533763249986,-0.46177915665598557,0
374041,-0.6658691793471428,-1.2301857323209997,0
748711,5.260776521506185,1.5985955537496719,1
778195,-0.6298806648166722,-0.7485951431615447,0
525171,-0.24285702449127317,-0.1951914204732245,0
858354,0.7406555921572718,-0.6401918992589501,0
137625,-0.4984941045147017,0.2509024997748263,0
820298,-0.3735689984370865,0.36960641778465514,0
79917,-0.18931491700213873,1.0085962043477663,0
268447,-0.5351887116940558,0.34795778837403146,0
128971,-0.5512743185926551,0.8511475101736082,0
989979,0.09393871745676906,1.7710465594630427,0
733996,-0.3423440976568307,-0.6953746301064985,0
200578,-0.5290492230045846,-0.6737151202248385,0
480625,-0.42596603268169775,0.04067520980125118,0
511380,-0.2765251935509645,-0.5587376863959931,0
22427,-0.23422087536468275,1.2192634714948454,0
203124,-0.5248115893918618,-1.4949691158004679,0
920728,-0.635376734128198,-0.14836336205696235,0
294617,-0.6632976329887866,-1.3070582886178759,0
157391,-0.2624416761641333,0.9140620607739152,0
250462,-0.6161976097128661,-1.5456663842647533,0
74437,-0.42865829500530994,1.6116182743635883,0
564000,-0.5053180808879412,0.9831210774485166,0
497548,-0.47280334544466995,0.6267367939744297,0
426238,-0.3900407084635639,0.8871710269080674,0
986164,-0.595849401473684,-0.262769136081459,0
566684,-0.37024202421906693,-0.12992582140462414,0
238528,-0.6319040172201461,-0.9553630935724078,0
47161,-0.7026527257754059,-0.8803646937434787,0
730092,-0.43409619133096344,0.6943350730698215,0
104669,3.6902371390362867,0.1599213498103966,0
359703,-0.44697167082767547,0.8031710511722961,0
197811,-0.4275466425138829,0.7289816062825242,0
635404,-0.45097993192714414,1.857718121985794,0
712572,-0.5658923897455723,-0.28504663339092223,0
721268,-0.6712002343798265,-0.5300880624929948,0
207391,0.49052103633705885,-1.40629988128892,0
985492,-0.5704082494507845,-0.1585492155006595,0
938381,-0.398758447165608,1.0546266735067655,0
576444,-0.6004552466504366,-0.5276688697321484,0
29531,-0.6244523639741021,-1.3400536777734668,0
456943,-0.4243561214404047,1.3700172405486366,0
992800,-0.7820758183080241,0.5410203122516325,0
543430,-0.21743568269419855,-0.031960832831315386,0
358791,0.9137731232486234,-0.4192701923463413,0
614888,-0.5034663747623502,0.41889626789081574,0
237462,-0.3656320085671927,-0.8646536531121991,0
634746,11.382161968702418,2.7949082344194394,1
286416,-0.6622552940036791,-0.3890894842499937,0
527072,0.5256541800375508,0.18384854826991842,0
181861,0.06554124962818854,1.7147288455218657,0
404081,-0.5307890874772357,-0.6829364703614879,0
360688,1.8866651101299057,-0.5973004639848395,0
644569,-0.6244562197022293,-1.6200113419263644,0
84558,-0.45487518258112564,0.1985702579896106,0
808661,-0.6706158914633433,-1.018808291176702,0
333968,-0.5218992552484905,0.795234362511793,0
645576,-0.35053020484758923,0.10312834612178827,0
459878,-0.619394982956671,-0.5705727091431434,0
745441,-0.10789481304432624,-2.24809575152014,0
518290,0.26627006850636026,1.065581705847065,0
578706,1.2662936729146006,1.8871536163600868,0
56621,-0.3977879016500078,1.303901961673119,0
667076,-0.5984174226501862,-1.1735548220503709,0
420799,-0.2098928312047051,1.3263126633281446,0
711714,-0.40532458362520857,-0.06695059544957654,0
68331,-0.36723208690338205,-0.8797169546207253,0
755301,2.549971671316526,0.11362579725177285,0
115847,-0.4069997902092712,-0.3730289058013554,0
240583,-0.2309838824735229,1.1816895942320889,0
413769,-0.33422595419485884,-1.3790967019074558,0
615428,-0.47048014040102515,1.5820122345952694,0
202519,0.6827567978955018,-1.4086880991824786,0
246516,-0.46109627286961624,0.29350111490460484,0
137263,0.3219948799512017,0.1572343213866748,0
725925,-0.26653993671381443,-0.3332191469796548,0
224592,1.4704922221378256,-1.153493094982161,0
401001,-0.510920291832206,1.338080611931364,0
278501,-0.5230127988133582,-0.3480720571422339,0
912475,0.2546155804457869,0.9074807810363061,0
191085,-0.0924349866482735,1.0884230870737241,0
988234,-0.4847659246607467,-0.654502962049302,0
19039,-0.5559518527179288,-0.770312679008264,0
125739,-0.248289185455133,-0.14162880610974674,0
761571,-0.32945508953040936,0.6089047094727188,0
310457,-0.41522433952773746,-0.16327823291681207,0
780611,-0.6180104499035921,-1.2597735018281975,0
629198,2.036838323451879,0.7837756712765402,0
453940,-0.08993126519393732,1.0311440921495434,0
488329,-0.4909281142298595,0.3460814583032528,0
219584,0.8857237725860704,-1.4995093055989421,0
795271,-0.4179185785243428,-0.2747405358631606,0
657609,-0.2824164693065026,1.0282280965954733,0
876583,-0.5223351487586916,-0.021523287367045188,0
480276,-0.48454970058291097,0.7861656346230055,0
57341,-0.557302963843541,-1.5247761672929905,0
23899,-0.6187114842958937,-1.153900702204271,0
259553,1.723536517086078,1.151190071730477,0
26290,-0.41994699631281057,-0.9295700923484073,0
487577,-0.5075850056797039,-0.175030730412802,0
647665,-0.44148667386531393,0.8138279725031099,0
377250,-0.5041553366901901,-0.3475499331937178,0
819696,-0.4574454477605916,0.25760410649512233,0
250230,20.08406866613409,-0.42899452383430275,1
81753,-0.030197140620574534,-1.109758292220194,0
598497,-0.6194133873578809,-1.0642397411721136,0
591509,-0.048149774898102814,1.3575307512486168,0
856293,0.37182653771609436,0.3492414772000163,0
323319,-0.6831573145162125,-0.030518280857445432,0
799682,-0.34427434234970966,1.2140606316046016,0
751928,-0.6261351570126291,-1.390366201346571,0
396664,-0.4048372079304681,0.7283229974246404,0
766961,-0.3864929302083081,1.1454459715112775,0
308920,0.38966935035330114,-0.30319707166741405,0
816608,-0.2626882405239296,1.1717166279642015,0
502188,-0.5108045053318455,0.33380379859160475,0
760327,-0.5139754331480058,-0.3896207775805341,0
499238,-0.5769229076286575,-0.24967593112042,0
234062,-0.39537626331756115,0.011133913786744918,0
462370,-0.4446142578198454,1.254792647053883,0
435657,-0.5175157945350873,0.5253054439840454,0
597495,0.6179403756116423,-1.9879920056647418,0
741226,-0.37402273260421726,-1.1475193553779692,0
201848,-0.19580290957404559,-0.4827496453902778,0
19115,-0.5030104839049159,1.3542437422055278,0
443404,-0.1317747135087779,-0.617294002014964,0
973661,-0.6329755229891627,-1.789712912420842,0
177572,-0.43809691959016256,-0.8458223908971692,0
278783,-0.19749223344037736,0.9196153715027,0
764258,-0.4862927998764974,1.0212078493694141,0
124823,-0.3267104785049572,1.0963401709305187,0
201233,-0.4112062004079793,-1.5793159232335874,0
693858,-0.5419355141920249,-1.0277824147312642,0
71708,-0.5456147690354824,-0.02925299918184772,0
357748,-0.43245509856811365,-0.9119725036633572,0
408226,-0.241020131726695,0.47237092695710853,0
475278,-0.5052477991689481,-0.4082174285478177,0
75030,-0.44965393065892195,-0.23579847884523888,0
150032,-0.1968154213790768,-0.43129240869227703,0
580135,-0.5483743994221716,-0.8380423157384793,0
223836,-0.6650433592097021,-1.1575857413666264,0
189283,-0.1748023621942641,0.38763752619936126,0
101128,-0.5337775613412387,-0.25876248129098683,0
886917,-0.6002466175192513,-0.8607188396317234,0
487923,-0.6211637579062906,-1.104435410209904,0
945794,-0.5827074468267479,-1.5401409250278042,0
75149,-0.6256817340127518,-0.8825039707262661,0
704936,-0.4341167291548455,-0.3246355239323901,0
899590,0.1076016670737768,0.9046430719879363,0
781750,-0.5451559499365853,-0.29227046848621185,0
745784,8.28380826475276,-0.4999358135925359,1
571785,0.4371877281881886,0.41989320926072643,0
835632,-0.5071465485298557,0.5353063328069498,0
923237,-0.41863692295740584,2.1153532720216917,0
461114,-0.5480043106606499,0.3309272564638241,0
885768,-0.6488059803887702,-0.2903115736375189,0
738893,-0.008624824894289916,0.9624108259042341,0
51136,-0.5330608691315613,-1.1314469346058311,0
187485,-0.5258933830179731,0.7676218056221439,0
99506,-0.6007158160385264,-1.5207038526366639,0
664144,-0.7721150213914971,-1.2022627307749185,0
471264,9.557332682259013,-1.8594074607718045,1
669662,-0.4243785095385672,0.9299652628072183,0
547459,-0.5936662890747483,1.5717587243957039,0
325490,-0.5905167698412147,-0.4640623319557522,0
763679,-0.4811829528548388,0.185332012015086,0
981550,-0.422444833807944,0.7302854762102043,0
441963,-0.48468346523772543,0.12234636745391804,0
161422,-0.43340351861608123,-0.45700106781366834,0
405901,0.23053067967666274,1.113978381040225,0
762307,-0.24381585912993675,0.6561377399656967,0
878556,-0.6105627837662918,-0.26220461882220175,0
100684,0.9573713019466252,-0.20516777583341245,0
958860,-0.4978212945059672,-0.2306599294534453,0
651554,-0.7066269350451678,-1.4723301321951952,0
573836,-0.48733651276531204,0.5985823273452522,0
604099,-0.3910344024343945,0.22757800348522703,0
733936,-0.6086774681642819,-0.7630109627119893,0
426255,-0.45987579390996597,1.550786570823395,0
466664,-0.4280405568566412,1.436550659313402,0
238563,-0.7991097417575936,-0.20338534047980256,0
302663,-0.1501744533490248,-0.8898972217423514,0
185447,-0.45569280567382175,1.6943104473123838,0
70957,-0.4478433155890452,0.8114797058152442,0
550908,1.6344069885168788,1.2094649650683154,0
548826,-0.34699693766385076,0.9880264100065609,0
304732,-0.15576024797059568,0.1290864851864014,0
761939,-0.6594181247583351,-0.20586651154015864,0
14886,-0.5457398863886074,-0.0853848419523696,0
828580,-0.27441044893224364,-0.061282857269604654,0
798760,-0.09564041664100073,-1.0534473923690988,0
511234,-0.4517406367114087,0.3317455669298611,0
458353,-0.659084041650866,-0.998649175625957,0
251818,-0.31919821432039613,0.6411047562466557,0
707686,-0.06330222540601997,-0.553371113948286,0
149484,-0.39608253709279856,0.22057439951199953,0
700351,0.250417312158462,0.6981604613760491,0
659584,-0.08644320208335184,-0.16474745941965172,0
668430,-0.4276694758717049,0.7458865473167725,0
416226,-0.659783822703048,-0.15929501229475404,0
984542,-0.5062878048500477,-0.3032745952963918,0
226940,-0.596325921946308,0.01692562149306564,0
257569,0.05515890315840815,0.7314118797775713,0
537657,0.2917324244363895,0.7576931873723718,0
171818,0.5822613337006216,0.9707968607285449,0
413212,0.2935062568159386,-0.8768700832911629,0
221220,-0.3669304845922421,-0.1397878470566983,0
165742,-0.4981091323927795,-1.3529185091396105,0
826351,-0.4228352665046963,0.7377288580524616,0
684789,-0.5324794211920185,-1.228497108629134,0
307794,-0.34547851414848857,1.2866997228060162,0
781694,-0.5968620716908754,0.18746040579343928,0
237251,-0.5567298403476775,-0.8062034334191482,0
617870,-0.5643574566814996,-0.13834979267309502,0
312703,-0.58276905038651,-0.08413119302515695,0
570583,-0.5062235783253305,0.3514557872612032,0
385083,-0.5359944257234047,-0.036146219841087276,0
354361,-0.5661277780475439,-0.47005503105603547,0
74717,-0.4153676797712939,-0.022386480461186253,0
993412,-0.18112360051743343,-0.933903897527885,0
675478,-0.33003805673660425,-0.09300026690033054,0
268573,0.3528436242143805,0.6606724043375617,0
307303,-0.5099782470329522,-0.17076361143642516,0
656674,-0.6558636347986638,-1.8387321131170444,0
961565,-0.5438261230542225,-1.0349580748895857,0
981395,-0.3769723744787539,-0.08179947283719298,0
514323,0.12402145822538803,-0.370598230950246,0
607947,-0.5662238940186384,-1.396571633422989,0
590242,-0.5252943254802551,-0.4038330758901704,0
642004,-0.4629888783587092,-0.9739389996348673,0
378005,-0.40891266557994427,0.47706498376883955,0
262002,-0.4061802593514898,0.9236792879147492,0
475457,-0.4662907029000391,0.7976751483464184,0
970640,-0.591303536474247,0.39181350469212645,0
430127,-0.47189990087679584,0.6581851202762311,0
546764,-0.20635873657576703,0.7174968555897604,0
637579,-0.178203155486061,0.6348852780921813,0
992195,-0.5871920138981493,0.14962221164390957,0
722311,-0.5699824611184143,-0.3690440553099994,0
427980,-1.1176183012220975,0.24598551080293637,0
879166,-0.5503368130365334,1.0980537487476703,0
977239,-0.5739444874174386,-0.13641752290036077,0
502929,-0.49247631360753696,-0.9727325172935766,0
384072,-0.24564385616785517,-0.828895946239121,0
233555,-0.43070922590810135,1.1601460953884657,0
234919,-0.5104340575425007,-1.6939199778035967,0
888918,-0.6714391885929374,-1.2909789256922066,0
551422,4.567897807324981,-1.665571583059939,0
662500,2.9785526260130073,-0.2870502181057677,0
25831,-0.06848289636362588,0.23850562371242076,0
297532,0.13399524143728056,1.3902167558527867,0
727456,-0.6366546651726839,-0.6193035259756504,0
86344,-0.5988019701932581,0.29285587067742763,0
138403,-0.3764741409260155,0.8440928703930455,0
221792,-1.1450494648073424,-0.6983531350664769,0
921402,-0.6399991418437877,-1.145743333102213,0
470942,1.9194244635002458,-1.0747791847591155,0
326578,-0.7845833391303273,1.9697488728865995,0
333660,-0.4622356498176794,1.0346055653776118,0
494453,-0.3719638298130781,0.1543899743517927,0
872325,-0.5592474183468251,0.1814092339336149,0
298686,-0.5031890373192301,-1.4398944833337166,0
175383,7.184989283287103,-1.0998529911578094,1
911555,-0.2432604435869229,0.7929660828648748,0
453620,-0.26632176029993365,-0.4664696839518654,0
938626,-0.42819797324080083,-1.12287874306753,0
388074,-0.4434124847786374,-0.28845542867303886,0
503447,-0.612482065435444,-0.6449407933379325,0
511187,-0.6294974276398453,-1.4273344308834395,0
575309,-0.2569646465632471,-0.7782662672479533,0
133617,-0.6224890959279938,-0.27587589540230706,0
934432,-0.46179829497278313,-1.0015087368412225,0
607170,-0.42363541345686845,-0.38525799136511785,0
47464,-0.5058482760693997,0.6053502125232857,0
603054,-0.6382883071643459,-1.2500236355435925,0
152191,-0.3572496490940754,-0.9206289162086769,0
349283,-0.08596226070572333,-0.2451759843644326,0
834657,0.6760830361624236,-0.3487116743321394,0
806076,-0.46958877575197194,0.85026399947126,0
844160,-0.7530242590010097,-0.24548495484757604,0
287618,-0.42832615397697776,1.5567762118121877,0
162950,-0.0681199972223268,1.4671030375893448,0
632720,-0.5511359617313364,0.6563687603991094,0
665555,-0.41951444829858314,-1.5573058511358258,0
134848,-0.6368715928836037,-0.4319393134850827,0
228606,0.3031534082696057,-0.7989329667209571,0
906912,-0.34314068069433307,0.39474771146366605,0
562708,0.11026095398008282,-0.4965166387993669,0
749320,-0.8596936241552312,-0.9373960413624863,0
200273,-0.5531394068503007,-0.725673566116004,0
292632,-0.49531601451874263,1.025852165561863,0
632577,-0.5003905272936668,-0.5896466718475,0
727958,-0.5990212048812549,-1.166295834868242,0
523621,-0.5629476422012435,0.9724125618662335,0
465373,-0.28525901529086034,1.074871479037978,0
178871,-0.4266306633265864,-1.6063869710369443,0
846533,-0.3584189764122817,1.3059054221448343,0
8659,-0.46463305079958417,1.2436203307898577,0
823045,-0.4846489570343593,0.343542940157164,0
14073,-0.46544069578584113,0.6580925586716168,0
543682,-0.4439903542772739,1.4630076164111128,0
10970,-0.4169073109788164,1.9745166400215914,0
967960,0.534270927449853,-0.16678652715539,0
198775,-0.5803907931686259,-1.4108262004931829,0
233751,1.0398702865483653,1.615883440998049,0
784864,-0.07196012511704873,0.5897362931412341,0
583675,0.18017410004333792,-0.1094016134709197,0
56356,-0.3992949962543157,0.856984897116493,0
664285,-0.4893866965104792,-0.024034441021387448,0
738540,1.4673411408063661,-0.2381127197592776,0
34189,-0.41784162291016796,-0.7912895067340381,0
726276,-0.17020412137281124,1.470223167194281,0
311730,-0.5973383985464972,-0.23627217237830078,0
35228,-0.09891167776490993,1.6490226278454128,0
570442,-0.22996862646620017,1.2279422024443598,0
988494,-0.4038919806916763,0.28005645502113263,0
922765,-0.9491105899579998,-1.3540514548213287,0
270997,-0.44855142368880657,1.210866126116345,0
366419,-0.39156374878673034,0.805493788992817,0
137782,-0.5734884196571782,-0.30164801738007435,0
919548,-0.2720541561272629,-0.27950618473773925,0
961382,-0.3789402859793194,0.35572401180092217,0
308292,-0.3447286654094271,0.13866963364880885,0
880557,-0.38208782977544337,-1.1707545225264615,0
688793,-0.6045267641954645,0.09841529905533186,0
637367,-0.9338829861349607,1.6906148820340152,0
628346,2.067817765273941,1.3712850028930001,0
820239,3.4928383355396173,-0.7145678549918985,0
247908,-0.63695720722145,-1.5659725599548735,0
764213,-0.40532909756413044,0.6734508234500898,0
965028,-0.6595427783321304,-1.4850835316443656,0
465910,-0.4575076778136348,-1.3838503073642427,0
771268,-0.5724808632588857,0.4087841925212924,0
668609,-0.013025444522539655,-0.5245300524577197,0
88524,-0.6147929933084153,-0.27530177849240667,0
347061,0.047701709205870337,0.7843130666447287,0
247829,-0.794910162673978,1.3841747079492301,0
139090,-0.6496530564781291,-0.9137886146367126,0
386176,0.873650315135229,0.23473654121659265,0
586829,-0.6479803878330669,-1.350644923418947,0
951522,-0.3286373841040503,1.5474838092343948,0
386143,0.440638908551507,-1.9454829659754203,0
204127,-0.6255690662000352,-1.1008899743791511,0
350659,-0.37868168153190485,1.6705682112625966,0
295580,-0.5964644446130251,-1.624867218507745,0
188710,3.0441923968625324,1.7072364196885716,0
981383,-0.4682446938163194,0.1269727488367805,0
358620,-0.560770183271558,-0.7582643350519981,0
399739,-0.5712345073443618,-0.3749573919049186,0
670014,-0.9416158148582308,1.532034850560386,0
536999,-0.38520512126329653,0.06311175422654182,0
764128,-0.6124396801650696,-1.0210800274261917,0
290068,0.575624281628737,-0.14290818578642986,0
913611,-0.6817583969084351,-0.449690460068232,0
933281,-0.41735964707892986,0.9448749613789384,0
414822,-0.6106947928591409,-1.5531176580196429,0
901960,-0.6220467768301419,-1.1305835667922621,0
86639,-0.585580590548772,-0.12908553839145046,0
692768,-0.3789110445442733,0.16197496831834926,0
218538,-0.40256498302401733,1.4252408041859093,0
372178,-0.5674823794361837,-0.5046283439792636,0
528709,-0.741255460808048,-0.8884762674524178,0
516130,-0.4990839349273152,0.7899309262594539,0
439993,-0.6951384137302464,-1.480891462265086,0
601777,-0.482455409638957,0.5979501155781077,0
18008,-0.5166646635823923,1.0756912176624784,0
211719,-0.3030473740739219,1.6734020990030354,0
250951,-0.6264032488417821,0.47673573935176955,0
57284,-0.28926156643695194,-0.5925110821903765,0
468080,-0.46945188474839217,1.1817481690935496,0
565817,-0.39345816926193855,-1.270021677978657,0
407491,1.0336607273320557,-0.17657080292803568,0
544848,0.10974619149229252,-1.09711055579607,0
24272,-0.3191347929516961,0.4022777734399204,0
491521,-0.41014751474950384,1.4750112239887179,0
726491,-0.6337243163825886,-0.2806344503044762,0
677119,-0.6266264269187898,-0.22206492764979452,0
578699,0.1587453990908357,0.524159701199429,0
606721,-0.5403988333692906,-0.31860924407886865,0
536490,-0.37041353266568167,-0.33402937571299574,0
727185,-0.1951267442041525,-1.1470774318458647,0
71335,-0.49173246613981586,-1.4792198082366295,0
104336,-0.6593271565968318,-1.9100673879677978,0
94123,-0.22985337127162242,1.8127175827674369,0
307238,-0.2725071683115292,-1.08084260233556,0
871697,-0.1647837604659936,1.0043040368838407,0
808804,-0.4345643825780088,1.147028724479313,0
226849,-0.2553065840711987,1.6595518635313007,0
686654,-0.4763877683168335,-0.414688831775508,0
950799,-0.6527186802146472,-1.3548223538831523,0
144660,-0.32287654905551616,-0.46347383616159415,0
156743,-0.2631434890621415,0.8080169601475672,0
633628,-0.2865716329986246,0.2816430220408806,0
746690,12.133787359508444,-2.8694442566136464,1
96776,3.5631994030566463,-0.8669134485269083,0
364190,0.7734716274142281,0.7813898523995287,0
382316,-0.5003009590736242,0.35675136590014006,0
264296,0.11999217981791448,-1.2849384198215519,0
681053,0.7256007622183406,0.5173735892439795,0
854940,-0.38210733767265703,-0.023975791343354785,0
322762,-0.49037706299288053,1.6795135940253763,0
822360,-0.9077657712472986,-1.0365616121044934,0
654507,-0.5145914365253017,-1.3772810275396516,0
868325,-0.44864890489685044,0.936128423441411,0
637814,-0.2840461633247706,0.8344541447660799,0
631326,-0.5299690454515482,1.1216795499814105,0
835901,4.078774914846837,-0.5281237382601471,0
570643,-0.621830596349083,1.8806221885272925,0
123262,11.660099331732498,-2.912730684923566,1
704065,-0.1357705029171157,1.7321141476604345,0
10281,-0.4943252710121766,0.48839208901057485,0
131640,0.15147090254083156,0.8434614441502255,0
995140,0.24731703418856102,-0.7438368588378778,0
679692,-0.17356647643273695,0.25702941307944466,0
100240,3.543545502315757,0.24775495015032278,0
955339,1.3572595326665096,-0.28560698361211084,0
344692,-0.5249793470075877,-2.3947182224925245,0
389656,1.150605838720938,0.21411454186251955,0
204176,-0.219798783799404,-0.007358388492774723,0
82966,-0.69463957806853,-1.5466950152576309,0
407594,0.10551020118987642,-0.3716123393727139,0
316893,0.42969329159307507,2.0817020131511255,0
50459,0.7582727947381953,0.5219024296163534,0
940971,0.7709678266562052,1.100046683727866,0
932336,-0.5580596728347386,0.23957815979448172,0
419181,0.1726771566638938,-0.6097823202510848,0
653426,0.1651930707358396,1.7801092737468658,0
415273,0.010108182419303984,0.1680881939860598,0
891365,-0.4810740945446044,-1.0060241461305188,0
656874,-0.4551749258067675,1.3022337738401482,0
763001,-0.6573129453483355,-1.3782403228660163,0
407930,-0.5179386037925051,0.3600456492424363,0
277917,-0.32227714186449935,-0.4797572383270088,0
654524,-0.5528060825284091,-0.644279875982089,0
388668,-0.5003750034231564,0.013744521607373996,0
106695,-0.014029976675995705,-0.632667984037498,0
513925,1.1841399497860685,-0.9690173656415061,0
977030,-0.1263069124517708,0.8759746302145983,0
117746,-0.3948421077919014,1.1811645761924778,0
852506,-0.24004209749651764,-0.819331155930209,0
145842,-0.3561978807645212,0.9535120603834927,0
520091,-0.13567225193491625,1.0945389416359539,0
429423,-0.5999263531359146,1.5920368452063316,0
57152,-0.27299764193655757,1.5851450891140004,0
193864,1.2502866710814342,-1.9531070912269433,0
199153,0.006371481972768628,1.0343604816012177,0
542146,-0.35444423336915365,-1.1950132839125855,0
853790,-0.39519844003392296,1.0441976992446917,0
813744,-0.39530701860227346,0.833721555244571,0
659370,-0.5085184022274166,-1.3463563396549734,0
889359,-0.5379457875536152,-1.366836852825068,0
148032,-0.44152104644169843,1.8236383452135922,0
367471,-0.5739688335019498,-0.04151766638440876,0
924113,3.1325614996977005,0.704763720927413,0
168209,-0.4040652445597536,-0.5629739993939454,0
728998,-0.5773772410286427,-0.6324279910149273,0
242992,-0.4347022515241338,1.2791950082688748,0
471270,0.44085060587241187,-0.1389303292475507,0
172833,-0.5301692670283474,0.7728764501379554,0
604924,-0.4714227456666529,0.7770149005352901,0
350157,-0.6343494316068131,-0.8375164318012976,0
422126,0.7237706804152437,-1.4300816488510713,0
90827,-0.2640963450253553,1.5601529894749224,0
770424,-0.5017905232363178,0.5744080215365871,0
494906,0.7388205539381212,-0.916059967650137,0
660216,-0.2391862262095678,-1.0594546243494702,0
987906,-0.2953482921453451,1.0131139043532393,0
556557,-0.4940255988327636,-0.05071925269568216,0
527361,1.1205674983457221,0.7789611472965844,0
114642,-0.8072210774202384,1.3534575327096936,0
249625,-0.5718177636855702,-1.0846534374426196,0
113331,2.06010202667771,1.105618291063809,0
325799,0.2308111513487932,-0.04196970696361321,0
642739,-0.5092157418475017,-1.5093389946032973,0
877656,-0.3185049890343235,-0.06606262014374702,0
411820,-0.2801968342143825,0.43887626939959373,0
295821,-0.424108378567249,0.23588304862255152,0
874957,-0.6046089146618606,-1.0383766197939022,0
974903,-0.5042297212531246,-1.167350647555603,0
547865,-0.5193063477380124,0.14853052158046176,0
150850,-0.059258247246800295,1.6139290969166882,0
423049,-0.429290085448515,0.07222411174319714,0
85076,6.812003368157897,-1.6183333025606619,1
55609,-0.35054849267787247,-0.08762013893217657,0
961952,-0.500728737926623,0.14617316454002655,0
287546,-0.489402681377877,-0.6040514491947664,0
260724,0.2744632030052249,-1.5918855159857346,0
560030,-0.5582315443556528,-0.6864599324188613,0
773492,-0.44977206773137635,0.8202998593777285,0
203166,-0.6285539075198092,-1.0930834851440383,0
143513,-0.5970084872177346,-2.303392666656802,0
518252,-0.48082531667098927,-0.18319308603380122,0
575319,5.643712198846301,1.7592392450583973,1
62055,-0.5032794591286098,0.7029116799257441,0
575275,-0.3018055471185915,-0.5230215596082269,0
95023,-0.35425394207665634,0.09881202033145106,0
831126,0.20829135179351543,0.023878260419924396,0
476864,-0.5315329079403338,-0.664003831715821,0
774024,-0.35097763197254206,0.1879748431328876,0
286364,-0.2669242136475866,0.667521206184367,0
740115,-0.06410620246569129,-0.7512080421082851,0
248449,-0.6106446597246495,-0.1864312135114888,0
749069,-0.5796556854385554,-0.32150285298019154,0
84174,-0.4472699619663959,0.3886340998512101,0
443468,-0.5476263809364027,0.4108793063296973,0
116099,-0.5237290733385068,0.9191410929246717,0
645961,-0.5205505741096192,1.5110705569259058,0
741688,-0.5612296918333352,0.6475015113332714,0
877038,-0.15037195270686984,1.5518069249946718,0
613140,-0.5834301321261659,0.6259052357889234,0
31719,-0.03933931316552883,-0.9511059572572841,0
347858,-0.3125980156867225,0.27359270479153,0
634833,-0.4214897933638732,0.2719152459963296,0
68075,-0.2880620011082561,1.0252864649910864,0
694629,-0.4041940234658176,0.8046423341005566,0
669912,-0.04586796306389693,-0.5211009752575124,0
484362,0.06409238959360082,-0.14839626485080243,0
97682,-0.2966228695383652,0.562589204835257,0
586845,1.5468916720460135,-1.3516316216056037,0
642935,0.16850956773876358,0.9495938119292608,0
1688,-0.4968692558362164,1.5230369334137144,0
316179,-0.6925180317884081,-0.6411636113517666,0
529972,0.2766825605166356,-1.1131057999181468,0
580428,-0.4076144882952378,1.550051299993729,0
760824,-0.5918647251559491,-0.16476144427463688,0
749366,1.2820992607233954,1.3926356073040524,0
565743,-0.7008781745403472,-0.49963032712341704,0
986564,-0.3355081902357295,-0.44285410736235825,0
172535,-0.43798379513363755,1.1898308841495713,0
730591,-0.5582828709882524,-0.7927537982176285,0
581839,0.9594736385247995,-0.9922423449925072,0
283941,-0.11327746466920295,0.790056370785996,0
817740,-0.6102724490077784,0.3002488910943051,0
255323,-0.3715849375057466,0.6569046144508871,0
642901,-0.5530501994992203,-0.7939656238022424,0
558499,-0.40426235040663866,0.8596821517979344,0
341417,-0.4551206951217035,1.3285067031641449,0
679898,-0.5639855652542789,-0.4670249754632589,0
855550,0.7413307459522752,-1.10627305334071,0
312743,-0.4779218262936492,0.5343715074191329,0
640064,-0.43798462643777886,-0.5883307067370491,0
354714,0.6011660567859837,-0.6251314522566193,0
878008,-0.471202710221506,-0.9174791817676445,0
859843,-0.1589732504795257,-0.35771455332562496,0
560821,-0.5536270235919266,0.29494213571911776,0
945188,11.813918011916861,0.2681224500785129,1
338212,-0.592316830147728,-1.235352081943664,0
161166,-0.7009777587929237,1.3830686150022964,0
914288,-0.3616365549437957,-1.2167988471113658,0
745047,2.5582164707724306,-0.5216679726477935,0
772927,-0.28254889576949904,0.7331143315064836,0
344967,-0.639506852934308,-1.7363944354065959,0
681565,2.0651459593137753,-1.0352213800921728,0
28483,3.4347506911684604,1.5067723420139532,0
546718,-0.31273387910522277,1.4385091182718497,0
218061,-0.5410969872235033,-0.31601503331019065,0
292605,-0.5490748444692684,-0.4053120482416949,0
177049,-0.06833181232084472,-1.6999292589124613,0
210984,-0.14998859563477215,0.52769907742515,0
652481,-0.21748581706508657,-0.5860166379577132,0
295401,3.7199031427367024,0.4615817275895328,0
782533,-0.7964985087519726,1.352172770341085,0
819784,-0.44230582274938085,1.0798020046130168,0
65190,-0.9000613824948148,0.7627615308898749,0
835055,-0.3194465144625906,1.1135480236672732,0
206644,-0.49136539604897667,0.4896248659208214,0
530466,1.619278239232459,1.2857350682092756,0
518554,-0.5939480347650499,0.17020008220511654,0
548208,-0.6497571980185463,-1.7482841606302384,0
713360,-0.5356611758989617,0.8758069710017862,0
341088,-0.5528465062279879,-0.0457853520724023,0
467419,0.654308786319126,1.4501805008713802,0
983163,-0.18104704185170076,-0.4123602417934523,0
596243,-0.2142109628239257,0.6917130807157046,0
88293,0.05039834413190395,1.3618982427786457,0
273847,-0.5698642279571311,-1.8073857993819256,0
21620,-0.5727375743425087,0.14414897424154524,0
66119,0.08149171792729225,-1.0604117017629662,0
827998,-0.12751239856823882,-0.08811692377952327,0
849467,-0.6691230889735513,-1.8863542329075846,0
66972,-0.512846807821793,-0.33260337059891626,0
667015,-0.320184531099044,-1.1799325901198636,0
379237,0.8755579567266418,-0.17948124360746645,0
435307,-0.42430499671618715,-1.8694124269706556,0
570731,-0.43345374705404616,-0.7053917114565111,0
472868,-0.3637760000707694,-0.5548399381680593,0
874942,-0.7319880412634966,-1.1113590917846417,0
698576,-0.4860269814708336,1.3629210818809674,0
569590,-0.5245983993818506,0.6562919076207393,0
174579,7.744224848513701,-0.6663648051851385,1
821794,-0.6278749170762897,0.0615152642920961,0
142576,-0.05454988178075539,-0.7481456556895183,0
802583,-0.08740492492375705,0.9659789618882791,0
28190,-0.4442894326506469,-0.3853791131453762,0
473588,-0.7286876763002189,-1.0731150583863274,0
920349,-0.5438024603753164,-1.5995573637292186,0
499799,-0.34270260205415726,0.7124958734143213,0
798654,-0.602830568529264,-1.7098612261372215,0
265980,0.21546417570427562,0.12414056892241558,0
853588,2.274779129923218,-0.3014342496737296,0
394286,-0.40003800851505816,1.0530526167778624,0
986730,-0.43528993083384343,1.0335047709729717,0
751225,-0.11226042444483136,0.603065172124434,0
425063,-0.3393136517475437,-0.12063783489216304,0
525636,-0.6261142545005411,-1.2303077014834343,0
248103,-0.5499057832497103,0.5771778797111327,0
167673,-0.17846012133689154,1.146759748066678,0
25564,-0.10670647998724839,1.255884663455942,0
48353,-0.5438482588247641,-0.83317091934536,0
6991,-0.5544419523793512,-1.1452403526640933,0
310493,0.3145063112108833,-1.4281394349729193,0
618428,0.008782675829003824,0.5049517746475294,0
89711,-0.20176268985005225,1.0437778259619193,0
406290,-0.22342648541345456,-1.79540033845478,0
316191,-0.6178134269015062,-1.815135243115509,0
900014,-0.37481754610835316,0.43463282104560397,0
281487,-0.03341182377314041,0.13300065007277395,0
219260,-0.5315211450747578,0.9238162603740905,0
432579,-0.5832247789672207,-0.38859519185266883,0
3187,-0.5718711639428778,-0.5289066536896617,0
936863,0.31679845209863705,0.35785763776619095,0
186,-0.29372532036543275,0.12877969433329095,0
828512,-0.45997178159726665,0.8329319796275283,0
987705,-0.41687399867953834,1.4897436704232583,0
363639,-0.13936025820148296,-1.0302894351469565,0
857705,-0.2797439056191952,-0.7500425225701376,0
923787,-0.22398148831383016,-0.2250003840512134,0
780608,-0.5940479331585579,-0.9200480816534072,0
605585,-0.6793379803341514,-0.7198804379766833,0
673139,-0.3719186925393649,0.22128475648511906,0
769000,-0.42691012944635504,0.6105245177867091,0
988561,-0.5619997932178905,-1.7328138588585753,0
839930,0.48714040346832765,-1.5987444575274778,0
556518,-0.6280388480942151,-1.1747844140774757,0
879040,2.959788856034228,-0.7955614460960097,0
716325,-1.202329127975618,-0.6782448350335738,0
116804,0.27168878263908264,-0.5147079103127612,0
553497,-0.5780878959375827,1.0892347967270644,0
118593,-0.6342590277664983,-0.9043412979309998,0
226601,0.40090637259520234,-0.776065080728071,0
717659,-0.6113494517093351,-1.7462659781725165,0
782154,0.5975237252424866,0.5487303115819699,0
544743,-0.46871970456365875,0.6739720938898668,0
776977,-0.8251468405120013,-0.5772654761184494,0
952532,-0.23916416996410117,0.4941661105688281,0
138560,-0.47390279052034623,0.7653463899968473,0
942492,-0.6681653606665332,-0.4840527475619029,0
341626,1.076160067372075,-1.1047415804209022,0
150876,-0.48176245844365617,0.345108491938698,0
524597,-0.3546846798845537,0.2821810026869133,0
989443,1.9564397746615754,-1.0274233535926607,0
842295,-0.4509665765620598,-0.4153706586080218,0
1420,-0.5036508064600784,1.2330100707753517,0
41148,-0.5351303875809141,0.5891371774270466,0
139894,-0.9412286435545438,0.8615000214824236,0
940831,-0.6961814472639158,-1.3298002917221585,0
528464,-0.4522456860096108,0.9018542030802079,0
229498,1.8322083304154357,-0.49792578370810026,0
171814,-0.9966024317160398,-0.050156092412568895,0
911537,-0.5260949410936759,0.16405835971989768,0
517518,-0.24071642814939745,1.2880847683527685,0
572723,-0.572077208040696,1.4069104729387134,0
409043,-0.41420155421874066,1.527536797352902,0
61336,-0.15898024233724986,0.22509919280578417,0
470884,0.40433843258922647,0.8456442407297778,0
208700,0.601945856599332,0.5877838350610537,0
480310,0.9798363152084328,-1.6431705106943308,0
178921,-0.4525155075382081,-1.3573574365058596,0
284129,-0.4845398974318459,1.304842427814362,0
148100,-0.7051637540659927,0.6304441960291167,0
311114,-0.3332934029042595,-0.8640059502190537,0
310410,-0.35101155827764746,0.7577180987305469,0
64222,-0.9252942654977964,-0.9561471365237322,0
472435,-0.4899102380260125,0.4893698169081481,0
767456,0.4356487428657303,0.701165860237131,0
753347,-0.5247881663155638,-0.046562153754744894,0
243193,-0.33720122122593843,-0.33856056376310195,0
258968,-0.417690556846117,-1.3340663046326044,0
648195,0.22642350589434052,0.18841061822430055,0
342144,-0.2107775062550431,0.33736411945370637,0
18207,0.5191923286478126,0.9308384378848625,0
15320,-0.41281001420322655,1.3548562241318294,0
935377,-0.4704238585745451,1.6962496427486728,0
900271,0.6762980065103361,0.9453284853592999,0
135143,1.664086659225301,-0.46367313928463244,0
938095,-0.4438201012659997,-0.48500486642189006,0
374469,-0.34699655415501446,0.7471422659643676,0
92637,-0.3084487168343051,0.36425042683693354,0
213062,-0.5552380152053856,-1.2916901542590993,0
641556,-0.5502209535123871,1.0494514567810926,0
719801,-0.3744791339318551,0.8838235691307113,0
606638,17.84620802269104,-3.1806434639903753,1
257016,3.688793831613277,1.0271778612908222,0
266422,-0.6295714879801673,0.17442234742860088,0
137456,-0.5493399329223384,-1.7357721413354141,0
698401,1.7201273467939024,0.6520922761762781,0
459215,-0.3802800838215674,0.525473504803423,0
701772,-0.07704206434809335,0.42418128017909257,0
465621,-0.44811610858122214,-1.1292558689825576,0
788726,0.6799495416155689,0.8080177085960736,0
348320,2.4110414438618215,0.3950809461290943,0
43196,0.563430940244785,-0.28879848434895344,0
472316,-0.6416060875438561,-1.3522493831977316,0
912631,-0.47467746625040286,0.9344719867799722,0
84824,-0.6368088990776056,-0.2079475699214337,0
591877,-0.46625601656747145,-1.0542488300992234,0
573703,0.4523715924586067,-0.5176332039363954,0
494053,-0.19963314561613218,1.2905395314663854,0
698633,-0.4319774524194584,-1.0959717185376532,0
749780,0.28170430645234595,-1.034853664023729,0
317119,-0.4750256200717709,0.576379699179098,0
600960,1.194921882055913,-0.9562183051432408,0
688456,-0.6091731526280436,-0.6074960998848135,0
883201,-0.5676557764612055,-1.1932001117208937,0
919874,0.5528281154769824,1.2040550095376563,0
270982,-0.516182087600279,-0.13478978296345556,0
199838,-0.7045698184048701,-1.3673124819294002,0
974207,0.08247188152846943,-0.1653825403258252,0
794147,-0.11506859914850631,0.4133386974497344,0
470149,-0.6699126918209037,-0.9675685864893404,0
253023,-0.39587607675329683,0.7795800075080395,0
20430,0.19174630990071706,0.5656527455503932,0
397548,0.5214731634488514,-1.2504927955832548,0
435534,-0.38516340306566604,0.9053610611591408,0
233493,-0.5969432200404393,-0.8758570610888985,0
592567,-0.6170662012168447,-1.5557913516791655,0
339673,0.18731012252296772,0.7588112315216211,0
912042,0.2508818418421525,0.23918707854788482,0
736473,-0.41291682995671963,0.2568649678595679,0
183978,-0.6710796840973816,-1.1134604058457542,0
472702,0.4290935007845905,-0.8713957741548723,0
351991,-0.2774222407341142,1.227844917335545,0
770155,-0.5398710962927352,-0.5610577922802641,0
51571,-0.5788662147500035,-0.9375633483613944,0
287634,-0.40997071187521666,0.9576670854794195,0
930941,-0.38699652387909766,-0.10243333877297366,0
162709,-0.5573648832354228,-0.6821734763133613,0
299695,-0.701562269617397,1.1204573006961807,0
814776,-0.24793338658085587,0.3490140853199106,0
918193,0.36158427907007856,-0.11669901763189787,0
102495,-0.19863756319705042,0.04193881849494784,0
934982,-0.5642387095363751,0.1841625103187125,0
864191,0.045747516208651785,1.5785389953023174,0
740129,0.044625384917555216,0.9294458491749864,0
212316,-0.3749540673392561,1.4042655752434126,0
96038,-0.5335450176278459,0.03303844963986442,0
261767,-0.5262695989406065,-0.4457709490354254,0
797898,-0.3895301989447849,1.5193157784320126,0
433808,-0.3978450892063975,1.2235511192375326,0
878444,-0.5607734524945828,-1.4713037814641194,0
749973,-0.32976464909382047,1.0043234388898719,0
866792,-0.28128414520669826,-0.2621814804599923,0
489291,-0.4107363470165615,1.7637266164006196,0
746892,-0.559933044684783,-0.41689096652819746,0
60426,0.8402903911012309,0.36625503725863756,0
852055,-0.6299822634576485,-0.8076886776503625,0
398712,-0.3912258152646177,0.5874990879284571,0
441904,-0.47724221765997143,0.3765298000259938,0
736864,-0.6224587602770241,-0.9047803859363525,0
450051,-0.3834544470533058,0.3970546818450935,0
783303,-1.0238681223314323,-0.07740870342034452,0
990101,-0.2589197700497055,0.006355838189758916,0
910862,-0.3413533836212737,-1.019322596706079,0
203767,-0.46119917067385646,-0.03059080470106569,0
958980,-0.30210741441704786,0.7219806173840337,0
756920,-0.5281364523779654,0.7267958169933598,0
220794,-0.6816912905829406,-1.1243293605951539,0
246490,0.5314242954592795,0.2011029314007224,0
104202,-0.43335430655369955,0.5916023262585988,0
43901,0.11640269182852007,0.7942197956053161,0
463476,-0.6540193314883703,-1.388821274727559,0
15027,-0.25390739484515806,-0.5077566846533137,0
671106,-0.16591453390315314,1.3538302409794254,0
46483,-0.5511816734858125,0.12102424393217735,0
45454,-0.5103915221491827,-0.25945070574264634,0
440814,-0.4115573809536748,1.2905609877294535,0
476756,-0.3532984048155641,0.2125873829494949,0
493284,-0.4511788147395072,1.0661672410251517,0
311913,-0.48918026032876766,1.163747425516893,0
694306,-0.630825219571494,-1.3612491226405217,0
10788,-0.1419518171389737,1.207511597677724,0
951441,-0.3292100593802346,1.0417701763001428,0
250813,-0.4391752619612119,0.9243375118591798,0
234996,-0.49103283642561857,0.8820957270593376,0
830280,-0.5382614356261645,0.7388699644874076,0
188735,-0.433874104093842,0.4400407254923594,0
257104,-0.006403703426848149,0.47664030839810984,0
384737,-0.3674620910159454,0.9008570610350184,0
203338,-0.004459057330463086,1.3850095578038837,0
112502,4.132129849919789,-2.405867247702582,0
703029,-0.15310623284780256,-0.2045183416013334,0
478022,1.089705296853946,1.424739195605551,0
678022,1.1163229380200879,0.8321491509244424,0
370778,-0.7575596256442712,1.345744093492081,0
775780,-0.5546556071188988,-0.5636068885787695,0
776951,-0.49754684024168744,0.7922188840529373,0
336406,-0.4321104747167549,-0.6649753750928621,0
426548,-0.8085408329441562,-0.5771979318999392,0
482580,-0.3550686819729736,-0.1945548419162065,0
851263,-0.5289311466369646,-0.493242673648086,0
189059,-0.9423131614732472,0.6794420052604644,0
434094,-0.6934455557806715,-1.2760703765472214,0
801020,-0.35665335334992193,-0.2020181768212822,0
198581,-0.4519098730095702,0.2644837206689356,0
943369,-0.21559308293799895,1.4411212057824456,0
969467,-0.6882972113803453,-1.0519528887739957,0
808358,0.891322604761494,1.8716430624334088,0
228922,0.24149718826388633,-0.03091445273693118,0
73434,0.1381950689426938,-0.7621047919577647,0
82968,-0.41184008255596277,0.7894636960497068,0
973507,-0.3140632423253897,-0.00815265675179397,0
180106,-0.2885354895557923,0.8791788465240917,0
161306,-0.6159555460547418,0.3995504062825198,0
429902,-0.014686578949267389,-0.2607236543090242,0
268994,0.9725961899074504,-0.05728123430529626,0
319755,-0.2100849323800889,0.3615650384045079,0
756987,1.9306971370560424,-0.5565234426022662,0
574293,-0.6780728745640698,-0.5333404490234573,0
142498,-0.7253345189102227,0.78301975880317,0
428579,-0.4359802256422112,0.6354692208706878,0
416363,-0.48716257126463236,0.625230163471917,0
93059,-0.8934487005591296,1.6093771863270112,0
309790,-0.5659369327602024,-0.9847415527671487,0
652487,-0.5897780790447813,-1.1790027529645395,0
935272,-0.43158753765150965,-0.1266262200511655,0
124022,3.902434026806829,-1.1536105836741068,0
757968,-0.752845949875625,1.3296859804619825,0
540939,-0.5909780563552299,-0.1383290807531687,0
434564,-0.4188501881094864,0.9849820750316115,0
415117,0.5063941920633118,-1.5077467042038437,0
615425,-0.4338976843293733,-1.3859628376791737,0
674240,-0.4204553764850151,0.23428096922415623,0
511986,-0.5629762481816125,0.09451360380894774,0
986800,-0.42511785424366444,0.14196041704306228,0
729726,-0.6316985096449904,-0.6251658608344527,0
298964,-0.41212779760290597,-1.4678569240586872,0
638947,-0.26307073738885944,1.7581349280015615,0
846762,-0.4661267021340226,0.3680025124483752,0
506447,0.05479456826913939,-0.5590231473485409,0
810533,-0.3163232853554002,0.8274911352202645,0
254578,-0.3159252461582518,0.6701643823654734,0
232955,-0.13598357145162362,-1.5573962174491238,0
157416,-0.5385491109853906,1.1180531707763746,0
285393,-0.590026575938225,-0.33710333371193896,0
552701,-0.5351227456277092,0.15021131904179294,0
273317,-0.39393192014744427,0.8944957861899712,0
293189,0.23885601756184455,1.254796874054874,0
571987,-0.6096799606284704,-0.2580823340667455,0
210130,-0.5327319539473919,-1.4261085892933933,0
278963,-0.6362133984314357,-0.6136958560323353,0
66743,-0.4157374966902156,0.9393384579851933,0
661791,0.12148611410000147,0.3996931066701039,0
36859,0.054442972215228286,-0.2088783114523237,0
738967,-0.015481628578278485,0.058169401871315425,0
463859,-0.1301784130957309,-0.8869917187607103,0
229102,-0.6980795682109993,0.4939720814059368,0
922911,-0.3665902030214065,1.035785370495938,0
250343,-0.022804622222319583,-0.2762363061293288,0
753577,-0.6403561456441073,-0.7598836382923841,0
616460,-0.4231482692765858,0.0868354446814744,0
232897,-0.5268353795077627,-0.11848050657514182,0
876087,-0.524339042202332,1.2985970795629094,0
318420,-0.3338057323707753,-0.5889691830275459,0
500255,-0.6586251939979997,-1.722796213468948,0
657176,-0.33820966029768057,0.6156227987727962,0
404972,-0.14803673214779606,0.9776369490612876,0
477363,-0.6857492063366261,-0.6899382645113566,0
219582,0.625614205938134,0.2154690445921958,0
211636,-0.3638602178314396,0.8965509640776537,0
834382,-0.17644711129624574,1.3236996676152888,0
764676,0.7353669839151165,1.307666989890379,0
791942,-0.5190272326157374,0.5660545845807653,0
184426,-0.4926321035250372,-1.0880810685045474,0
945548,0.738826069176726,-1.8941740924815136,0
679378,-0.4760380175153378,0.08213240496486544,0
30005,-0.7279756882473961,-1.2348220866737518,0
294104,-0.5238256074667111,0.8175773894165481,0
771656,-0.7597068874770229,-0.49359762861439477,0
343666,-0.53338589494311,1.1301626566019347,0
275109,-0.5293588875370764,1.6901404573745955,0
302651,-0.33787082793535134,0.006545069232032259,0
786183,-0.5663911516725264,1.8093983635550819,0
926558,-0.49239357637762593,0.5423671483264904,0
292841,-0.4156651272484647,-0.1537378393450234,0
460471,-0.054946417584722726,-0.28334498847088085,0
724263,-0.6741680491348543,-1.4177693313339292,0
374689,-0.6883520646882922,0.8884368070523718,0
865360,-0.5994114986530399,-0.5633662900370546,0
691911,-0.12704442843170083,-2.546875153152373,0
433974,4.102110532257324,0.18119013176845924,0
355089,-0.27814470726027435,0.3693011566094724,0
610095,-0.5990516964801154,-0.13793581065396412,0
411529,-0.6763076864649447,-0.3339619884647623,0
362351,-0.9531208503917115,0.6150131766261674,0
792664,-0.39120460657438216,0.47211179729862285,0
252686,-0.3914152464035388,-0.45453823301828467,0
898318,-1.0920480013271734,-0.7218363018936003,0
547586,-0.267276015230166,1.332659728997302,0
435081,-0.2977632751742603,0.2560431442683675,0
88847,1.4777407743805047,0.7590692177802238,0
743297,-0.04696402502094138,-1.3800051062069638,0
958881,-0.4150847692384404,0.5109927507920371,0
166877,-0.4120050897198798,-0.8661904607371779,0
689486,-0.5488075495284537,0.29237504569101114,0
546262,-0.6566872023168226,-1.5578670448199323,0
849890,-0.2253904372344736,1.389243206011845,0
920978,20.669518797800674,-0.5912870449365624,1
306235,0.015517000162983841,-0.24496680229903042,0
422361,-0.4432851241036359,0.06219324332421542,0
668745,-0.12657783217760205,-1.2821551595022218,0
675769,-0.7990811716612699,1.1161090352551488,0
787090,-0.4948997451353053,-0.9121159774467604,0
378095,-0.4897210990740338,-1.3974404769100466,0
355874,-0.6779293806026012,-0.6009497578909851,0
188738,-0.39609241813516727,-0.643183888371799,0
618548,-0.6075608147347621,-0.8972227804397237,0
115124,6.310940914388994,2.449104531443068,1
105157,-0.04857338225879279,1.0800857556542278,0
93719,10.753186133394488,0.5444986511923903,1
460320,-0.4959942416180387,-1.4969464197523905,0
426653,-0.6801188516733436,0.3950450715258739,0
476177,-0.42441802375049786,-0.663274624581381,0
840542,-0.38485165187568937,-0.13414541674811006,0
797602,-0.2285302211769101,-1.4040655530521806,0
635701,-0.3683042998202205,1.1294930942763537,0
517386,-0.47447654588643906,-0.30875492332822674,0
343774,-0.47689097250498547,0.5643231176071626,0
479067,-0.09278330802510543,1.4415234988156105,0
19416,-0.18592699726731055,0.3222390379843327,0
982085,0.30629905936010043,0.6154576076947411,0
683617,-1.038035499354532,0.15743996925011694,0
915213,0.5253466684520048,0.7932464089711259,0
417695,-0.5647990128134289,-1.7448114164225212,0
417954,-0.6102111620346745,-0.34463858726482144,0
835558,-0.6675603286790178,-1.2118959913124183,0
947238,-0.6483924227355546,-0.5229189317460771,0
503699,-0.365573024867979,-0.041361156088562195,0
869189,-0.583174422885812,-0.6739392390345946,0
25365,-0.5453803434043283,-0.8724486764322577,0
650780,-0.4978979741629045,1.112408437189498,0
301729,-0.45173562023761854,1.2857279897328995,0
786605,-0.16309590642763275,1.1658968143879862,0
44856,1.4457721679721147,-0.07317964949248545,0
973612,0.836815620674078,1.5622227784565443,0
493413,-0.3774851811561707,1.4063835910967777,0
214541,-0.40427408428043426,1.5281267160027903,0
825185,-0.33446633223421673,-1.8526970983961335,0
218056,-0.4172396176562991,0.02523507027339455,0
782905,8.719183904993308,3.3708775453448863,1
125457,-0.4265074884942725,1.9501612699056818,0
505615,-0.49540053177133003,0.6365452676133536,0
469783,-0.4154936875074464,-0.10770966498928618,0
373642,-0.756552435690296,-0.9107159330619542,0
587397,-0.6384082419124597,-1.58284632163289,0
807385,-0.6361052689868073,-0.8869616219784882,0
764646,-0.5232206430190188,-0.9538087009892274,0
602265,-0.7163513961851969,-1.8737363135385419,0
213410,-0.5985133578726968,-1.1710755860167539,0
881163,-0.6741605572108882,-1.709083581128725,0
195411,-0.5812053111595389,-1.1912527729957179,0
968088,-0.38680346181611924,-1.1785504232203932,0
366921,4.918176475098606,2.2075034528683006,0
656970,2.343201329485479,1.5048522855848157,0
529665,-0.7119858846423965,-1.5020148399822535,0
687218,-0.5231206329352609,1.7385506799475179,0
563087,0.2630751606930186,0.2251438429021059,0
256367,-0.3447402416822133,-0.9853423566847931,0
453278,-0.38592292328371924,0.6458412841272472,0
880865,-0.621489205475026,-1.2710198775895296,0
711135,-0.55320109809287,-1.2526125284067957,0
704105,-0.6165057583176011,-0.5925524187607187,0
56244,-0.5782260652000417,0.45807979641063024,0
822246,-0.6202090748217893,-1.3167251982403443,0
624760,-0.41286444234283354,0.31065286328172276,0
530362,-0.5678636460162412,0.4061268880980719,0
259804,-0.4148770405290257,-0.5654976569183635,0
858502,-0.5166202286111162,0.04120194400403282,0
355001,0.23319116805826756,1.2411578320984065,0
523543,-0.6467528936628727,-0.16728090520126776,0
616666,-0.39754565620470333,0.7725773710065514,0
942736,-0.42657542226702183,-0.3755598814175673,0
895212,19.76701468370613,-4.04326437706248,1
533646,-0.44112850297034484,0.5488389507062967,0
900835,-0.5116913749004239,2.101791365313271,0
750710,-0.6060005486529615,-0.776196642189457,0
32446,-1.0489116007689407,-0.2749507415178921,0
629569,-0.571943724028166,-1.030834803267028,0
751730,-0.43546049610183196,-0.8100254619520115,0
684406,-0.5049138563405717,-0.9902232941630555,0
984543,-0.4972073301639332,0.7250971558299469,0
398821,-0.33666088606603256,0.2737346937763086,0
477821,-0.10599808047024917,-0.41819049974462374,0
145860,-0.5945549988650906,1.7331687463443957,0
336067,-0.6332993241834955,-0.00821803860142469,0
298192,-0.5478383473871923,-0.18151360238697054,0
179653,0.5923728866841732,-1.3981301016272891,0
300708,-0.6355061338107326,-0.6509892728638106,0
329169,-0.2633234872053265,-1.097948818907375,0
865182,1.0989011158743802,-1.0766741791732655,0
448473,-0.5699125735350904,-1.4090600526147328,0
39017,4.794699687539832,0.28559382441962283,0
890141,1.8076143194184329,0.3198645275760457,0
846450,-0.3420927219893629,-1.2117538974302529,0
310983,5.2173927137426475,-0.7850027707349656,1
219904,-0.3178641955226012,1.2543012245577843,0
136768,-0.35112729003092774,0.6085129995964755,0
647937,-0.43243313524903043,-1.048533276805257,0
823559,-0.4987675255481856,0.48590176868237867,0
859121,-0.4812278435360136,1.3462052900773314,0
209809,-0.38623910434121494,0.7214183304851928,0
581864,-0.00708085791246836,1.1741946141534587,0
629135,-0.5338308128426926,0.0077159426140483035,0
249242,-0.19865878120477254,0.9231090294595786,0
181882,0.10364361978100732,-1.0261176848121216,0
833334,-0.6488462895832297,-1.509236506535187,0
905250,0.825218231679616,-1.3538394551789237,0
95700,0.2965650536956204,1.3363328723685561,0
299975,3.3010028396877784,-0.7317916655749424,0
168359,-0.6688249017639285,-1.5914981606092096,0
925260,-0.4596092224277827,0.8584509730609509,0
920654,-0.19160280984944572,-1.160445817950728,0
786057,-0.3439566800704218,-0.08995411627480135,0
966309,-0.3778925870469155,1.2995991012395671,0
660094,-0.021628171101263603,-1.3683501106237468,0
300505,-0.48304684215441884,1.355369157408385,0
849003,-0.5874359849757796,-0.8623020881779431,0
381747,-0.4159700849538483,0.38773314623061833,0
372878,-0.552634449850929,1.0408306569690329,0
492132,0.46080871095887144,0.9297815846656009,0
875035,-0.5369760097318825,1.5543794779876108,0
652804,-0.5355451405246594,-0.24962389575214083,0
279258,-0.056259468706864504,-0.049815611483649845,0
27698,-0.4237254652003599,1.6198392694307302,0
628855,-0.13799428937711405,1.543263723524836,0
158701,-0.4210831158775334,-0.010757574824767161,0
841580,-0.6487360018788725,-0.5723577833927592,0
741444,0.7718566464346165,1.8388620374085822,0
580383,-0.37873877695458913,-0.28091347429016666,0
627290,-0.4516536638106128,0.8721963304227991,0
423771,0.045645365996364706,1.2964501413236371,0
379567,-0.5899876206350907,-0.5598518899050432,0
632683,-0.4533242070282099,-1.1338146724926714,0
115582,-0.4085886301375721,0.09640835609486088,0
293612,-0.3639230450381126,1.1585373729586976,0
238004,0.8141819851692571,0.23538138506705744,0
967911,-0.29188917367722017,1.4222628619250666,0
535514,11.728285031406761,-1.720776054427553,1
489080,-0.37309103714700226,-1.302338731302477,0
207101,-0.3180724595708189,0.5795347168076572,0
420588,-0.2737977850073341,1.5874622249748143,0
375610,-0.47683694798460335,-1.2007045809443246,0
886933,2.806521352874488,-1.6242128197639332,0
247371,-0.40656933045238025,0.9838215626808031,0
771772,0.9708663015179025,-1.6759748838708939,0
665565,-0.5526718379296324,-0.058879310694544794,0
546816,-0.6743660855061381,-0.9878710371510987,0
638482,-0.4035983002792633,-0.2895676766639116,0
822972,-0.5273120635988325,0.00850326145343041,0
23970,-0.7323288655221458,-1.3882587441783139,0
401907,-0.608225348051524,-0.7041353027470922,0
840891,0.4419600866426863,-1.2098791640681474,0
696117,-0.4482745797969403,-1.6189982969021985,0
179644,-0.1351747549662375,-0.8338203648170956,0
656348,-0.36975796988881815,-0.8588683644202207,0
768190,0.4175137317480589,-0.9793156867906436,0
673691,-0.09948827824771284,1.0142481990126915,0
74182,-0.679505613796871,-1.0640497628478018,0
66546,-0.0873049228863807,0.6113258635720891,0
220122,-0.6481231302035526,0.8568295870297659,0
883020,-0.14810700363653476,0.7956226168404953,0
290109,-0.1974781735053303,-0.8059622343593579,0
766759,7.980544441749854,1.7170236276304893,1
160937,-0.2765580730257755,-1.0277407396536844,0
678943,-0.33160542935575027,0.0781248641134564,0
714371,-0.5205876993297115,-1.9328863639556095,0
702501,-0.4523042612948294,0.7602089265048005,0
633447,-0.8158139511197626,2.0621312587233636,0
869292,-0.2970426584038951,-1.6433128731547744,0
826747,-0.5649648712645762,-1.3209112267515701,0
79692,-0.516902960036276,-0.7919115411842987,0
14270,-0.027103062035092385,0.7439448935231645,0
640786,2.1545639566310384,-1.42412829868883,0
517559,-0.5818222948615943,0.8269603139706534,0
619038,0.054382459382764654,0.11294757955505087,0
409569,-0.5082415394228036,0.2917558401131693,0
929323,0.4557044288687323,1.419418085667984,0
188084,-0.03930189834569945,-0.8335570349692448,0
610635,-0.6013181760856587,-0.7399600955257588,0
626104,-0.5744732985052611,-0.1522388253758198,0
299258,-0.645316766339814,-0.9977203296986783,0
59293,-0.06360230405814336,1.263268541699413,0
352872,-0.578078527244338,-1.7182409887132646,0
875431,-0.43673704505185773,1.4927132079756353,0
717710,1.3697112727631542,1.251784772479176,0
275347,-0.4016067660472387,1.639312081006201,0
576524,1.2227572837077127,-0.7771326942285737,0
582767,0.3775292838197369,0.15824395932581636,0
820128,-0.32054196992282075,0.651959497610709,0
864412,-0.9284993522713471,-0.11115990200874473,0
805148,-0.4169459080911471,0.20721589846671482,0
509341,-0.24491094397587235,0.41352393128250736,0
450698,-0.40656615514111927,1.938795542612181,0
294818,-0.5987881721045386,-0.23875904874757237,0
183729,0.301516644410386,1.0464438507658915,0
444345,-0.6214695501169563,-1.007183917820334,0
822346,-0.14644838084980424,-0.06721724713162941,0
3382,-0.5495763883281592,1.2054202814592312,0
760919,-0.6414742074558725,-1.6261481404367015,0
782692,-0.7508590976679161,2.057821451603267,0
602002,-0.3884630434836811,-0.379075795486289,0
916955,0.44997834176278806,1.2199338008089158,0
390742,-0.5462231026918846,-1.105031161199528,0
930041,-0.7077913580404238,-0.23469323960278146,0
48783,-0.5360986098174786,0.1959940990548252,0
939141,0.11185163823058192,-0.9006435662881283,0
259290,0.6649261705913605,1.0739128879021154,0
798765,0.16335416038180048,0.4743554818893187,0
331374,-0.40495421227170436,0.676139300662123,0
389655,-0.25356945642561274,1.1017461062516924,0
988861,1.8670139379886446,0.28911932087491743,0
932405,-0.7075144328438796,-0.01688260103778636,0
374503,-0.6462822279359024,-1.2368325662429838,0
841976,-1.018109962293553,1.5068288978831679,0
996998,-0.3381439053083693,1.0904785900639018,0
43313,0.03201971405449639,1.285607648271818,0
574983,-0.586762490918015,-1.3214704902969374,0
273002,-0.9079873109702168,0.42519177149449827,0
613139,0.3759042394500106,0.55894808716233,0
171517,-0.4071299689527652,0.49342719410288327,0
939288,-0.49404421410258686,0.954801378821178,0
306871,1.5154794093731834,1.2497449557241047,0
801883,-0.18251488301728538,1.2386320342678203,0
724115,3.9786264519713863,0.32830619504454406,0
175894,-0.5267497691066719,0.451482358148577,0
271556,-0.4341021103768382,-0.2735678059627388,0
686552,0.6968664021801683,0.03546740788336575,0
432744,-0.5182434112254741,-0.9063622311002936,0
102183,-0.8518630943813721,0.2808060008806318,0
785625,-0.7017437845701325,-1.361968106939061,0
456701,-0.14272189981056846,-1.5760002565261773,0
459059,-0.25494885640355436,-0.7880714996353293,0
832902,0.05123646489793809,-0.5412074327964453,0
107530,-0.5210692196697242,1.026652055970544,0
883266,-0.39791484952070005,-1.7447537105586977,0
364822,0.9744360157876198,1.1372611939288924,0
776409,-0.7160915334140019,-1.375262473160144,0
543373,-0.2799158735196457,1.9086733314382112,0
315893,-0.23726193013642674,1.4309810119386095,0
275494,-0.4049949397785041,0.7106484301125375,0
609902,-0.641450308485775,-0.8541569045802965,0
954058,-0.604854102943825,-0.19953755511667304,0
761466,-0.5222398737428218,0.456156549981192,0
445586,-0.5745827203572706,-0.4741890834944749,0
134703,-0.5892802020264316,-0.6937102910761571,0
168527,0.4341969412529156,-0.18833074202304695,0
818397,-0.4858261526836427,0.9782056027188774,0
563629,-0.6423657431603927,-1.2717509546307963,0
89574,-0.3201555063907016,-0.6234164639172572,0
746642,-0.3125632403730221,-1.480050688439581,0
983504,-0.8713869258796236,0.8571659881094125,0
210051,-0.6046363382505334,-1.2033394679729132,0
77672,-0.3982323297439629,0.5868422032683008,0
533226,-0.45849179897736236,0.7164149513308585,0
733544,1.2911385865019256,0.14664017411793165,0
895235,-0.290970499284655,0.38059248802728046,0
47164,-0.4302604199046254,0.46023124682876804,0
818489,-1.0274089900690087,0.4701001357764451,0
848071,-0.4001261020779113,1.2813502593784238,0
728496,-0.579565965816608,0.7405396557233354,0
333165,0.4397051763449057,1.8542044891492333,0
713419,-0.5246473273371411,0.06182492305388029,0
325202,-0.542972133192034,0.6468524418181004,0
658882,-0.15012974841307025,1.259940634537987,0
53758,-0.6113274509201543,-1.0859005782605742,0
68869,0.8082921521870264,1.1443237860606141,0
23713,-0.6496666080970045,-1.4269440820247419,0
367600,-0.2964418521468582,-0.657466715647064,0
413487,-0.5786767519645962,-0.1920454151057191,0
893771,-0.43196241322592804,1.4949287713361794,0
545544,-0.6682992621064592,1.9011845302077024,0
781699,-0.5248295126657228,0.7732570396862269,0
118524,0.45883058883603484,-2.6777926556916567,0
470339,0.021008712959921037,-1.5638864909500552,0
14131,-0.4133759759044088,0.1567092078862651,0
62122,-0.45855254710461996,0.2455627800929061,0
242612,-0.4255490360346559,-0.1818515485516748,0
906523,-0.0033600530677158113,-0.3415401387156274,0
653888,4.091699083942866,-1.5431784533046775,0
245251,-0.44362317280900837,-0.28025502065088126,0
647041,-0.061078946722325,-0.5645759935699071,0
517687,-0.1009035512919262,-1.4750490829974077,0
712570,-0.5218438523450072,-0.017307116726607667,0
793868,0.620027539039436,-1.014468265206003,0
528246,-0.44452541556614383,-0.833538335717289,0
146196,-0.3926439954936933,0.5059652209237291,0
55717,0.7594698841883797,1.2626370015560848,0
352908,0.13566743409453405,-0.2993219922302938,0
222602,-0.5085359555347742,-1.307136160606486,0
80900,-0.6117824165292494,-1.0656691607831763,0
388902,-0.42416774103408045,0.4560801684042965,0
321524,-0.5955883472832352,-0.6394845617861222,0
706016,-0.5691538638577791,0.07028978996163054,0
675080,-0.5653407642633049,0.1959981561245205,0
790412,-0.4916475088702602,0.5816402760512804,0
971531,-0.5992899766261164,0.3737226507726544,0
522018,-0.5592416570654877,-0.5204752494626329,0
45876,-0.4992591205454785,0.31033365504868016,0
364862,-0.7802593705021943,2.18986170355259,0
5897,0.3525751083547497,0.6887905342056821,0
838665,-0.4467641218214755,0.9804770638848772,0
36087,-0.6091907476740364,-1.2078071254777576,0
14843,-0.5010818589086762,0.4431185401175888,0
977889,-0.3718769793617318,-1.2045057319127914,0
927293,3.4560175983720893,1.3765934137410183,0
667513,-0.34839682356597396,0.9556310830569529,0
628643,-0.23971964065407866,0.5403852195299375,0
417787,-0.5329545983507996,1.1783821407277348,0
97389,-0.5594084180855736,0.9879755202219862,0
960744,-0.5663240577829344,-1.0429370002934144,0
167822,-0.6189899679750238,-1.4268131879582528,0
258464,-0.2981963121689229,0.4175514096341653,0
525103,-0.23436329662912483,1.4431272246829399,0
907084,-0.3603756032132768,-1.305536045875988,0
898499,-0.5937849604247322,-1.2852421864606878,0
754012,-0.36224342862708914,0.7191245708642638,0
766610,-0.629004824362714,-1.0823226436058757,0
592356,16.08940457311447,0.2527149547435202,1
523439,0.3618211292921232,0.8135640697177754,0
788370,-0.47088723488976025,-0.3839520452636017,0
220945,0.6084811262265851,-1.83089937908401,0
524694,1.1666364663906326,1.6537663744787097,0
732301,-0.4332603272052128,0.9242870265014889,0
175704,1.9102903333945849,1.658306318211689,0
965420,-0.5078373000706015,-0.7492347191669729,0
885805,17.69066852253822,1.0095913178696194,1
717436,-0.33691367877925854,1.2951492132466558,0
427017,-0.22235030726520294,1.015586651259524,0
860946,-0.6358496780095494,-0.9807826250679893,0
937701,-0.36127498782239637,0.8087925702003773,0
142889,-0.30407950010658247,1.4252415095762894,0
412808,-0.6596446259787266,-0.8450414422130677,0
6710,2.635597722552458,0.9426347787136681,0
133807,-0.3297883341355776,0.8810074986954834,0
311246,-0.4835767189520721,-0.3244906894232772,0
421262,-0.3418517916886244,-0.17609754847437015,0
965142,2.716156454764087,0.38457553436658143,0
230481,-0.36388390323375525,1.5752523606846507,0
43193,-0.37990456017565927,0.6060155354244102,0
959351,-0.5300901348208115,-0.1538610205747701,0
747714,-0.26134546002298453,0.7229297747846924,0
796944,-0.43687810223938345,1.4702537780473421,0
803569,-0.4286083704323864,1.0085661075408212,0
843784,-0.1909657090451564,1.6590512233961228,0
929681,-0.23222475024573697,1.0431599856196743,0
613450,0.05419227449054884,-1.1401178292731142,0
119561,-0.4843969276687713,1.668442739985083,0
656908,-0.09873717093180204,-0.8931154282474503,0
914428,-0.5668484935695575,-0.53200019459899,0
71371,-0.6020105241892194,-0.7644497435266577,0
248621,-0.09228315740292387,1.052653778820166,0
964441,2.648890612274478,0.12835485121347917,0
548425,-0.5649901942422273,-1.6467156704460009,0
873543,-0.48274859805102993,-1.230261448160096,0
130496,-0.4054233856266311,-0.5988806105284903,0
309846,3.900551933021931,1.8305484888998733,0
895017,0.01813892265752781,0.4513809699726719,0
902297,-0.13930310345533037,-0.0938312602071127,0
485057,-0.6140209880197959,-0.5284181234199826,0
628464,-0.36539645847739066,1.4509404481556474,0
902464,-0.4789148069627654,1.6522514773990686,0
405081,-0.4314622726297361,-0.22982684935564407,0
83372,-0.4244773685019782,1.6280268146402586,0
411712,-0.35437212949646746,0.973801903598713,0
231628,-0.9992018570048032,0.41863700488626987,0
600549,-0.5945142254380089,-1.720569820258211,0
722350,-0.5928421349117777,-0.10842955509043084,0
963840,-0.687394334243127,-1.743637023292896,0
469557,-0.6251743535838745,-0.9690112277594909,0
865902,3.3281492925378733,-0.36156739700301715,0
114472,-0.9947082606498014,-0.31859733336640744,0
511527,-0.5018132913959487,0.1673574053982735,0
93643,-0.47590111895993814,-0.12335706032961709,0
652505,-0.3990044525658935,-0.4375869552475171,0
442305,-0.3695645827850151,-0.18793803902832978,0
935998,-0.2270705022925979,-1.6470016426411311,0
412242,-1.0640949584293247,0.4739783731907603,0
207207,-0.2791489670065209,1.49084694061809,0
497315,-0.4310569593301014,0.7214825872889987,0
580940,3.065886265259322,0.7125211448657197,0
375176,-0.30590621640788107,-0.7395781205671358,0
28228,2.4186630381862564,0.23278612827153786,0
556392,-0.4508304904765106,-1.5135865920163831,0
603650,-0.49071939176051693,-1.5478648566856323,0
404127,4.784142309460603,-2.3627686490260396,0
40669,-0.48742458931710037,0.31060026474317415,0
299079,-0.6217634017054059,0.28718535642177695,0
943123,-0.5693693590006672,0.5902721985889876,0
346309,-0.4671762589722821,0.05832105763496609,0
631542,-0.6123804369027874,-0.4754583572271354,0
298094,-0.327966520946507,0.7441783630164042,0
545942,-0.40238768142826414,0.41295937708089236,0
510481,-0.5032692589766011,-0.5238942248187629,0
910080,0.36328916033807784,-0.35117538114316266,0
583370,-0.5604088131120266,-0.8979868608190195,0
635240,-0.6235297264268271,-1.0440853149658502,0
421624,-0.1734266017079343,0.8341280038284915,0
906463,2.401855076648684,1.3332540112619056,0
232387,-0.4307274768833407,1.4723773989433127,0
184528,-0.32595418847598157,-0.8024367059449317,0
564962,-0.4280033737476112,1.9246050435706512,0
428200,-0.8920870516309376,-0.7389900270050194,0
150448,-0.9709628508176249,0.05205809620429872,0
395744,-0.3154948153605248,1.1458908200787987,0
630600,-0.35506900225011884,1.6218138440780205,0
604131,0.1291647846206389,0.7067789493813519,0
472286,-0.4825973748567103,-0.9219081606686845,0
732691,-0.014398204355496397,-0.044967049620127174,0
731740,-0.01641265664147685,0.55894853935249,0
471431,-0.04448084111766273,0.37437547418380873,0
164650,-0.6593131282621562,-1.0349309767500732,0
762569,-0.5880243847253745,0.28540633118870096,0
118950,-0.5026532534098684,-0.016218688979112352,0
740656,-0.6403277627538844,-0.22442661281036358,0
484905,7.6458529721187105,-1.600385274717849,1
981464,-0.15399502371137022,-1.0309409446136684,0
644909,-0.5400130671919043,0.5007672748973654,0
177310,-0.6042955630429435,-1.103358287624545,0
385984,-0.741162187532572,-0.2298099392439912,0
215632,-0.31865714463527234,1.079528013073226,0
817195,-0.6045136428026318,0.08326482080708897,0
469323,-0.12629739601007822,-0.0678794394899791,0
366306,-0.5376911210188156,-1.5922322905352424,0
22833,-0.5054434403589626,-1.4852037043014976,0
373626,-0.5714653886091566,-0.034126795870547844,0
707788,-0.5359276490009092,0.8488820198614014,0
308880,-0.5135924321280013,-0.3998636863709785,0
959042,-0.39333745014066307,1.1656192513822137,0
526547,-0.1282639755155999,1.4839341124551788,0
65284,-0.4018446353499651,1.4849712953607674,0
792091,-0.385542010321692,-1.0965363615332275,0
735829,-0.7187095184116506,-1.508535396173948,0
492986,3.0875352833550247,1.224501875055477,0
98804,-0.41952746092538595,-1.1887051158622834,0
793067,-0.3981908187580441,-0.4610556774186328,0
964989,-0.1184914550231903,1.4024050433569266,0
964611,-0.5390395731487799,-1.6205202512008752,0
63863,1.2481766616264156,0.3987001450458725,0
474837,-0.6811761597517032,-1.4269542238968635,0
59158,-0.8087517402274369,-0.62353501118531,0
938396,-0.20515420505265114,-0.32735819571430697,0
90433,0.12322029374184555,1.022029250078542,0
124380,-0.43220142356277474,0.444910194059184,0
330269,-0.6366636809498357,-1.3373584944648313,0
19094,-0.31439405270251436,1.571895524512446,0
165680,-0.5326179944401581,0.29844915204358724,0
785229,-0.6974155239450637,-2.015368951381381,0
316768,0.06245302443428518,0.4711359574823606,0
437095,-0.6792947019440957,-0.8599044487881501,0
558695,-0.6546604760947469,-1.0147555704758267,0
920127,-0.49134236828749805,-1.5129133672362043,0
196540,-0.6027349976780754,-0.8816701448808536,0
38361,-0.34459912285740124,-0.9270915904637446,0
839417,-0.715418567334944,-0.4756310109191147,0
426386,-0.6234352922769523,-1.9695090510842264,0
468278,-0.8997924735348495,0.4889353803362638,0
197835,4.920890840885091,0.5262054682754024,0
538597,-0.8028338857132744,-0.261136085178304,0
930590,-0.5042659059646458,-0.5434312912001519,0
258161,-0.6312088655126347,-1.1921855815159708,0
644933,-0.492786754685009,-0.7352134324416187,0
365549,-0.25367671728559554,-1.3749790899939767,0
956398,-0.6587692503033424,-0.9643043607261089,0
785973,-0.47245970000701015,-1.0589960126054307,0
341407,1.4901203171205837,0.09143109035992524,0
375715,-0.34773973882233533,-0.8559831824955961,0
294014,-0.45580213472521475,-0.28347506125492944,0
521004,-0.3408587870493394,-1.4037656066155237,0
424826,-0.31135420732543106,-0.6195223204052522,0
757273,-0.353472018018595,0.3885527320685394,0
483691,-0.6113800339808751,-1.3152587692313764,0
686535,-1.0285335516664658,1.2466226478941156,0
132271,1.5444202462690177,-1.5030760921367685,0
940389,-0.2786348803544365,-1.256016841172578,0
321802,0.8331153200143661,1.0341340900540898,0
347204,-0.4362279068621793,1.5882288372293654,0
172570,-0.5145440626209075,-0.4890094541043123,0
244733,-0.3499148519023975,-1.0833904053669996,0
358698,-0.10688838005723862,1.001661065487416,0
26668,-0.42233411621273603,1.7413907557297923,0
767861,0.17426113875248878,-0.505025147413395,0
964373,-0.4643686369394616,-0.9831626926636586,0
727559,-0.23296300354104188,0.11773570738589237,0
557343,-0.3092675549835264,1.7362466040490678,0
48081,-0.4877490895504523,0.18988810072798892,0
739516,-0.4599214608285288,0.34851680364147,0
773390,-0.3942605418874006,1.305803157871683,0
398834,0.01086532287548914,-1.2451746674189093,0
488857,-0.32274344051918,-1.1261472759322948,0
700755,-0.598458494879292,0.18301336344634386,0
585732,-0.08382933981660097,0.5061237187555164,0
645320,-0.6523708232181271,-0.6433492252602296,0
104214,-0.06538605878917315,1.951136329306533,0
453536,0.13261835497342156,0.9784151486654312,0
267483,0.05692979207565658,-0.775224359149262,0
581478,-0.5871493450897862,-1.3922010301331718,0
501034,0.027879071653279568,0.748272053887197,0
256259,-0.44759397002459256,-0.6541117194145292,0
944297,-0.11879026603075374,2.093961199284968,0
890789,-0.5402373784318739,-0.1991407322065751,0
45541,-0.754603598327504,1.757332266965045,0
995507,-0.5650458774185353,0.5605809029214962,0
594439,-0.609013403447048,-0.025017333590758146,0
176443,-0.4651090339524785,0.9699746803839813,0
603946,0.9544825820001871,0.9354793636215399,0
124951,-0.6094484536018087,0.07294606858070422,0
934515,-0.4602328270498188,-0.09173683559766911,0
329135,1.1752821386528947,1.5369741293987322,0
279779,-0.6042499276619361,-0.07902956821746514,0
223005,-0.454299782268178,1.1867373882137713,0
968214,-0.6376430053897468,-0.109264295454773,0
365217,-0.7497049420410752,1.363283711119319,0
317177,1.3327496657266653,-0.006060756323582652,0
447796,0.2898203281443251,0.7817274923500367,0
624452,-0.19969983526181706,0.8652927945737772,0
715455,-0.6253053213141683,-0.5436638314291622,0
322018,-0.34436303427715037,0.763443196166366,0
156188,-0.8963858632149508,1.6863247325701294,0
697148,-0.18142334144178546,0.7624129318339247,0
151503,-0.6810589618396627,-1.2214304651496897,0
31414,-0.2220109655398895,1.3615918306631523,0
197698,-0.38109004723594236,0.18451848109369245,0
959285,-0.40839516196852355,1.4655527362256813,0
658588,-0.5404110316434814,-0.7767532328435731,0
119637,-0.5319579403008204,0.41201811942266464,0
805774,-0.5931241384432876,-1.5097987174347889,0
21905,-0.3176715560518434,-1.5273494566369303,0
183511,1.4794546944183338,-0.45305969460724665,0
647866,-0.6207789159905296,0.5604966796997001,0
246623,-0.13609206142391977,-0.14652828968042295,0
493228,-0.9386012486974746,-0.25918743180682813,0
88743,-0.4822881781214616,-0.49430771706320853,0
403586,1.1198402714768598,0.9010456663532566,0
994229,-0.29312497659966097,1.545946351896486,0
265360,-0.8877230633148991,-1.4680913449325428,0
673976,-0.04672451990989471,0.9642326558896585,0
967114,-0.5663533857855785,-0.4584176236236394,0
910143,-0.16074479025111332,1.413776204634232,0
207653,6.480203040220303,0.043000482486274146,1
41765,-0.2900824839335713,-0.4907311000308608,0
291715,-0.5777901414315367,-0.2583653996538862,0
16409,-0.441294091121226,-1.1243528788896082,0
252919,-0.21493140871659427,0.2706121288751177,0
41352,-0.0836579794097767,-0.8900692719577045,0
59283,2.5985117450776487,-0.7646628494633779,0
478790,-0.934336739628809,0.9259571526292237,0
847377,-0.47485913936586216,-0.6485254901210696,0
367243,-0.0631459090121097,1.478295038526855,0
371963,-0.5374573842212367,0.05014591253117106,0
337162,-0.6739410867060055,-1.3973505744472439,0
887126,-0.2813713085876952,0.9147351265751106,0
403936,-0.5446690967419714,0.7030922123564718,0
948365,-0.44608585515240473,0.3709859400140939,0
418656,0.48418467090359224,1.1845025207718616,0
325181,-0.6786793614633939,-0.7816103785673671,0
413446,-0.7305176092006191,-1.3977654967369486,0
334400,-0.23863321888674227,1.8974691668921466,0
831249,-0.4946369135617208,1.0279743346389223,0
386369,-0.6128623167054215,-0.9450520388396134,0
262256,-0.39177613775554704,0.9859860622242276,0
431587,-0.02327090442780441,0.3139892095762815,0
554888,-0.3779986999994928,1.3023666831781253,0
207998,-0.7258895048629975,0.318599702672246,0
788137,-0.6761888995612915,-1.1536141878156685,0
150510,-0.40804747449374257,0.8843451101690114,0
810578,-0.5401296626319303,1.2513897677997687,0
808506,0.6127964700581047,0.8116418501493375,0
930176,-0.33610081776601514,1.9550103582762857,0
475979,-0.4339225467232324,-0.2083093828802852,0
209556,-0.3082896695074671,1.4608331484599981,0
455339,-0.42099146555533945,1.3890554283156191,0
725781,-0.07759137686601816,0.8885463742033106,0
731034,-0.8898352071518378,-2.133231256344254,0
854459,-0.34174000773263136,-0.8684379157924944,0
667978,-0.5055331066237192,-0.6015227650729289,0
619136,-0.34999089947340617,1.064748820349121,0
986506,-0.4330994990398225,-0.3341147036901617,0
438447,-0.3231025202969027,0.15399448400342863,0
675578,-0.17270212299848453,1.2045707582162297,0
638347,-0.6545152963299471,-1.2432020675531448,0
597920,-0.5114967202538997,1.5455978348574633,0
705818,-0.41163523635279375,-0.6109366446678977,0
854391,-0.46298386737592767,-0.43738946248986416,0
811401,-0.4764011615938614,-0.44160689627609157,0
341115,-0.11491803698155059,1.5419421063593746,0
94978,0.06190559952818413,-1.1710271002159027,0
674647,-0.29830087904341357,0.8077667271335031,0
978984,-0.38988044215725587,0.26420821274805567,0
811702,-0.6611698993602267,-1.2858590458294308,0
695068,-0.6604188431891698,-1.2730438425854187,0
727508,0.29691671552777593,1.5147956098228506,0
343817,-0.4316170781541354,-0.9236827237852284,0
905740,-0.5354974328980769,0.49136302904242024,0
128054,-0.6566789142289038,-0.9317284894539372,0
537601,-0.6732900005794648,-1.7422237214392915,0
955810,-0.47402166652985145,-0.8962658442286868,0
567239,-0.5092207011906666,1.0166825021770294,0
648164,-0.2316182235365658,0.21740923950269936,0
903344,-0.5441327363460616,1.5729686674697028,0
631185,-0.32206450234575684,1.1519705678718652,0
950044,-0.2364473708262175,0.06723851852534711,0
708886,-0.5369105189857597,0.6090152718817056,0
136873,-0.6213343744569003,-0.5907898821574562,0
41326,-0.4452183554867941,0.12416966164778674,0
454937,0.08941734192268358,-1.1129712769691997,0
258042,-0.05056060181948045,0.8919240458299216,0
591865,-0.5185095533923655,-1.1127304431325542,0
28098,2.756256843195381,1.5519475032949768,0
27113,-0.5448401358917362,-0.6321772152238646,0
754597,-0.06300461589107026,0.7258853863404143,0
612379,-0.48413052292150505,-1.0552395411965347,0
548214,-0.22781793304599862,1.044592016051524,0
97075,-0.5473958805799543,-0.969309028274364,0
939414,-0.3971330534123764,-0.2592285291359716,0
262745,-0.3814631242141833,-0.01622365240953084,0
825805,-0.42898600417021526,-0.4726144172364921,0
142845,0.1867241097511947,0.37095244864497323,0
165042,4.104635551754444,-1.8855386465034196,0
749670,-0.5343379943878659,0.8458779023510441,0
628848,0.21983441080418084,1.5245398840424915,0
897343,-0.6280716757723257,-1.3332425635459366,0
612842,0.9642042600170129,0.6208164766480121,0
179621,-0.6627923658966295,-1.177559877000418,0
892184,-0.6409515920662132,-1.8059657886299425,0
367324,-0.4354049522620395,-0.23591677483014767,0
805129,-0.1009749496955185,1.4632331131437528,0
980946,-0.6040888542362541,-1.3811212138674827,0
878461,1.0091052897069095,0.5145219051481388,0
804077,-0.3513283411747284,0.2752155979568304,0
476933,1.5864348996393416,1.6407776482734948,0
78190,-0.4539353604434689,0.1542704539480829,0
609126,-0.16318869326370342,0.4823228179811201,0
701657,-0.5117715830328166,-0.9644253482049869,0
171622,-0.3535979703876958,1.8934282265171252,0
120001,-0.45028690380047787,0.8426941163213462,0
63065,-0.5628089927605646,-0.9126573956176167,0
946300,-0.3884382597247156,1.1457393762768313,0
188043,-0.5407561716290121,-0.6111437181507873,0
607698,-0.5748614669700225,0.8843243673172938,0
473750,-0.35852690315131747,-0.034426434152340306,0
295309,16.106091107266376,-3.5526246057593998,1
805905,-0.5113126176743046,0.026971018608735832,0
685799,-0.5409201257291169,-1.1149757397009497,0
399631,-0.4658879579322091,0.4719529926800971,0
548741,-0.5305485689720435,-0.383184841012959,0
996667,-0.6768627972472807,-1.6449316568065888,0
722620,3.3199842573259484,-2.1371898192566205,0
516607,3.207971629239374,-1.9359927018501148,0
878602,0.7228318187944991,-0.09527342300968406,0
84114,0.3570825936867145,0.9677920105307738,0
822045,-0.4893754217543085,-0.2408621355707476,0
600068,0.10606917405504063,0.04631077719898797,0
31641,0.33185469681098445,0.4590898981687148,0
691720,-0.3324437909816989,1.2736564085662183,0
400261,-0.5827070715943684,0.15334744546677062,0
738778,-0.48790719613685885,-1.5650525418099,0
609802,0.10123371264907624,0.4891168684502047,0
347649,-0.3677166146544619,1.1870311913141993,0
225456,-0.4404588553763019,0.013087324375029477,0
618570,-0.444626938827323,1.8038927017373836,0
385540,0.003229197939730598,0.026616644027323548,0
304889,-0.2818316095318983,0.06938957017467451,0
933260,-0.3382568379644887,0.9645272401158718,0
779317,-0.7293372144763558,-0.9628169965715572,0
591333,-0.6020917404782801,-0.8599241105062976,0
237302,-0.3557236845795551,0.17729093242672475,0
220383,-0.4432471693072325,-0.35668108642808855,0
955963,-0.2328923112032879,-0.6824768857970687,0
256713,0.48996591465151795,-0.12798588774090142,0
328199,-0.4215238985227944,0.23379390765234553,0
461540,-0.5404194613072563,0.4158509807739026,0
98678,-0.2965450177428392,0.16204563873076602,0
666770,-0.5002404507395202,1.1249398144475367,0
405416,-1.0763506197632364,-0.28132344349253585,0
112655,-0.6483756817710412,-0.6252841606042673,0
42026,-0.25814587821340945,1.4322228052713837,0
256865,-0.2170184521262933,0.8166320813182232,0
961668,-0.5669934982669408,-0.9094241845297081,0
460940,-0.00721529049394136,-1.1703202817629879,0
106079,-0.5670003055505732,0.14299860960737193,0
270623,4.34582541566125,-0.005390128733461569,0
985996,-0.5770638216698345,0.5815293909403592,0
365518,-0.08877613773944659,1.628147812913973,0
972633,-0.5284531502414098,0.023200192448865557,0
742739,-0.6437933195161916,-0.62512165998249,0
305315,-0.6993886441579614,-0.9778980341957858,0
847746,0.2488036467946545,0.9128534999518046,0
247506,-0.6628154501209498,-0.19406794099750554,0
66829,-0.5425199643436125,1.0421103591906729,0
568439,-0.5183833044739161,-0.4333370009488853,0
659073,-0.5647957114849675,-1.1978169233599583,0
635279,-0.36964284844252915,1.1215330014213156,0
511389,-0.37009805369965293,1.2741292931364956,0
235507,-0.8705457435853488,1.211888032852143,0
979687,-0.42343508029298815,1.5066168233528197,0
59221,-0.4019025102600773,1.2046666857260997,0
65694,0.13342715076960682,0.34669499471439147,0
572739,-0.45955172716905296,2.0932439360496797,0
852297,-0.4740360132809938,-1.7497080193557364,0
140260,-0.6870220362068091,-1.5647622301614206,0
480995,-0.5834530291238994,-0.4177278362502065,0
625446,-0.9073068080964706,0.7362072448102349,0
971672,-0.4929896960781493,0.08467948625492838,0
14436,-0.6512165145515647,0.06176089836404836,0
939713,-0.569671082688088,-1.580983481945449,0
735547,-0.6058786716233241,-0.6892287285104226,0
768103,-0.1786110736086318,-1.1359461141944227,0
650685,-0.6683391002331879,-0.5772823632578611,0
986252,-0.5202292760473105,-0.11629117667713944,0
957893,-0.519058688755401,-1.4807809179821445,0
768489,-0.6595313207398029,-0.7601823403893826,0
597899,0.10560159003749912,0.9011984557805119,0
496174,-0.6810912998509048,-0.9440152046513941,0
178305,0.34978206229481174,-0.8239010859948218,0
702386,0.15235250105824366,-1.193521565954473,0
674715,-0.3980475023522172,0.7505240795704713,0
495046,-0.3496032846874426,-0.4261099469507511,0
612520,14.354516225477719,-0.26661345465266456,1
853787,-0.4966681977152187,-0.645571867535339,0
639021,-0.3821191392003553,-0.5612221990108908,0
376116,-0.6024633247255397,-0.3258627914305127,0
813087,-0.6301603400790959,-1.2623092886486378,0
61463,-0.9460506448913484,1.6703122887030315,0
899495,-0.7501171957480627,-0.3421377276687344,0
333237,-0.25490656757566094,-0.7390163354613104,0
216878,-0.6672510080214498,-2.143736332401123,0
249720,-0.49310450696623703,1.0554112441384549,0
765407,0.2781071049886591,1.1230067868304607,0
857853,-0.3673478783039054,0.3953210297190778,0
451261,-0.38466612868630146,0.7932482306595408,0
465368,0.06921198386191642,-0.1375540472146429,0
579357,0.9278128656556334,0.4051323607726189,0
752853,-0.4412371393251412,-1.2369052835740633,0
629281,1.0388291711438298,0.3448912581041248,0
86606,-0.6849805121568278,-1.1685309911981305,0
428552,0.8481822932803588,1.1705397622846694,0
455298,-0.04729610056187032,-0.6583741658788554,0
352762,-0.3315004155564016,-0.8066523767863226,0
532605,-0.5707201113280606,-0.1273910388708155,0
482973,-0.6693818175988737,0.02808374379431019,0
402526,-0.4507932058852528,0.4747168324542895,0
508822,-0.22335161224580533,-0.836870834458667,0
942185,-0.4694204646616712,1.1800772845657521,0
865141,1.1597772655137213,0.45586162419732096,0
627558,-0.6575158636540718,-1.05955436773177,0
215993,-0.5854613344118138,-0.13200558406858826,0
499416,-0.6318690812795452,-0.5337619233698794,0
235575,-0.5246288165550956,0.2356731203240622,0
933531,-0.5289993168528329,0.4590473581440196,0
594608,0.22174505400647007,0.9557786739735014,0
659593,-0.4264187888626027,0.8834833925765456,0
702609,-0.1114437134133253,1.0438017049127666,0
67809,-0.4709616720162044,0.6758227461081812,0
580418,-0.47567477770223315,-0.4292600145589719,0
625403,0.7262595811693017,-1.6399232549034126,0
819788,-0.6494673945666769,-1.206940287754746,0
845814,-0.34424987506667154,0.7712296651684869,0
241458,-0.6010408612827237,-1.1860357451132133,0
671409,-0.570145138869443,-1.8204185706014675,0
904918,0.17376413013077502,1.3641546278740753,0
689203,-0.7417696523569572,-1.797026994031208,0
451885,-0.581563011853163,1.3534012247526161,0
325256,-0.5260890823343024,-1.189309720174009,0
773197,-0.20949997553515523,-1.4756037615665833,0
847424,1.7893027354175735,0.31722847868904075,0
654977,-0.48117213068144665,1.0866505580900876,0
714005,-0.6016625905746943,-0.7360831934927159,0
899027,-0.6226417176634644,0.02544894316864194,0
236102,-0.24474818026562573,0.4673873740092896,0
527569,-0.6626377184619219,-1.3316196306966692,0
123354,0.6810214021947641,0.533953104419704,0
711435,-0.5739944181916052,-1.0405229934327886,0
936134,-0.49079170328466826,-0.8799365670429748,0
325212,-0.6366079608236238,-1.062617277004587,0
542998,0.09043685896930909,0.09139800625057204,0
811151,0.24791644134359786,0.5323782973516453,0
660212,-0.516666091104211,0.5143120048279542,0
516534,-0.6287891614396425,-0.8143157489806812,0
315271,0.02916281152368755,1.3239245782835967,0
328283,-0.2855275687392411,0.224140872269923,0
598135,-0.5929225376873607,-0.49944919205882266,0
53541,0.06795467890184631,0.5053798121210286,0
252505,-0.5740498629201569,0.3449014091775635,0
557465,-0.5485101495043637,-1.4901333538839803,0
21828,-0.42534767432789433,1.2417178771845876,0
873210,-0.35339033665791153,-0.35235602459947785,0
631406,-0.39054171981342367,-1.2736338692943134,0
249970,-0.30152915325329593,0.032547734623638955,0
768588,-0.4842429770031275,-0.5077918413376598,0
257759,-0.5252025534686753,-0.8733805001703565,0
355303,-0.6764673152449905,-1.5683867130121736,0
198802,-0.9114418062487244,1.8356293337509482,0
670926,-0.6366396026452157,-1.139820190641183,0
46217,-0.6348650796887634,-1.100615762583763,0
311191,5.874934391796298,0.15030866051358835,1
831318,1.5267616156349912,0.2876031074961218,0
553158,-1.0944386781376796,-0.1975784564877347,0
270513,-0.38967375439927543,0.4409968716834078,0
423131,-0.5967841518405593,-0.29320957713967616,0
646879,-0.4874358294557719,1.347276113019253,0
811076,-0.5877786648589481,-0.46732900936486466,0
130334,-0.5660027852442069,0.005238514339884059,0
534701,-0.6454479559718618,-0.6348226264155549,0
750759,-0.47785395831664684,-0.2898506004174509,0
484094,-0.6083439533228417,-0.8406764833171402,0
68495,0.003359226078135199,-0.2998101924800897,0
88521,-0.274879775301068,1.3724001193361166,0
959513,0.21628037204682887,1.436465321318276,0
395138,-0.572767697612916,-0.12920995480113345,0
442372,-0.5995688669061049,-0.3302059483110024,0
875144,0.30338646557698545,1.2175479586650264,0
139138,-0.4335301655007022,0.9934629738802737,0
954174,-0.47860633908441413,1.093299872551486,0
305339,-0.11539906672822527,-0.6838606161232712,0
300992,-0.3127915582013931,0.9803408435972862,0
469704,-0.10133440108580727,1.2947927427580572,0
211587,0.06410303216872122,-2.053173536180644,0
925739,9.660540370875504,1.4231913278199877,1
345906,-0.044211875613614025,-0.15580939632715204,0
605207,-0.5392811903275553,-0.3499002842570479,0
12903,-0.16525953917373187,-0.14005694882064926,0
834300,-0.5447319443686224,0.25546160933502854,0
333446,-0.34444970077098297,-1.326571705741791,0
494095,-0.41330800602850054,1.2445849406382072,0
270769,-0.5498523331376965,-0.481780619015157,0
330767,-0.4181769883440472,-1.2887156419458334,0
60581,0.056084279079154,1.0695118724325443,0
549623,-0.5796027863687871,-0.49309476934711954,0
76173,-0.9085823834117146,1.2889826132787516,0
341953,-0.055659391374057406,1.4397901827574004,0
928347,1.2270107088202955,-2.0073715705513853,0
916279,-0.4739974993738841,-0.9090915138937121,0
20833,-0.5605538326471108,0.6831257549510842,0
18394,-0.464217884007701,-0.6992095190939406,0
609999,-0.4589639185385214,0.23130928628475764,0
921027,-0.3197816826714611,-0.254124856098544,0
985424,15.626639172484772,-3.9630746094852944,1
337633,-0.5770749467267756,0.6981248690524853,0
715201,-0.46854913163233697,1.4251380792687713,0
552727,13.627764282988915,2.4944094294872126,1
470382,2.4394291753875788,-0.48544845761305994,0
685011,-0.6636022306950037,-0.9109565488375225,0
330217,-0.6331250715274345,-1.1314597191070432,0
108092,-0.17512695128948322,1.6742150577766826,0
695540,-0.42356322400597923,1.0190713173421888,0
170891,0.9713162116804067,-0.7711846568896892,0
28960,1.1747882267086607,0.7543977196574893,0
497395,-0.27734053167467915,-1.068312353764446,0
857843,-0.4425679190462228,-1.2685296597010436,0
379614,-0.5648246492691229,-0.5116661068134082,0
258045,1.03471079370358,-0.809502710754888,0
336204,-0.020903855231490232,1.3722798654359687,0
109140,-0.6953846906029453,-1.1543153956952033,0
320080,-0.5006126651564476,0.534398963191459,0
585352,-0.3901882609156618,1.5034793909752802,0
105416,-0.3384907738921098,1.4719545272013648,0
595602,-0.20297944325158968,0.911124009917067,0
356406,-0.3469086220957931,-1.9417401612639666,0
70591,-0.18359957928503284,0.6976414144610209,0
250734,-0.4496970193714345,-0.25475458067671797,0
245573,-0.5150505356215579,0.007356569089023413,0
103631,0.13862502299544308,-1.292361997265279,0
354230,-0.5126294075168991,0.8465171863167179,0
445038,-0.3978830580556179,1.0725724574797457,0
810037,-0.5360126042182569,-1.0379433485793816,0
446921,-0.6516304966201588,-1.0974519501941389,0
410239,-0.4548815550363541,0.7972784008172961,0
45652,-0.5006134102361477,0.18288321654880751,0
623754,-0.6502906174415037,-1.153377525055887,0
56057,-0.19987933414966852,-0.3832458929015891,0
520213,-0.3938836734266126,-0.6857943543086786,0
235012,0.30580558337439046,-0.5874351811702114,0
326820,1.068539310497073,0.9794328650190968,0
803898,-0.5022044218644861,-0.7289272746924506,0
442046,-0.3956738191117405,-0.19625464627553413,0
156412,-0.01485195990987121,0.7598468129635811,0
852864,-0.6801097930438486,-0.6587115942034159,0
791641,9.310783889621087,-2.964752113268931,1
726730,0.526958422078417,-1.0822602666145862,0
387818,1.1309896205367342,-1.5306056002109227,0
363120,0.7473634298271943,0.7733558111440741,0
951141,-0.3933624687526827,-0.8646010780559474,0
252890,-0.6317964844704113,-0.3999602890267176,0
529829,-0.42936619200535603,1.4666756599458446,0
807574,1.3696695853982461,-0.9900465857360117,0
873589,0.5858381672285125,1.0148907657114405,0
692591,-0.7591665234699766,-1.482379665882676,0
688672,0.5183062660941034,-0.2999363218918672,0
269842,-0.47827376781206266,1.1626962117942914,0
83114,-0.4958405106652999,-0.35756675926461273,0
919182,-0.5830232309460607,-1.171684239013139,0
901797,-0.6389179114461979,-0.651652152060505,0
407067,0.18487464383749097,1.446083819491836,0
531861,-0.5782102508187565,-1.2243812223230703,0
165337,17.332210015305993,-0.7066164176680255,1
289864,-0.5329187460024115,-0.6874956084657249,0
872960,-0.6265691790600734,-0.9599564331341732,0
137863,-0.3587056867668673,1.5661624502983322,0
987757,-0.6198707288204756,-0.8370799556093442,0
212221,-0.4991844050600896,1.1268637889730069,0
760155,-0.2349197140336053,-0.45370184813831904,0
984967,-0.36998647405168283,-1.6830645387603145,0
864765,-1.018804447766693,-1.0461322375495257,0
982753,-0.6855276826498328,-0.25944531310612956,0
394677,-0.12273494972423099,1.1106207765764111,0
279263,0.13639328066422823,1.0902479344295115,0
168050,1.8003771048331632,1.3596311559439338,0
993478,-0.41775023501719855,-0.08311959192639143,0
120451,-0.4400316499768188,0.579793391687323,0
938813,-0.6111291396812376,-0.36403756637602824,0
943522,-0.27347101840597393,-0.08788423451380485,0
51909,-0.5809762590114625,-0.9525434267077352,0
654085,-0.11677117367394953,0.4466268786445751,0
648612,-0.48832130427309195,0.9985795696183672,0
776577,-0.23785700968284285,1.2306336953783479,0
778696,-0.5355025601837587,-1.2738428475201793,0
388225,-0.5887362813976164,-0.8768391415298468,0
40262,-0.6750163712895687,-0.29071664310966716,0
389367,-0.3564013091107701,1.0116518787554276,0
809189,-0.5848017522818741,-1.6397685882565236,0
565136,0.052365624727820935,-0.4821549700473568,0
951629,-0.4906769474947925,0.5320791499417102,0
814265,2.5006777662359907,-0.35908657747891,0
541543,-0.45428654055281276,1.112274950335498,0
9096,-0.6101105048501757,-0.4676379923301529,0
491765,-0.44610788128189643,1.372745056091052,0
789860,-0.5660967956455984,-0.9648746596613595,0
189545,-0.6649489688637915,-0.04281927421516866,0
75773,-0.5584428911850954,-0.8371106316547857,0
877248,8.587514152448284,0.1056667087370072,1
624257,-0.34869212000993666,0.6050227091924114,0
813319,-0.4397750225736981,-0.8615162245257527,0
744706,-0.2223329026987675,0.9714269278732635,0
403176,-0.8339887174931168,-0.06346711915218586,0
388425,-0.4985650386349813,-0.7792244631060254,0
206177,-0.5737453351153124,-0.9160263524001161,0
175699,0.01684904262806995,-0.33159671814250247,0
596500,-0.47002701328510593,0.05283640943104281,0
210443,-0.5830562182901574,-0.2972978153229296,0
272372,-0.3615696973732433,1.7680197600442098,0
287881,-0.20802843277433214,-0.3954653479397907,0
147035,-0.5345815187784245,-0.7778471301092443,0
576618,-0.6051808356843872,-1.4026208190702592,0
350428,-0.5748150138110507,-0.21207512537936807,0
655080,0.07930314496830686,-1.5357144984022,0
376636,-0.4564337373864147,-1.013673998359758,0
717431,-0.6742526247299939,-1.371422455676872,0
755481,-0.5271157971713568,-1.0911243785147229,0
365976,-0.029435583816908032,-2.7772723629635494,0
346915,1.1090789807574348,-0.7576982203722693,0
369316,-0.4508510322984233,1.547784874399518,0
772092,-0.31505390407202366,1.0719890668538348,0
311741,-0.40994137912591794,-1.2966867419492456,0
831953,2.1794515395103136,-0.8463834376234791,0
474167,-0.29512300859784535,-0.8576324459066776,0
349667,-0.5367384070260451,-0.2846904571901961,0
385893,3.085744891233764,1.4946123426726199,0
931425,-0.4756210838178697,-1.2924444828754729,0
27806,-0.03441483061417511,0.802342832543939,0
66113,3.4808919784270924,0.9118147831113796,0
914896,-0.41482159758293435,-0.003895736874237354,0
769976,-0.5186319492572538,1.1482488723961302,0
269430,-0.4941787202297505,-0.5935624679951498,0
32979,-0.28681143205512816,1.2732711299592814,0
732303,0.12954003394609648,-1.552390482671972,0
606481,-0.30703747886568733,-1.765183806121178,0
244755,-0.22133372506479856,-0.42102470124234,0
135858,-0.20840322153139085,0.3984878036426875,0
417685,-0.3002321580120705,-1.6030470432784039,0
919781,-0.676212546899748,-1.0122817340085835,0
275106,-0.539260876921185,0.20881762122774097,0
235416,1.0325964679163944,1.3801122184761372,0
71726,-0.9645593508199234,-0.2614346552539012,0
8655,0.3568347173002455,0.322154813816038,0
151555,-0.3639525149533043,-0.9773858522333776,0
834093,0.20468113753958592,0.691351943319259,0
624990,-0.5361051244315647,-1.2204590050978499,0
537013,-0.583563396721805,-0.07544613766209998,0
408866,-0.36010214333578,-1.0105221173388625,0
96377,-0.5676656457691294,-1.4905488618423648,0
187930,-0.4761767347340778,0.18315045753907602,0
371425,0.28306929933261465,-0.36240820832598464,0
713767,-0.878736438459889,-1.4704230472407531,0
190616,-0.9485250872548407,0.03527838767497411,0
582917,0.8374874906907377,-0.3059172111818581,0
556511,-0.5279309714470914,0.30753545106742886,0
667789,-0.6565086628740421,-0.8313473947212374,0
176957,-0.3057455410208609,-0.2426243121282156,0
2723,0.15052741149621027,-0.2537575326843277,0
514260,-0.34627330713743587,1.6364330967524046,0
712611,-0.853055530220644,-1.5187416667665106,0
464514,-0.5306246443021556,-0.26008609237050945,0
285198,-0.4768053021846868,-1.007685464949975,0
280766,-0.4250447111214214,0.8301352084972761,0
59232,-0.46667514023588075,1.3000677082721044,0
653432,1.4430819567034545,2.2584919145301283,0
695298,0.4907690559903669,-0.40885688505694195,0
209583,-0.38918869866057154,1.2824448697454545,0
233712,-0.1795945343422808,1.2620988745033535,0
914771,-0.5822616867716993,-0.6417563465910942,0
168673,-0.4936835601315914,0.7615318907536703,0
346188,1.9616798470526016,-2.2659883123388473,0
332990,0.6024612964301612,0.5047758591043661,0
253269,-0.1618385396783941,1.584767998464892,0
172791,-0.5175811005899031,-0.31806030287686543,0
128965,4.391260462005839,-0.9439526149948074,0
659443,-0.8240314131254692,0.20610361349989118,0
322833,-0.5903698486564792,-0.5629971815832869,0
42788,0.2294424429819978,-1.1790316919414985,0
566930,-0.4427581141180302,0.32806947740981457,0
554642,-0.4750381579135961,1.6835270026967142,0
407060,-0.39158555878356427,0.936399818806973,0
924728,-0.4786144073890331,1.002075097797142,0
885938,-0.4745976617613859,0.3499496364291701,0
967267,-0.955873028279847,-0.06790112967661341,0
752078,-0.3717278367931243,-0.02509543205886153,0
809985,-0.23170769245219433,1.479514683017818,0
897761,-0.15794420972239337,1.2113293806715717,0
114914,4.000604709464735,0.49654414114268103,0
319802,0.718382618250494,-1.3555834034114158,0
827189,2.6639469267052696,1.610641514458972,0
840259,-0.6495640757065401,-0.9535844554304682,0
794197,-0.510308702107802,0.45613737657571746,0
43138,-0.7055971735170382,-1.7518372019943882,0
239528,-0.8026036530721098,-0.6917649022576915,0
448576,-0.41814656340451994,0.3084508948107808,0
673810,-0.5919158585600172,-0.5241996276871118,0
714770,-0.2852929687525692,-1.5336752467244228,0
518901,-0.6222914879499353,-0.8238626641877594,0
638738,-0.6339487051134609,-0.763421979239414,0
100003,-0.49580275584638184,1.3972264984556242,0
779646,-0.3927490822823006,-0.7355146042311972,0
447400,-0.29775301120685704,1.138614591980557,0
553915,-0.695548521885871,-1.5207302018369862,0
468533,0.04904269943565133,1.4865304887609714,0
376085,-0.666463727653549,-1.2184468136761928,0
9098,1.7875258059937824,0.6452377566590367,0
938636,-0.6846199276280105,-0.7580344215112146,0
321549,1.1876911227211486,0.830650782715151,0
722983,-0.4270415635380935,0.3863415410896366,0
117749,-0.5127194623535412,0.05243624111980526,0
934187,-0.6578515966077477,-1.5521103445046398,0
602005,-0.44520788425999314,-0.13420130600835806,0
180722,-0.5667660336003316,0.05043909099207943,0
419932,-0.47883378863899284,0.9505494607178986,0
192554,1.0429518934955881,-0.5706150667091521,0
924035,-0.5552046911668658,0.4688442711682661,0
777348,-0.5225352554866117,-0.010062433890735715,0
277842,-0.060973806709282104,1.176991787234137,0
310125,-0.3691406137278165,1.3871534118345221,0
769426,-0.244334642063055,-0.4810173988217147,0
509624,-0.5250406994325225,-0.3663204065771892,0
3222,-0.7193376340204491,-0.986432702520377,0
447421,18.12993976028671,2.2994900890763383,1
95566,-0.4434295651793255,-0.23145190940175503,0
287822,0.2270998098294434,0.5487446276901397,0
613294,0.2538471434312987,1.2569662367135694,0
15697,-0.30734730134129323,1.2257544963382738,0
316271,-0.5713663884970288,-0.6900427803014066,0
630682,-0.45427183665106313,0.836124245915872,0
224643,-0.5542676111192566,-0.49518085495395914,0
132657,-0.3472452075671331,0.6317574863082301,0
526119,-0.13481248617094613,0.04713593508160601,0
679268,-0.47804774136161843,1.1732679089694327,0
494728,-0.969672279286113,1.0329478588499676,0
614042,-0.6065262877826972,0.15335212901809697,0
110053,-0.13564281768549324,1.3142980239555009,0
312424,-0.6070331706055055,-0.16455400222421593,0
993100,2.476435682204071,0.4682114452331228,0
314008,-0.5327194757605784,-1.2518516536529862,0
280611,-0.43923135845976424,0.9722325219768531,0
703011,0.05551408572082876,0.9472095048629259,0
482346,-0.13220178586485098,-1.5636155223958683,0
260209,-0.4142424465124266,0.34435323541806623,0
942597,-0.19324454798604346,1.219958993563695,0
406073,-0.7348437884971023,-0.9598442170417834,0
700759,-0.46032020395548057,-0.791842304826964,0
944173,-0.32077605337750215,0.8627950075130992,0
816467,-0.6240555551322324,-1.311052258516936,0
244319,-0.26070564279751246,1.3580289415211748,0
402295,-0.2715051322709896,0.5675011335087283,0
917528,-0.4334593102407265,0.9935691457285398,0
637077,-0.3117489789473545,0.9295516976446146,0
836632,-1.0088386750636986,0.00839786732018818,0
823401,0.9782758973483732,1.6753614530490741,0
8024,-0.6701614367136028,-0.3168230501069098,0
165671,-0.5082605191297945,-0.5498865593022798,0
891461,-0.4901633308836244,0.9407351151645958,0
211276,-0.5210178044024455,0.49995042122187533,0
725223,-0.2806098758941429,1.2940261658828793,0
947186,-0.479734238976641,-0.5557723803367502,0
636641,-0.4398919531780722,0.7255038876593455,0
281785,-0.5378312589515044,1.3152356137351457,0
818618,-0.7224392211970281,-1.1110205128512276,0
317677,-0.38242973936011254,1.5640225095655917,0
227431,0.055710360204102874,-0.7885809153283388,0
805055,-0.37628062937328466,0.9298666750125834,0
934882,-0.48948445351473563,-1.5943558678309215,0
779230,-0.5705360895745346,-1.5502668636115542,0
758070,-0.5379695234311789,-1.114938159596895,0
141575,-0.39645698966891674,-0.18186173859238328,0
434384,-0.23006017298066922,-0.07404377424128768,0
489670,-0.4463017188679686,0.9156020228323755,0
745927,-0.2986183186403596,1.1413315055240871,0
231673,-0.4950821748620995,0.4017675867733761,0
109239,2.2726502909385444,1.913661558240481,0
18901,0.2093287957828626,-0.7229781333975174,0
662061,-0.6652445444165472,-0.6222594158239813,0
340563,-0.3823412747784207,-0.08069210260024254,0
110279,-0.5156093085255764,0.8178543731687724,0
859744,-0.2493129481823192,-1.1130236489445668,0
247967,-0.45014086850537705,-0.464278535050565,0
43173,-0.08015918627347474,0.29660457028991405,0
807952,-0.5433423215821616,-0.2703890816449376,0
476937,-0.5470371240977583,-1.0824532208551418,0
932945,-0.5892749987030141,-1.5103716856408502,0
688368,-0.28433224995536366,1.460140050402476,0
73031,-0.011783823864576562,1.4201177843859698,0
57290,-0.5460254977002499,1.1884123022869093,0
89663,-0.46919754425559185,1.060437293741395,0
953362,1.499132843203585,-0.2701387843085545,0
623986,-0.22948222315362832,-0.9551348954900288,0
914400,-0.37181996280317897,0.5287525909087373,0
332336,-0.3463473806720779,-1.117638485808055,0
194883,-0.40723239200947575,-0.4366063394290285,0
215598,-0.5806020966478281,-1.0584983850885454,0
376873,11.75620537486385,2.6419408856961533,1
627827,1.784024684374815,1.0787069022008349,0
871466,-0.2755893227451422,0.9461801580943849,0
1383,-0.2795960564282324,1.5836010045804274,0
627871,-0.40569456282496247,1.342267292026539,0
406380,-0.2963803821350244,1.0913665758358166,0
1553,-0.46684263634503587,1.0378649603514365,0
656085,-0.5609980420691785,-0.2336516067037949,0
601238,0.7201301207905383,0.22693445580940177,0
329953,-0.5160356454248094,-0.16287927163915714,0
764056,-0.4689295630917413,1.9417537026062812,0
805319,-0.33680951000930215,0.59893604480227,0
84899,-0.4999921552728174,0.041189557148391356,0
190327,-0.6157713821703027,-1.702469569860308,0
521682,-0.9062863105171945,0.33015120394317227,0
798640,-0.3759124431102072,0.9377044728948225,0
672870,-0.602837996535041,1.2990465204555235,0
616322,-0.350440265610158,1.6149241492556397,0
931659,-0.578841140925531,-0.30627767437505377,0
416121,-0.0605075817381997,1.6419854624966332,0
143888,-0.5026538575510154,-0.44340199515914663,0
897624,-0.028879628387139384,-0.7081699584153497,0
79302,-0.18524983564707498,-0.6821159571378053,0
508728,-0.5385219415214519,-0.804478919819481,0
666148,-0.5683391098906536,-0.9562084359294759,0
332276,-0.4830013390084301,1.47812812037043,0
115346,0.3977905332106556,-0.9687265076741598,0
663340,-0.5713909384899165,-0.9442057359121777,0
370797,-0.18870541694623394,-0.04227183168953144,0
9738,9.3890432031926,-2.6165932165715713,1
328400,-0.11867151723636588,-0.6916667062259566,0
342518,-0.567398556426043,-0.039079037796013,0
903727,-0.6933340051073748,-1.131782288570317,0
390327,-0.5461287668680256,0.3531607745778359,0
276623,-0.4707900478453999,1.1754664468409954,0
819384,-0.35091740120386067,1.0766127945835595,0
497917,-0.5041267498830581,1.5081960289138596,0
808204,-0.03909963572412702,-1.2926348040844458,0
698387,-0.4705034958361342,0.9727553709763326,0
415730,-0.27045548725297613,-1.2328046699549027,0
771078,-0.6584138094655285,-0.6391165396197868,0
227798,-0.595476586640837,0.5828833902355613,0
535710,-0.6531318496054259,-1.1484978446646488,0
896578,0.21560728534812368,0.008908845412082787,0
691110,-0.3872724600797293,-0.3895091649436586,0
880788,-0.22618532454717666,1.0808110764812375,0
311236,-0.29303596370424784,0.7579215493982395,0
182552,-0.6361155167028065,0.3840635213081535,0
498695,-0.6995374942540376,-1.4763425574392275,0
574516,-0.7510431368582031,-1.5379213098256017,0
680550,-0.6023640904576729,-0.9293162650744219,0
236129,2.7252578681379553,1.3550269632854897,0
936009,-0.7920174470885295,-0.7998899732674495,0
578368,-0.808935266501217,1.627277368185006,0
699914,-0.5663291269562438,-0.749373532649573,0
133286,-0.32304057608045794,0.785721195165692,0
186647,-0.400198700180302,-1.1621790493713398,0
672455,-0.47272005427290853,-0.6157411263751524,0
801980,-0.3712556364093377,0.7788659220321726,0
88885,-0.4439369299102532,-0.14772855807697702,0
744601,0.0733733736859579,1.4453379227686203,0
280504,-0.49519598250955005,-0.1826314201540306,0
485841,-0.675176803649588,-1.2804460779841118,0
52951,-0.6862152105188937,-0.25077052234491115,0
216191,-0.06577719064147063,1.5185550118968354,0
283884,-0.7509374555175703,-0.9339534927452305,0
755221,-0.5716181540028187,0.15890579655686837,0
805912,0.15399261535876815,1.45213353723086,0
270501,-0.19857817204081005,-0.8716844619176589,0
671466,-0.8150190953738607,1.745461171813027,0
752926,-0.027807227541902155,1.2443068389233278,0
710545,14.241856392811895,3.3300896026110025,1
420487,-0.37456346216319253,-2.9596056267921724e-05,0
412167,-0.4295693583168971,1.888162767935484,0
470754,-0.6408569177341452,-0.6574359644009629,0
723413,-0.6177439905755845,-0.6413172152605746,0
66744,-0.8259516363015157,0.49182897453996466,0
765134,-0.07394179527345879,1.2623667478839737,0
251468,-0.4923170002635194,-0.11021452295837637,0
387435,-0.5003130827337775,0.8409658506750171,0
982441,2.475587197946874,1.0460014229582761,0
246826,3.0227122158715276,-0.5645219087368346,0
983189,0.04769157986055796,1.0345875758525171,0
551084,-0.11312765226645279,0.1132910104444204,0
657859,-0.2749970418713267,1.0596111265235004,0
964784,-0.15968856069109816,0.843091523316678,0
674601,-0.5188380259029034,-1.0467450892421541,0
316810,-0.5501741456451821,-1.4239117930870913,0
640375,0.8471980252193738,1.0648158441506805,0
416100,-0.37101459562256983,-0.6723575948925545,0
913149,0.16928353695467777,0.6012077367590553,0
477903,-0.4846793016573383,-1.5004961830294983,0
232576,-0.10777240046538346,0.8256804546656928,0
808147,-0.6348695355682804,0.40852301367784183,0
71116,-0.043723019821246094,-0.13990826889558627,0
336719,-0.39518982292693505,1.3158926238831476,0
327076,-0.5844321178963006,-1.4199011319549242,0
714865,-0.8071111319108997,-0.2983782630044792,0
449774,-0.40169444438661145,0.3948110516375651,0
12246,-0.40853347055902256,0.6956657258743004,0
683062,-0.3399288499378829,-1.5015179224633899,0
469578,-0.5186444196822185,-0.07677828215448208,0
687454,-0.6555665451691767,-0.44102672139047816,0
289710,-0.6435425724566316,-1.5904792268395023,0
800269,-0.5878999886985194,-0.8755865312802987,0
104913,-0.3271680910679675,1.0228789450368285,0
715228,-0.6567033694659989,-0.8720099237654841,0
372685,0.8379155547615372,0.8983200830534928,0
238858,0.6633272895799365,0.4718227648735192,0
367193,-0.48220718746232477,-0.43403073454334495,0
234847,-0.7052954915537382,-0.24582059702569542,0
367766,2.066654316291955,0.9629339694324097,0
68786,-0.20885844977197043,-0.3899412247304236,0
877838,-0.3846574978465672,1.885986763777937,0
109197,-0.3876385522577796,1.4092210663808618,0
398228,-0.45208412692764566,1.0975177440085728,0
553192,1.7508709707473191,-1.7255623557257194,0
464971,-0.3599459869306035,1.635870952817991,0
609462,-0.22219979677060944,0.7103735352638323,0
101248,4.787101095730982,-0.7946625035436523,0
457258,-0.831648956367203,-0.38833824704138137,0
479633,-0.4048360291138358,1.178025187743537,0
271362,-0.172104737075412,-0.21895031860552341,0
463432,8.58112734382868,1.7356296623619385,1
159797,-0.4120931201205606,0.41759864269493124,0
270065,-0.5159613151559442,0.6853669855879864,0
509785,0.9792983091943264,0.7713986029876543,0
593183,0.015242015084852758,0.9361965674932269,0
615582,-0.5379873743361063,-0.1168184614007243,0
462767,-0.10405933073065739,2.041654049774553,0
544151,-0.9786751527607335,-0.8305173731398141,0
229181,-0.4059997142429723,0.006988292834723764,0
169024,-0.26797481914343607,0.13188087842639243,0
827645,-0.40337174337045917,0.42571495481836497,0
678709,-0.6885357880656989,-0.9186191131047611,0
356960,0.9654388279837763,-0.4277800988800091,0
631013,-0.5937464355137065,-1.6079410393338889,0
123820,-0.5084833092579415,0.4464423465662742,0
262361,-0.465911228959775,1.7605088768561878,0
144194,0.23105265414394344,0.3829552462579662,0
634210,-0.22110711883806575,1.8611653325243236,0
894662,-0.4831446248958593,0.19374871270564764,0
515016,0.0044654055179928235,-0.34085145322476723,0
153669,4.690473003629553,0.9559827169275501,0
118007,0.2064241115857988,0.08955185409334779,0
28109,-0.48026714311378715,0.4378020226432643,0
745310,-0.4095520577378363,0.2158804164760955,0
521265,-0.05651208498764692,-1.4433818912602845,0
729607,-0.2351645137073929,1.6371622340461292,0
851712,0.09311655859644423,-1.3050106740956735,0
146245,-0.3400869721810786,-1.1904802863786592,0
261394,-0.32729021946902637,-6.041096831750709,0
234721,-0.6303202356421541,-1.0129315914150192,0
275371,0.10439980587621427,-1.430648844486785,0
770257,-0.594282357333963,-0.9672150286744441,0
635600,-0.44944285713087,0.22075358047410035,0
767574,-0.5024465521543918,0.8140497330023353,0
698181,-0.49899562379374063,-0.2676483750021397,0
570576,-0.5373099702033751,0.6609034353652187,0
901399,-0.6123595678603264,-1.0065870726545922,0
285013,-0.7462463669652336,-1.2130667022244301,0
245202,0.3449681142159438,1.395136723475676,0
885301,-0.6143367027680453,-0.9379838442828121,0
623505,-0.5160111594100559,0.24042352507917056,0
748658,-0.6435325310756346,-0.7761753426324305,0
670049,-0.6200712411696666,-0.7573865310045084,0
328239,-0.5727336960645493,-2.5613322982040567,0
682807,-0.47761254121429153,-0.7966801801405965,0
497778,0.9688227993990624,-0.7816432726272439,0
601230,3.330319787394786,1.0959600501929296,0
529245,-0.1050380369547857,1.3661286276073679,0
226229,-0.574588904331151,-0.5512587087222922,0
986915,2.1581470562967757,-1.2696670665644072,0
516202,-0.428511979209681,0.7517104481523991,0
610575,-0.6645621581744333,-1.5370029139555057,0
423186,-0.25465882915682847,1.1562150908265243,0
58009,-0.6094929000175187,-0.27432854261014394,0
897968,-0.45748632182359505,-0.7260504012534098,0
636691,-0.36497861045269236,0.5831538265360859,0
79203,-0.7114983957353489,0.8595199419906298,0
766792,-0.48889885441587827,-0.19181188548907638,0
286348,-0.42472494862132565,1.5096871090062263,0
751445,-0.5173803040456806,1.4671624521271844,0
181266,-0.5527680235381481,-1.1105756866686116,0
947164,-0.6549560393620186,0.15507178059332372,0
997962,-0.4769035188710169,-0.03575843866864171,0
625416,-0.5796665709096697,-1.4906125525475313,0
711722,-0.4547576724443169,-0.47610702466282645,0
574699,-0.22878685318984496,0.25475881482623053,0
76354,-0.36398829813406286,0.1621855444937336,0
229246,-0.0010989890077815377,-0.1566980465459871,0
770333,-0.6138791050926735,-0.030088142367967603,0
431478,-0.548483711374296,-0.4574561283089426,0
590270,0.05423299861396116,1.4979629029604842,0
757396,0.15921994829084016,-0.9142628962075544,0
525442,-0.5454393700803647,1.3900732011220862,0
482531,-0.3182615445493422,1.4372301094704252,0
957878,-0.3485370259948079,1.760195082807662,0
549455,0.552280320616317,0.5558189121699343,0
217176,-0.6147797369299213,-0.9719603038499379,0
935019,0.12216921691469015,-0.07076873611051533,0
704406,1.163032113535175,0.9809270633600841,0
325105,-0.22423159722125918,0.579968832305732,0
40282,-0.5253142637121807,0.23551862103134516,0
117320,-0.6618901411931057,-1.1883398135416123,0
921630,-0.47701999940658274,-1.873504235618262,0
273078,0.37657070919758734,0.20299068634929418,0
859908,-0.059095569437510306,0.6528109424017534,0
167287,-0.5166844511388561,-1.550055172168823,0
300925,0.24689926802708206,0.6304410556163131,0
737056,-0.25466247646107715,0.1654048160251802,0
428418,3.073641793363176,1.538383734631779,0
478458,-0.46491970580409325,0.4838771672189518,0
995454,-0.44121573194773367,-0.516396792861574,0
834294,9.315528977045927,0.15673749735548656,1
862460,-1.0236999369925275,-0.8405196595930758,0
337048,0.20238714909722366,0.7310918159759856,0
29274,-0.9459468846239031,0.5200608805601264,0
83450,-0.562457632143795,-0.2512695091085883,0
498453,-0.5259093653352447,-1.519716279650435,0
799996,-0.556422531324775,-1.1136293130401316,0
942283,-0.6406686318106339,-0.4334622642879578,0
856686,-0.22738256717018684,-0.8732688029071493,0
993534,-0.5910747195618792,-0.746837913001053,0
160544,-0.4397897949440837,0.36955070330995005,0
431713,0.6140422642056093,1.7146372825899923,0
271703,-0.4279499550278629,0.07506897789597651,0
422143,-0.569545938346616,-0.7173073893144863,0
391134,-0.6388438508529967,0.07894176343285778,0
903821,0.7320960854301966,0.8679959307252777,0
796087,-0.34547067617693844,-1.0788198334400554,0
414550,-0.3055569019461106,-0.3271442547196604,0
777013,-0.3261789630654586,0.35149573845486104,0
917820,-0.44862518830893044,1.4598529750638485,0
711412,-0.871779914235653,1.6343638000938627,0
623395,-0.39599751507785297,1.241339237348663,0
579406,-0.5336023818930551,-0.59501398979975,0
853851,2.4777726590688793,0.6075084672804841,0
577602,-0.3776158808835537,-0.01953393039833189,0
194945,-0.13615818521667633,1.3462109407575351,0
138667,-0.2639093335526008,0.4500718493736153,0
946121,-0.8512250900301039,0.8003034978288383,0
765444,-0.35403766282104226,0.5482970250632389,0
152107,-0.48345291905109405,-1.3715571857819,0
865822,-0.5447543120902478,0.7619866108021852,0
475638,-0.40253390594277505,-0.332813662921472,0
828218,-0.5885877726468697,-0.2847953144803171,0
829422,-0.37879160852367355,1.743900614477477,0
607492,-0.5745633050784927,0.09528640243226338,0
384067,0.4222448576362576,2.268554907415327,0
467399,-0.43896734892519584,1.8305540799470763,0
671649,0.4275881704334825,1.1926599305245373,0
30679,-0.39626431816006585,-0.1198484407518811,0
220311,-0.5412155522244343,0.7759051779134851,0
665874,-0.5659826195342097,0.2545451678289814,0
979289,-0.9890363436337785,-0.35757078339837595,0
341163,-0.6941851549185417,-1.3401204188098157,0
172173,-0.45784091299021024,1.1662375671860428,0
242083,0.8732485029969465,0.14718782815323397,0
935620,-1.0076948762367224,0.5468020068747796,0
624183,-0.4003511918855358,1.6477120116679167,0
969360,-0.0612863810272275,-1.7040736728800792,0
322243,-0.5196624282198032,-0.7444530082018352,0
996827,-0.2834940879151132,-0.908875469917803,0
611745,-0.22359149027045316,-1.1193436488387394,0
697787,-0.08229749999729452,0.6552185288020214,0
890427,-0.5486032359598295,0.13584395440348437,0
852341,-0.6006670883248776,-1.249807428611541,0
392960,-0.28576754727896,0.6058112700772135,0
982431,-0.40880488932826026,0.7601805453135689,0
632290,-0.7393758751519199,1.9677302432734323,0
816226,-0.20944442929085935,1.4749625261897064,0
689152,-0.3400319166961382,1.2940700206857747,0
99323,0.4357009152814011,0.47777708530010427,0
917177,-0.5074267357656979,0.37105652047729937,0
956628,16.086152506505158,-0.21372872445444402,1
375049,-0.31370138991115903,-1.0829778390055516,0
886000,-0.3969901499212885,0.9217635258732729,0
856493,1.8292761520779506,0.6945755283170321,0
872615,-0.6209104705224162,-0.34417537873019205,0
521599,-0.6110942200267547,0.2240038399093836,0
602212,-0.557892753550206,0.0018050549604517942,0
738568,-0.64392593917498,-1.198831000102988,0
195420,-0.29047866766758274,-0.2509877329354584,0
19109,0.15767609428924004,1.421939754477656,0
809232,-0.9570132251338597,-0.6821118810624687,0
236841,-0.4334059314160228,-0.18154233617987967,0
168475,-0.6904694760084424,-1.6854990090615904,0
980800,-0.5838970226899945,-1.1126046641648837,0
543286,-0.6182943998540994,-1.1196271936153583,0
65049,-0.5248700090431304,-0.4339032263974015,0
329884,2.235422564033745,0.45916790443635136,0
305252,-0.3036602639857378,1.5711032271894159,0
214939,-0.43253851494969764,1.9074882775383422,0
212653,-0.4832791276611608,0.30423766376366923,0
910996,-0.4510089880890482,0.6603325408662374,0
907747,0.3373683695526154,0.902104983922868,0
511489,-0.3676367630605633,-0.007382720161661472,0
966338,-0.12478662872102313,1.5411141902132248,0
471941,-0.27573674430041695,-1.3258223036687167,0
660630,0.8257828793522175,0.6413961542520374,0
134925,-0.6383727122461124,-1.421785495423781,0
592066,-0.5205798019770934,1.7245893015769025,0
220156,-0.08295392295354378,-1.9185261828804656,0
116044,-0.5708518687470452,-0.22202666636248805,0
352207,-0.1293175942611706,1.5105399038572491,0
515239,-1.051444275616538,-0.018252063649215472,0
155614,-0.6779869826169458,-1.519339558312467,0
12748,-0.4304667367291906,-0.6619648415138918,0
729838,-0.2570834380999856,-0.24677145225827163,0
105046,-0.0012231669203265003,-0.599226688674558,0
590712,-0.5841337999008482,-1.094910565896851,0
249365,-0.40291607458346945,1.0889347622898686,0
827118,-0.33416697294909964,1.3830983740624718,0
250525,-0.5610220559508744,-0.47212680466639845,0
855052,-0.49608740603055684,0.41552734982959405,0
37783,-0.550638190393963,1.129170174946194,0
656442,0.028369058106719167,-0.43350739464677523,0
219616,-0.5506261527220584,0.9287526985114904,0
809445,0.08974874232096412,-1.0709516052297376,0
137068,-0.30540775541561427,0.7800731424979549,0
730847,-0.888069721966942,1.0959381497778358,0
82702,-0.6171998300650765,-0.13294765576202394,0
984026,-0.3423488536304676,-1.1416930533518959,0
467784,-0.6301977854408528,0.09138869561345207,0
253418,2.447489861798602,1.7435368305866845,0
912681,-0.22591405264177047,-0.06482571170320563,0
631830,-0.0578230376388347,0.5211403372420239,0
927743,-0.6092908892926012,0.3652769736258438,0
202393,-0.17748562732192094,1.1704616541701753,0
878928,0.16844440581414905,-0.8611479555584484,0
18635,-0.43568698176935616,-0.11108503509289035,0
580869,-0.396324679635797,1.3848606414981501,0
639773,-0.5372781692367129,0.7599193539111755,0
810920,0.1700853994617839,-1.2875434908530705,0
626371,-0.5060085764623711,0.09476404242110062,0
304800,-0.6346019809358422,-1.2726804536159844,0
418259,-0.42320374133180033,1.9248255228999316,0
421768,0.15268554328058767,0.9857462080386207,0
461354,-0.5853745138121751,-0.7752319835942795,0
839457,-0.6140792795482976,-1.410831309494856,0
510703,-0.6386210851391768,-0.7359212633405627,0
498265,1.2300966508579094,0.4748079405392874,0
3758,-0.25420647582007055,0.8790096801889247,0
337455,-0.46526163740387816,1.2096145829413274,0
626413,-0.42731168457150775,0.5726819074224487,0
544981,-0.6429513395623702,-0.002670792382147691,0
292993,-0.42093189930122044,-1.3143088145966897,0
580286,-0.01996343406372698,1.356933092438605,0
299769,1.6827505614015945,0.08705172746993857,0
865947,-0.38916045685722456,-0.9887239328602783,0
542059,3.475384289850731,2.000717174165285,0
82498,-0.4124437102404985,1.4022590741235987,0
541878,-0.5835480986764242,-0.6693314164318973,0
79657,-0.6801498307513573,-0.7032980098479749,0
844227,-0.2558276612818252,0.8992111309306027,0
852399,-0.6613007135008583,-1.3883158594450895,0
216131,-0.5688053459850094,-0.7132620320453467,0
205555,9.81970004948674,-1.8845996164367176,1
882682,-0.1444940377936145,0.24341531495512705,0
286165,-0.5269305576543998,0.1845712283173489,0
728405,0.3068825944577069,-1.306446629608144,0
755082,-0.019933760458712813,0.1732063684116779,0
293870,-0.3684843610682513,1.2312300362086022,0
347249,-0.3264351611486532,0.9791392396302213,0
231682,-0.10016778849185398,1.5874881805579193,0
886861,-0.6202150398404996,-1.649530940382018,0
655131,-0.07245427702170122,0.37756697610170137,0
477956,-0.39977569606346336,0.41558712980143964,0
329908,-0.5681898474143067,0.023444265014344927,0
800891,0.9516230989186801,0.330298602102388,0
474265,-0.48545786710873795,-0.2792129793801367,0
946014,4.493398247556427,-0.7649300531748566,0
201915,-0.5262681073045188,-0.020237281410096567,0
455914,-0.6677004115494632,-1.522191618257749,0
260902,-0.49847405538587186,0.4068609285381612,0
699156,-0.4728670604732439,1.0186205320105024,0
820062,-0.673672608012116,-0.5313144328506417,0
252175,7.508515306322128,-0.07800702044323563,1
349647,-0.5338505272622859,-0.11349022076453764,0
681786,-0.47648946140843956,0.5056895285327767,0
552024,-0.36618993251552534,-0.0710937539428864,0
346997,-0.44176509088323856,-0.7783466102875527,0
101688,-0.6372670599403074,-1.4799020623491657,0
232717,-0.6591544962617389,-0.1460497398368039,0
588208,-0.9537307717580593,0.6702101033791475,0
551046,-0.0383943631309053,1.0578170051528748,0
439181,-0.5555950514129567,-0.8900715181319747,0
803770,-0.142871186820164,0.9868446362369475,0
281981,0.1996938668813121,-0.07759399017074109,0
322012,-0.4710468123864588,1.1262123964430832,0
607741,-0.993370370816851,-0.33130997683451757,0
235955,-0.27223397994329795,-0.19771373714110183,0
531839,-0.3590447856415145,-1.0345067811310267,0
255936,-0.9745531374261469,-0.13841321250937577,0
139974,-0.5551192760091702,-1.4922517246744933,0
51441,-0.6389190787227164,-1.193562220917331,0
997105,0.4347241463840334,-2.1786265766997377,0
674462,-0.6247073486459713,1.102473844777169,0
94943,-0.5014512052077884,0.7649591595265158,0
658101,-0.496520440797872,-1.066213070433254,0
702557,-0.4619447384348956,0.6275678203165972,0
407120,9.55832401823476,1.670271479258114,1
960204,-0.42286677869706235,-0.05494689430047658,0
925699,-0.6116050740838818,-0.8822792241039246,0
986018,0.5825246193399772,0.23756461157509873,0
461525,-0.4218816224749712,-0.5169706397984555,0
813669,4.461034511358215,-0.26232553634986755,0
162198,-0.5249908917243321,-0.5445134721778208,0
128366,-0.5947268179991893,-0.43973281678342657,0
176679,3.8812725248662576,-0.056910286447889376,0
81185,0.15848953084468115,1.072189573950709,0
166543,-0.32300500228858314,1.775696281037372,0
375414,-0.24618029997831498,0.05084244308016698,0
197738,-0.5581065633517203,-0.34231487928462934,0
205026,-0.581364057628116,0.07788377778123118,0
10849,-0.2776000851384855,1.3693675501807432,0
787073,-0.17072190595507722,-0.6528974553147282,0
597502,0.06790105156470785,0.6764639497320654,0
842676,0.07100545255533536,0.14973844000538972,0
148287,0.21078151304455486,1.0405052306518252,0
496026,-0.46482137920968447,1.3311366842495045,0
185175,7.669359047813983,0.2552927997842145,1
442623,-0.5305733055419956,1.1587198607370695,0
802454,-0.47613760248455544,1.7810182863478132,0
102094,0.1347329709393388,1.3153180553086572,0
133465,-0.4618412120409302,0.7292168394651649,0
917330,-0.40121993566733455,1.7183862153307519,0
289838,-0.5089343663114058,1.2205913805060062,0
345039,0.1715307120507252,1.2766244341309236,0
243024,-0.4695879191427721,0.18755201246444178,0
455731,-0.5172030647159,-0.4555120646357295,0
540629,-0.46427999358688665,-0.9731612680126319,0
895157,-0.3549575481205889,-1.1140724198366159,0
530569,-0.428186230053449,1.1385552953388454,0
823374,0.2131068615846788,0.9154790202106605,0
925281,-0.6134606566778419,-1.1538660833624472,0
867119,0.2726843795282569,0.13738502813387515,0
817693,-0.5251604786655629,-0.4700348715898681,0
758164,-0.4331714796012819,1.327578947442494,0
997089,-0.6162897278835591,-0.6823908302921243,0
636346,0.20959065889056103,-0.046883653514063726,0
231263,-0.5850594239943951,-0.7248280016563972,0
484208,-0.5372258238302988,-0.5179581051277191,0
231485,-0.45058898595433317,-0.49691954283775386,0
129430,3.0151680671862793,-2.409901306202074,0
114583,-0.5137752834513507,-1.1399464315099879,0
689726,0.06661723110315833,0.8018500475467224,0
375062,-0.025302365169625852,0.21224789410403602,0
618813,-0.49923392598346084,0.015632114270924733,0
726108,-0.3432144908744779,0.6282577929043357,0
355911,-0.5867394152631838,-1.8306069361507953,0
976860,-0.7470842490042903,-0.6990081139114677,0
475399,-0.5847110306760037,-0.9836813143943443,0
10407,-0.4278935774594923,1.5768791913544509,0
548174,-0.7583854616136247,-1.8110836139931012,0
742161,-0.4659107067166978,0.5943128381092734,0
454940,-0.46863890259663066,1.3178651080491446,0
201824,-0.5620910490200018,-0.9530924482327551,0
873860,-0.6720657336928886,-1.5791008029477795,0
815020,-0.5718919618715164,0.38079742562132013,0
192818,-0.40572278545435575,-0.5877859200218429,0
221540,0.35100916777971947,-0.7881355191873618,0
562097,-0.4780005357778953,0.5000212593127658,0
976504,-0.5461278881873418,-0.2518993807328535,0
67614,1.2800783526329755,1.5496459722571434,0
748650,-0.581018666342475,0.9794407233821668,0
272221,-0.27033024204458594,-0.04468673287241315,0
639525,-0.1046161624689062,0.7086824533933619,0
274481,-0.3311368021474678,1.481531355133747,0
858183,0.023917460928856837,-0.566357978259082,0
649239,-0.9011620046255353,1.408124832016923,0
126226,-0.5353112602820074,-0.812114154981171,0
271878,-0.3131941701994179,0.7960423922043676,0
413928,-0.521210795573967,-0.2579301439090069,0
600674,-0.7137308562078524,-0.8553930182245406,0
862320,-0.07456171536613088,1.4429846112146254,0
250561,-0.4992123086220942,-0.35866543202048295,0
168435,-0.6280665168473022,-0.44989183492379453,0
513455,-0.10275934226594412,1.0362292710220324,0
420628,-0.40818423008799415,1.2035328014951558,0
549564,-0.8285047315587938,1.914690842425633,0
705776,-0.41785606908321105,0.3896163400816064,0
511308,-0.3892150850282614,-0.26046539755134396,0
832049,-0.462673166867322,0.4916639367749579,0
501686,-0.3768827553732692,-1.2119029628068738,0
529383,-0.5928740749131967,-0.4722172586911372,0
120142,-0.4478698046882051,0.18477111335780114,0
474257,-0.3884708613957854,-1.3894764093096945,0
69919,-0.9187341669559032,0.39206275853063577,0
595503,0.7964761608821731,0.6761541013586807,0
480644,-0.5303001065330343,-0.24323130189955483,0
30614,-0.07435039566732078,-0.13663540657056614,0
675534,0.15541257213456297,0.8936148135065417,0
693612,1.36316799269439,0.3982493215776698,0
743991,0.16938415203919932,0.5945288509984957,0
731261,0.0665928079898204,1.2722429767364862,0
245635,-0.3506193158357252,0.5428983453844861,0
868013,-0.6113720021228017,-0.24689270467019828,0
243901,-0.7016734120459092,-0.7747834327061356,0
602369,-0.4908205578446783,-0.11336473327082111,0
563995,-0.8179847981979582,0.16309993865138817,0
695447,-0.6782916333927876,-1.7313992166293537,0
496446,-0.669140271558007,-1.2698700751589902,0
853546,7.662509908888712,2.214807199354639,1
735434,1.848883101797292,1.3096870284392177,0
155166,-0.29003236741059196,1.3131129849000123,0
464501,-0.35211811838350454,-0.059047335149056274,0
383151,3.1322452289134253,-1.0714600983715887,0
125702,-0.5148043005850005,-1.7603223481334116,0
8185,-0.5194418981946957,-0.9011189621228314,0
134187,-0.22503357798479637,-0.9161663449650789,0
587528,-0.6157275966876216,-0.6357365299227554,0
472258,-0.46057164166010334,-0.2962828981238496,0
896988,-0.2808601484381861,1.2052577232035633,0
594166,-0.31859132859439376,0.9494822572704896,0
536704,-0.3867432007531802,-0.19295373333707788,0
390915,-0.43263228487086375,1.1536551166203775,0
729173,-0.6896941173667448,-1.0434152520174276,0
938189,1.0594919526300337,-0.19349001199056656,0
410958,-0.37504397426118286,-0.8889765808911931,0
213803,0.11256329661434732,0.9345503987018304,0
624739,-0.5746201012389149,0.7007868283456695,0
129274,-0.29825288732394584,1.4831815492527203,0
26187,-0.4459818059131414,1.0857825739189118,0
787873,-0.5627877550362218,0.5161430965291695,0
448288,0.5435414545534237,0.9999747567524292,0
996072,-0.19806863356684548,1.3379404728798965,0
625732,0.4484819573067068,-0.2947808822395353,0
93076,-0.5926821678278716,-0.8521271236858385,0
443959,-0.19417835633959704,-0.20423383206004314,0
963478,-0.5017775220490013,-0.9260365344730167,0
313919,-0.48494527299269957,-0.31856785136617394,0
611314,-0.23679995804420972,0.827752856664065,0
296903,-0.40808004721200447,1.038204770421524,0
616397,-0.5733352301471151,0.20280629722122942,0
170371,-0.09155352551067081,1.5445519644262038,0
884591,0.1191818857248992,-0.3713967137664799,0
97462,2.2823695633860877,-2.506492833423468,0
320503,-0.24344058982795103,1.9040170934337595,0
471884,-0.15670010304549073,1.6407933185506198,0
186052,-0.0955576843389348,-0.6352410908392029,0
873505,-0.6753007971911573,-1.165635150889364,0
149799,-0.3343965887260193,1.2442118056792657,0
741058,0.4367225131897625,1.60640794548633,0
219382,5.203527523710925,-0.5814174120983013,1
762015,3.0335578367760463,-0.20375269850717084,0
470518,-0.5152562151149122,0.7502798807632097,0
133903,-0.5986010031659992,-0.9494189059223279,0
126818,-0.4032278663948515,1.545481756245547,0
975241,-0.49458524405898063,1.0313233297987356,0
860777,0.42490789939037915,0.48470743092275803,0
682906,-0.5911149593773795,0.4082985926626763,0
50921,-0.6825840333336498,-1.0143707800748376,0
521075,1.1701154666712927,-1.0413137680083935,0
240190,-0.4829918671609166,0.14003173828270002,0
916540,-0.38570955555467934,-0.8337098260524857,0
684402,-0.44664300839312004,0.4242571135013002,0
674723,-0.6510706188195173,-1.194618607587608,0
302998,-0.5999409996460934,-1.130429068157851,0
9194,-0.49011773429776995,1.1182426170967,0
628518,-0.28267992559092,0.7646559699004976,0
382361,-0.3763524901481222,0.40508310684715415,0
363326,-0.8208647681008189,2.0298093428500428,0
904986,-0.5432530365203324,0.9854550882455988,0
284208,2.038642338816681,1.1350589471637738,0
593081,-0.45082356971804033,1.3238151569757093,0
256273,7.23988360523967,1.6408266336969015,1
260803,0.08815924248800007,1.1250668516545272,0
209492,-0.07817838353685815,-0.8921081058340713,0
173010,-0.6011608223256901,-1.0315692046031935,0
857927,0.03105402339040563,0.008754221548800466,0
252501,-0.47705522812021184,1.3286216118039174,0
751323,-0.3584513120411275,0.07331465852776393,0
240188,-0.5115996516494067,-0.15879917096508372,0
65470,-0.6601554211141824,-0.6827533859932783,0
957145,-0.42265951826938236,-0.31681277563562604,0
66757,-0.4396616720019313,1.35346029003324,0
363500,-0.21927065956702219,0.1740081746296565,0
836215,-0.16090212225669412,-0.5085588484244992,0
539605,-0.3497601273861766,0.5836909626595572,0
506669,-0.5264037389660355,-1.2351182532744225,0
380909,-0.042309144522175865,1.3920136135561867,0
216757,-0.2498305228286696,-0.10018156308452043,0
856079,-0.592569902460288,-1.1138374486453093,0
218041,-0.36615902947912515,1.2023015097210235,0
159818,0.19921190227555452,0.277003654550244,0
922822,-0.38394141803212595,-0.04878862111963826,0
255581,-0.6678907189073562,-1.3170005190679142,0
851270,-0.3641354883672814,1.179217882950545,0
62391,-0.566135673061603,-0.39768060229667573,0
91206,-0.538277092413965,-0.07063743839828725,0
376748,10.409350838206505,-0.25242428750160434,1
411887,-0.3942121204786344,0.7787140654340736,0
365412,-0.4245629967308235,0.8063915953716181,0
664344,-0.5840578590884196,-0.9715314446833827,0
117424,-0.32475846370335776,-0.30212988074341557,0
694858,-0.547498659085801,-1.62217470820832,0
139990,-0.531409648480334,0.07712756289032327,0
894650,-0.5764350886863404,0.47396466452868224,0
399083,-0.5970112488123929,-1.0863951308636306,0
111651,-0.5103738970987307,-0.34036178653856103,0
234114,-0.5845973742732319,1.6301440582752138,0
631766,-0.526958207133347,0.9026665456431335,0
781243,12.914522803705621,1.4573340052151316,1
102877,-0.6681365349740698,-1.6529595967541468,0
622371,-0.6637699441605428,-1.2132219907030788,0
49181,0.657934101919818,-0.5993228976226802,0
581620,-0.3855566396243926,-0.37404785335527174,0
618038,-0.6781057376889018,-1.159173339666718,0
623383,-0.27167988522295733,-0.7866565281279602,0
643799,-0.6671209869770137,-0.987427410397608,0
844573,-0.5383196100553366,-0.9329030867588594,0
538454,1.6499234540783037,0.5838859383978012,0
370804,-0.5216324890542159,0.6151177621991796,0
5709,-0.6064175584230743,-1.443991205147237,0
261726,-0.6259866737656876,-0.9340058447727699,0
690647,-0.6103673610384084,0.13995945355077502,0
990926,-0.4197375179461693,0.4792578066376939,0
394761,-0.34775751575116964,1.382660867266244,0
633441,-0.3690746036131965,0.15229270616324755,0
908878,-0.23826798593774753,0.9168195324372912,0
483088,-0.6760717038800863,-1.1619911329312547,0
868952,-0.40806872294096447,0.9606709201718191,0
845301,-0.12077067583031431,-1.0825448294001268,0
589158,-0.4287807392329752,1.6887304371112497,0
601689,-0.5494592491837893,1.0915850828760607,0
898952,-0.19419788603817176,0.7971914562825947,0
116536,-0.4410013587049588,1.23061257721202,0
987184,-0.23783172276686795,0.3884598245813302,0
210485,0.1328292641463099,-0.694284756354695,0
901849,-0.5592834836200746,-1.3298881374133424,0
251680,-0.7419626854146515,-1.3843759273682779,0
178299,-0.2526283892832524,1.5315134705915063,0
902487,-0.5081326917938812,0.904247547226512,0
372501,0.09354766468221504,-1.1110430348395812,0
843179,-0.48083850372711895,-0.24049253396005835,0
73584,-0.49925263506231854,-0.442403752364261,0
233442,-0.7420115165942978,-0.15002536869790872,0
274899,-0.4773604536440019,0.8798317843936275,0
830261,-0.5183225774691261,-1.6801580376418965,0
12378,-0.6059105055855297,-0.3667405621255879,0
184404,-0.3842446911333233,-1.1312509847786354,0
353396,0.7206102028386335,-1.4599825937912934,0
849700,-0.33367326329494085,0.38968229223038775,0
704429,-0.36948522802075767,-1.3909369824306304,0
681246,-0.029755925639479743,1.092033770944942,0
110448,-0.3624815107830806,1.5546342664971093,0
193575,-0.22278860289456326,1.647126813157447,0
286618,-0.3842020190513117,0.5169305900721654,0
348114,-0.4101780346981859,-0.22234185367815454,0
997808,-0.42794725121479693,1.607790492617308,0
10121,-0.5870943631512763,0.8230954628020039,0
819350,-0.21693322599184908,-0.25347258441380016,0
19619,-0.7142285652884899,-1.4178051033205972,0
302269,-0.3574194709460905,0.3355694481303603,0
514341,0.6612880953939173,1.4776452129243567,0
178662,-0.9189864759798504,-0.6576663900178638,0
875934,-0.44371339942383314,1.4630102799207134,0
547062,-0.18359316750631394,0.16330430875838017,0
270292,21.602698470932253,1.7702190387880878,1
9799,0.1066737728726709,0.5693070097432246,0
165818,-0.5412307850357572,-0.6618352882261861,0
978249,-0.7079120100060341,-0.286855956537928,0
847262,-0.4878676645000534,0.44375279490255815,0
749340,0.9601421405083085,2.0328034425165975,0
345538,-0.2153139398436585,1.0011546211615703,0
127423,-0.6396212309842394,0.5788370139754392,0
424069,1.7201280612508603,-0.20395845060144452,0
218758,-0.5226248148874637,-1.6211599252764006,0
223757,-0.39285596656180927,0.4507498338221659,0
514955,-0.35270428495990575,-0.49939607784642903,0
193101,-0.5000977148076444,-0.7734038731558933,0
777898,0.35208045998587484,1.7059340564285468,0
245308,-0.17630759818433653,0.568608916371253,0
798825,-0.573611450495518,-0.5726290328897407,0
954727,-0.46652170665659665,-0.22641289785537594,0
396895,-0.029613057927138683,-0.8012041727445347,0
992546,2.066628572928872,-0.7983237778456623,0
716587,-0.4120843648579825,1.3144297241360572,0
484771,-0.44949302698719645,1.037173224146642,0
407577,-0.4443957255692056,1.1557395949255078,0
618376,-0.11736023454712613,-0.8719388341777947,0
242166,-0.2978974523477999,1.4909734913782218,0
113902,-0.7042906951213482,-1.3718782647044674,0
594453,-0.49285601320874456,0.26721866912055775,0
618506,-0.3864452278056216,0.6095280204248199,0
997823,-0.5576603514202808,0.1017939528260381,0
896181,1.5182585256111125,-0.06459144399296518,0
718490,-0.17991540249253463,0.916210478381105,0
592959,-0.4892297185509749,-0.9917731956194041,0
909892,-0.3880595080078687,0.31740258815598427,0
823178,-0.6277178326589571,-1.4116616046639803,0
121614,-0.946446574372325,-0.2105680518986413,0
243281,-0.8568816093242866,-0.48834571226451146,0
127665,-0.6289377803861544,0.8791479055144673,0
525261,-0.3486614263883042,-0.24013721538241817,0
820838,-0.6339245663424873,-0.8947477791571569,0
578925,-0.11263100688314506,1.538264483560306,0
740838,0.30363051996879803,1.0022159335511698,0
356753,-0.5654473109897711,-0.14222570811565866,0
540257,-0.2744772716050428,0.1507524005095594,0
871398,-0.0740901177782728,0.5292223132538145,0
106226,-0.5802216886139868,-0.8931752554226802,0
55019,-0.46111930096931286,0.9937157046219013,0
383015,-0.5597573578060163,-0.43133520704085987,0
495761,-0.6334632451494786,-1.2397637189015978,0
60331,-0.3557529319881325,0.5800934091172844,0
301069,-0.3943303989626333,1.2606316857738455,0
210681,-0.2349051040228355,-1.1764649069212356,0
684164,0.028075479158571275,-0.9691055613000087,0
439309,0.3657788154508502,0.76820697648051,0
775603,0.34386571667378607,0.1493340066631257,0
54415,-0.481092530715324,-0.7952922455190393,0
906040,-0.4190751499011879,0.6484019888362429,0
398797,-0.49747309199397965,0.7098880841958762,0
408297,-0.7132931962541946,-1.1800733748046108,0
933371,-0.37675278589025224,-1.4246014380807337,0
195200,-0.6486461945185209,-1.5303534026767402,0
533855,-0.3115513669408318,-1.3188328102733962,0
966085,-1.1316087809235156,-0.9202382956206944,0
785691,-0.41813548753816127,1.2191977882351106,0
277646,-0.009102405239750661,-0.6969701771237955,0
789604,-0.6912255739170953,-0.245097562919391,0
196614,5.575558420762075,-0.7044116748327213,1
620992,0.07004728475366673,1.748467638438251,0
554871,-0.033365012593223706,0.09280061932295088,0
894171,-0.43804359755104844,0.9179087630157836,0
965386,0.1951840777192715,-1.5476918556134296,0
75471,-0.5033464151955211,0.3326639271542907,0
554158,0.45013755133108724,-1.8892449181499391,0
697367,-0.3851944438073514,1.740710289427808,0
905861,-0.5430917118927279,-0.6736424940245184,0
313965,0.543114640211537,1.0557650382390105,0
835836,-0.5702488835500863,-1.0692809157801932,0
837847,-0.6051721098159893,-0.9736237643879021,0
817501,-0.5414808927627057,0.10159615949707877,0
566918,-0.28088538089085835,1.192320830828409,0
642903,-0.44922302145685256,0.48288793499581006,0
813426,-0.0523477538133972,0.5960462620950491,0
630825,-0.36899770003135035,1.7995482169688601,0
888212,0.2135854546701012,0.2840099974303587,0
787336,-0.5903179482067276,0.16283932587190328,0
192678,-0.061204989441821706,-0.752966400344847,0
800147,-0.12005689437078593,0.6052758588601496,0
556661,-0.4642276668145172,-0.9567655411944178,0
930249,0.17998370444017425,0.35188315698884104,0
363680,-0.3109064852305394,-0.7650368716475415,0
406303,-0.26298442161088087,-0.7913897808696404,0
813655,1.5808485068480553,-0.7018502051497695,0
943886,-0.4920337273305535,-1.6800808137283318,0
600731,-0.012697771148796715,1.0094747443133811,0
431104,-0.44213561600906276,1.6181686179586197,0
333586,-0.5761663784515394,-0.3436148470419365,0
358616,-0.5589477213398477,-0.18516245404523207,0
270776,-0.4738872576974722,-0.2209793943903808,0
602900,-0.41766023034815936,1.790326101361393,0
733374,-0.7068533270835138,-1.4191204688493693,0
769684,-0.31014335713868585,1.0479824670467632,0
732746,-0.3560241688090431,0.6512822301194848,0
907075,-0.547963287849183,0.027980015917812667,0
464455,-0.575224045263078,-0.3180677615921351,0
240793,0.40252589521898796,1.2452323862614438,0
276763,-0.39664088129518077,0.5344462242916084,0
17539,0.44830522849109133,1.2344407825905566,0
265880,-0.07156438685003863,1.53177360458382,0
367575,-0.46476253882281826,0.5597263897414937,0
953013,-0.5975190623923772,-0.27664223032563384,0
112111,1.279123805027044,-0.42104064122844354,0
915735,-0.9937818156259448,-0.06763180468199592,0
966083,-0.5628781968332779,-1.3511062759518488,0
459278,-0.9212586603693057,1.0852887136939118,0
850510,1.7459050162356813,1.6588785838153386,0
606170,-0.4566134455789971,1.0160437721295692,0
76003,-0.957335657987978,-1.0710347919921823,0
732094,0.10012384752595593,0.8494850953354762,0
218348,-0.027325830874873586,0.7299277471252605,0
383551,-0.2884697669807808,0.6978047752542118,0
747113,-0.4583524770515575,1.2211294581829002,0
594022,-0.5857832669845933,0.20961875659063792,0
317816,-0.5097015239822424,0.06398998250573791,0
894771,-0.7683572270860272,1.7642167645174454,0
240929,-0.4532101171486788,-1.0013744939546774,0
113213,5.5226015647099755,0.5420697564505782,1
408036,0.4978302421862854,0.11665352181101471,0
600194,-0.23765056560495945,-1.32649978877061,0
750442,-0.08507579479743188,-1.3127892256006162,0
493474,0.33624564645631977,1.5889037618349728,0
347118,-0.6738579661795661,0.19398484600301863,0
947301,-0.5444621707308822,0.9923669572490761,0
845490,-0.36090161062147813,0.7148146618638997,0
604610,0.8392006295757388,-0.52864060039916,0
626016,-0.5047357995636976,-0.26946103909226277,0
631991,-0.40033655139736873,0.012305793299084369,0
361077,-0.6528086819039193,-1.3644750379913884,0
936449,-0.4575227707280777,-0.8715942171586732,0
364916,-0.49683122333749025,-1.2570522052104351,0
773956,-0.1322484412724992,0.3783291308150608,0
900047,-0.4924081668933743,1.5568141818009025,0
812752,-0.6279158788136042,0.4785281181018793,0
374328,-0.5383562739608038,1.0203658890763456,0
482043,-0.4898979007415964,0.7466477441845619,0
256135,-0.18748658537626844,1.3014122934851295,0
198950,-0.39691108666435676,1.5345945021975764,0
765658,3.011876905236507,-1.353604830184908,0
307381,1.2259248866213872,0.9591879008103876,0
335550,-0.5761767778559644,-0.9863123148232148,0
765771,2.2924001402592378,1.5304741004576465,0
19177,-0.4411737976570854,1.2020591903189815,0
87270,0.468213867090338,-0.8685200716971211,0
689949,-0.44631180453641456,-0.04116765893017926,0
257440,0.3865272578388076,1.6829530038652922,0
64747,-1.0514815464479754,-0.7422230398515586,0
57599,-0.4037314904635041,-1.5601793485323494,0
558326,-0.6151768594595864,-0.8002528888578803,0
395102,1.0489490892317703,0.5962393460844667,0
370536,-0.6834361769705298,-1.8266650211390765,0
117220,0.5519376803179167,1.0453076702221047,0
17283,-0.4995660471675529,0.3364986991557505,0
42223,0.9812679012185606,0.7839427868900312,0
698304,-0.5283409503443819,1.01699147036308,0
95126,-0.458570535856727,1.1601669389476368,0
223697,-0.25274669230538604,1.675091394947143,0
781038,0.02499609458652425,0.8871502984306506,0
566022,-0.5354764060311149,0.714276981402949,0
123495,-0.2724754052228679,0.19731081671438214,0
424471,0.07355046875009519,0.25727532789693836,0
770584,0.3392361703549989,-1.0627221223003058,0
278008,-0.43115346034902463,0.4154930372368897,0
175737,-0.6732297650774219,-1.0605435023618859,0
157434,-0.5013225225577737,-0.511175146253217,0
783380,-0.3054978344030689,0.9695533944258811,0
253646,0.04168765785942226,0.8927657805877767,0
986364,-0.4828732354068001,-0.40295213495979765,0
179094,0.24301599886960404,-0.23618627353954277,0
285827,-0.6392059294299616,-1.3615628938017048,0
571372,-0.4668182990292623,-0.6449119062989992,0
636928,-0.38308541826838566,-0.8764572899684946,0
683092,-0.5229284617649197,0.43096605549171535,0
787784,-0.584933540378873,0.38953503663907624,0
776117,-0.4469756774552186,1.8014717766579482,0
606336,-0.5735158063797389,-0.49660461158584684,0
8682,-0.4536322220907049,1.5739953252285077,0
477625,-0.411663872149135,1.407952147767525,0
169960,4.356128015016274,-0.2708856645729375,0
55626,-0.25827688062849125,-0.15249530291960917,0
449574,-0.33935559095927675,-1.370236992586819,0
28783,3.827246618348221,0.9158445989368493,0
41426,0.046204974849597964,-0.09740989978172447,0
635808,-0.4746801063928465,-0.06793343129668684,0
355898,-0.5496860983023365,-1.07378723685305,0
644608,-0.3461346257074563,0.5981634723648644,0
378407,-0.47861136248023517,-1.317365180203093,0
965413,-0.8792338399521216,0.8915809289997708,0
48359,-0.17936901756711068,0.19240502748417534,0
997731,-0.13684500875805206,0.05957794767905792,0
814926,0.09499772694452291,-0.34919901135909603,0
851792,-0.26704160985273934,0.8849442918208061,0
261143,1.2546217469332503,1.4939841362354358,0
676981,-0.6827565924543431,-1.8864860058582333,0
554790,7.357668322239461,0.323927622791341,1
185932,-0.19293367674869022,0.06499836655102387,0
92082,-0.36646841126428326,0.3375155891074286,0
933154,-0.09646643270641227,0.31249792968127954,0
246879,-0.33456134563090134,-0.16841215856878042,0
648425,-0.43034970486934476,-1.2026451204246493,0
20776,-0.658280906365039,-0.2500449863970584,0
738996,-0.30713061341359466,0.7463234123604379,0
877314,-0.6284993957309126,-1.0228605998680083,0
937681,9.753860250219653,-1.4336357040744765,1
667141,-0.3750220999085434,0.6837823602586544,0
977564,-0.5181685261623851,-1.4744669879349257,0
495511,-0.5345616045051884,-1.5639044596993255,0
205958,0.741836556358692,0.5000723269667563,0
756342,-0.14157391978261855,1.8293436144533435,0
577142,-0.9572944389478092,1.5216610010934997,0
756522,-0.53067047698221,-4.622981964914771,0
247237,-0.1374934020386588,-1.5604624047211137,0
210045,-0.29644258302396775,1.172133539276852,0
667831,-0.30297315131450037,0.6879430402536442,0
440745,-0.6062403684882043,-0.4534967430155477,0
603078,-0.4753965937664056,-0.47849375980080816,0
854862,-0.5878486986669954,-0.27857805363316335,0
444522,0.6352029565103479,-0.02555704777117661,0
707252,-0.4243845602121704,1.2446182070173761,0
932538,-0.44948680365792604,-0.049870678264931,0
753017,-0.4906122831281577,1.0378551344630456,0
371469,-0.491047734259802,-1.3065350266019466,0
332267,1.3541038922716222,0.47779052359612295,0
404215,-0.6444590657578909,-0.44627875987681825,0
207534,-0.8595782615973118,-0.261574247440683,0
680443,-0.8748823457507512,0.38079614154052793,0
386699,-0.6476973755657154,-1.481106781255505,0
162731,-0.5250399183089501,-1.188488047862984,0
891557,-0.22096429036702636,0.7697382633448143,0
512427,-0.45066599730582435,1.9005221098963805,0
811300,-0.6402277485478899,-1.5376001193944544,0
818898,-0.2905667374882436,1.3103956813291247,0
651692,0.09934191820460125,1.256426917028624,0
262822,-0.6748865021261867,-1.3324601777351748,0
455715,0.035256600929923124,-0.5116602076292327,0
93351,0.7350717179597086,1.5432080792180587,0
539954,-0.23592622099995253,0.8683614615659617,0
19710,0.39167323530467346,-0.1600073608922875,0
917946,-0.39033552544407263,1.1328691796924073,0
914580,0.43161856464726034,-0.5889548788235043,0
744600,-0.5015847519175916,-0.7515078562347336,0
685991,-0.40804540754109614,-0.3428514770161761,0
821295,-0.4159214532371301,-0.8900002444000438,0
259418,-0.2647857153873484,-1.3202232717839113,0
3604,-0.4263833104344468,0.2961599798586228,0
846988,6.031793241576626,0.017440356616863394,1
828853,-0.5431070952297571,0.19846527288542956,0
888611,-0.5868521849321867,-1.0552696360186502,0
787640,-0.4888548749894191,0.6990494379673593,0
557151,0.26956595284330975,-0.4981353812579615,0
296070,-0.5038159837440586,1.5008546800984126,0
509333,10.858083374065172,-0.40301728406474707,1
456287,-0.3901348547047701,0.7543038616134756,0
104358,-0.10889025674823775,0.6855204101292353,0
667894,-0.4663912803863979,1.1525497618719567,0
580303,-0.43823076602017713,-1.587577274028995,0
431262,0.028930841562569753,-0.8156718864320466,0
591223,-0.5152170367611351,1.1898482392491063,0
247608,-0.476046024097569,1.2288075732210197,0
937398,0.45371796240697837,-0.7354045326874226,0
224484,0.870194532779273,1.0443418371613993,0
276161,-0.17085897229651298,-1.5128097755250016,0
786923,6.984180641625815,-0.8054528621090937,1
235454,-0.6241926356263717,-1.6026545106974437,0
489053,-0.40656243401849,0.9190295180107707,0
689447,-0.35774408604042324,1.4978310304041542,0
712339,-0.02829985082224051,1.4689031073896905,0
62943,-0.7964372249895793,1.7131382885230995,0
703136,-0.5881885073466359,-0.44967376903886813,0
470900,-0.5073899671920219,-1.5067674352198215,0
323187,-0.49464728897168286,0.35430664120043054,0
594066,-0.3941150403412652,-0.21016484309310363,0
779081,-0.5378145227754682,-1.7527470254167656,0
388176,-0.48768390474414036,1.08870578009192,0
926911,-0.6182560438512781,-0.6371634209685438,0
118704,-0.4448581226680236,0.8065237046614205,0
650769,-0.5184128258141395,-1.7994321479722308,0
752832,-0.2398393090476737,-0.9364635449345072,0
169076,-0.4089971329219528,-0.9596163716211222,0
575839,-0.4595334905944534,0.3103471085406071,0
641418,0.060093221437910745,1.1443582660719662,0
735675,-0.3775683410731224,0.9617338441198263,0
211774,-0.38525727509082686,-0.6745897958379807,0
409766,-0.3575444235667975,1.4909782917507453,0
870387,0.622207122736109,-1.016651852639393,0
670392,-0.33250600437668987,-1.5416080172534878,0
526381,-0.7429880772372945,-0.8465855257842438,0
130069,-0.2217109130101221,0.945894402676311,0
692774,-0.25198132746228274,0.16380009924829603,0
23723,-0.42067841483182816,-1.2624285063187517,0
418695,-0.5362737244337776,1.6693039050573186,0
526832,1.3073305208936805,0.8548373604945729,0
155072,-0.48146361325731224,-0.6106641276272187,0
173310,-0.31853922690794967,1.7956956390842538,0
946376,-0.4562295926443464,1.1269496034085413,0
892656,0.8279911069562951,-1.4473397197988416,0
53019,-1.047468053689018,0.26338621322256944,0
600970,-0.6293541992551753,-0.38542155264060435,0
492413,-0.8836081985626335,-0.022742025167619286,0
374209,2.8679323584123773,-1.606876374627575,0
554196,-0.7858979679062419,0.6263279988456555,0
815430,4.824689209206099,-0.15688474012557624,0
869633,-0.553043320588042,-0.18871738058251317,0
950837,1.0853207248135122,-1.3087039069886444,0
835140,-0.6029769010893419,0.36950705846570403,0
161198,-0.27668254447564883,0.06966802191498414,0
467206,-0.5621003195579971,-0.293663381654854,0
157406,-0.47550607134558565,-1.1307844158666174,0
597266,-0.4179249680025559,0.27737504233092247,0
530302,-0.22319114923757674,0.3366155937618311,0
861496,1.3587663715521352,0.3723212183017386,0
779459,-0.19257291329632795,-0.5981477631851254,0
207646,-0.8300167490012618,2.202927215919362,0
484437,-0.16115037989571868,1.2934628593029276,0
802662,-0.2507095772138657,-1.4578035010137786,0
816847,-0.652103975278575,-0.3456473428762439,0
107891,-0.6690101751985108,-1.5556448448971663,0
556850,1.5709921413042833,1.5173113115878103,0
878857,-0.3815502613959684,-0.8191027146307793,0
218094,0.3289289278781983,0.8255312971573977,0
957641,-0.2564449480976295,-0.7051659097741723,0
132177,-0.44186205049993843,0.470229296643838,0
195700,-0.4822951387556115,-0.10264711507730892,0
784973,-0.4336808935216211,-1.7085919253998565,0
675978,-0.6727824677643561,-1.1645316438141295,0
704335,-0.101632698145885,1.3279693300650477,0
812039,-0.4456654997449432,0.05672922323078139,0
386133,-0.3860881161724392,0.12753235477531455,0
938943,-0.5776224816095731,-2.0772013176981954,0
802361,1.249725325197395,-0.7190113624585499,0
909158,-0.48522888522690355,-0.08405608111883785,0
746076,-0.6184398655310452,-0.7496218049338291,0
877711,-0.5481092260576018,-1.5536203102870756,0
87105,0.07335987049074684,0.13991707751683366,0
565932,0.7913528886657608,0.2753460783670544,0
536878,-0.41772350331214425,0.05452928418184278,0
954795,-0.5708432516055301,-1.421905864862616,0
180317,0.9962702492169081,-0.9141010079720964,0
328817,-0.5072936471744212,0.0661998177749005,0
967938,-0.594085258810008,-1.0676967094019654,0
646326,-0.6259715005112204,-0.020729592785313562,0
267612,17.765998450295044,-1.0245804817809498,1
181921,-0.6268047899287539,-0.9462472499204352,0
533517,-0.25036061482389527,-1.635604960332747,0
427135,1.1947793304115486,-0.14247944300684576,0
350594,-0.21005393878659548,1.5580360860091238,0
919287,-0.4745664295077342,0.6383735128972811,0
644120,-0.6480511866929735,-1.0307307450034797,0
460181,-0.4421849960526576,0.7814350597596972,0
625402,-0.45272086931661365,-0.9052186939568906,0
210151,-1.100600454032831,-1.1316018559766965,0
170936,-0.3685697016453659,0.8779075006567982,0
425535,-0.540187191921102,-1.0334545333609841,0
249658,0.9782294431198493,1.0150064340358733,0
655218,-0.5685912603367138,0.5734606728257874,0
442414,0.2324646227140659,-0.27802686302772545,0
134987,0.947520749530319,-0.17998770453954957,0
850661,-0.22558676983028703,-0.937238300062198,0
448640,-0.17678237990639906,0.20946588287112064,0
213674,-0.57034381664954,0.6348254701587799,0
765787,0.029257176332411015,1.216504391226737,0
899699,-0.6261457295882471,-0.6618733329031337,0
945881,-0.03486619949147411,1.5586734121272288,0
274778,-0.5465752548042154,0.03795921084043347,0
990636,-0.4463298277374749,1.229377596880359,0
412386,-0.15063062751038434,-1.2205357839888125,0
190337,-0.6338903599386196,-0.612067249731146,0
92341,-0.5579402426664245,-0.05660979092804856,0
383653,-0.11646869333098375,0.0939464900302429,0
682329,-0.2627596487976264,0.8082028218491997,0
277564,1.6984975224442442,-0.7404409643429045,0
736575,-0.3501371353489749,1.045928322851824,0
546945,-0.24214641640527576,1.0093862040962986,0
484990,-0.18345790187302766,-0.6425779727623195,0
195414,-0.21849698439550955,1.4108515266710984,0
440980,-0.6388709344666353,-0.9208385822732879,0
309215,-0.530804051892938,0.3387646565324971,0
149026,-0.6468756149496818,-0.976814492239337,0
770950,-0.5424079121851209,1.0452066360427026,0
606526,-0.5126902449364826,-1.8781175986832217,0
486974,-0.515859595996021,0.8292812641708615,0
290883,-0.478734704566051,0.24660648243402689,0
367427,-0.3747814766550209,1.3756864751986737,0
267606,-0.40467672324998505,-0.41632952483560454,0
966904,-0.41529088378463164,0.11945705548536491,0
89973,-0.6650960078643815,-1.3401708883116725,0
637813,-0.3843105602438046,0.8188985942229513,0
645666,-0.008981750452530428,1.0985608118351018,0
127175,-0.5379561633668786,-1.5340319925955443,0
22539,-0.4090763329420423,0.9978167460216593,0
164305,-0.588240877490403,-0.5400769511964891,0
179233,-0.40547889330579523,-0.588076302106926,0
811508,-0.541883415461272,-1.063948641609076,0
333159,-0.6490640631445853,-1.363665577521776,0
437004,-0.6135599796214894,-1.0673205272161623,0
899605,-0.5030373603024503,-0.5360823652689873,0
68545,-0.29814929350662484,1.5860873975605283,0
181742,-0.47003310624165967,0.748515140816448,0
160920,-0.6696018391378001,-0.6576712640845758,0
977221,-0.4171319281364568,-0.509849764094708,0
871294,-0.31953420828498874,-0.04236889467231538,0
910168,-0.5684111264639298,-0.5421312730745266,0
245165,0.14537098323272213,1.9267499741046639,0
312924,-0.2547064494344167,-1.489204469678018,0
803149,-0.4596462549535301,0.42994419699895386,0
412874,-0.2786796938713226,0.26454583479007104,0
341794,1.1916840049466175,-0.5224424810612884,0
890907,-0.4790156375872904,-0.13059866891015448,0
516193,0.09288644985995027,0.14629727354151995,0
14608,0.4786181389964052,-0.9949216858201302,0
48269,-0.3902290559601317,1.412061927038199,0
434643,-0.5348736113194472,-0.041216119365093465,0
812140,-0.41345563084882986,0.9346522014790454,0
142692,0.02034478823018753,-1.6897959743688815,0
258263,-0.4386126287878131,-0.13888365516112736,0
745975,-0.2029183587607007,-1.6424035086329403,0
563260,-0.5249611268729364,0.7810757727533114,0
243210,1.1951904315991726,1.6225984404973997,0
563678,-0.20981235999255823,0.28064229321354184,0
180874,-0.32111815668804655,0.3761886891339315,0
977525,-0.3243005890252463,1.6068087254939858,0
975397,-0.38344354788135027,0.6303601877700036,0
942795,-0.32462461562492795,0.5199039151301643,0
128925,0.4449133362219917,1.1732744200446368,0
66979,0.5995060987910379,0.8023229742141432,0
892637,-0.6737239871415652,-1.3159780287175324,0
324513,-0.4613155046313845,-1.6861711488474014,0
268681,-0.7039375559029089,1.4554049752892777,0
296243,-0.3439303671083597,0.5646657295398946,0
249860,-0.4978183459675746,-0.2860310660304973,0
889823,-0.5139638297378231,0.4850679550089236,0
142472,-0.5744207595382824,0.6860237458199583,0
798728,-0.5249810561658539,-0.48174351228855955,0
290027,-0.5366876756487257,0.35635340387076936,0
73223,-0.7554274001383876,0.1604938746946928,0
971950,-0.5273595375170055,0.12693314339919218,0
456863,-0.48929333470641495,-0.6906167989830021,0
961101,-0.42105283079058314,-0.8962517156601796,0
234842,1.4783082649654569,1.3995773371137732,0
115359,0.8575776338940506,1.392193116047246,0
903341,-0.7750010838735542,-0.843362972566124,0
227472,-0.3300954422243096,-0.4814544124003435,0
220831,-0.5437281777450658,0.2031104785264203,0
124733,-0.7340963734136764,-1.160447743874991,0
147724,0.3301790770797119,-1.219750707156742,0
335053,-0.4497972371204802,0.11703456998325003,0
764541,0.11606252273662235,-0.20326045559868108,0
130998,-0.02651553471829812,0.025693257320118772,0
416731,-0.5714775373470454,-0.26278877174124976,0
723048,-0.982684165007879,0.11727444886703257,0
786836,-0.25989512710439033,1.4093536484349705,0
314200,-0.40829633156142686,0.8805354585308944,0
305101,-0.2869813456906653,-0.22776632820434847,0
564600,-0.5588832002480976,-0.6931072226770918,0
406419,14.785681582135927,2.200502722251831,1
892978,-0.3658981474688498,1.3241663846789153,0
577956,0.24774096598339895,1.4337595594253332,0
221912,-0.461317033523448,1.4707746445958647,0
601062,-0.4133602404720983,-1.6808464244032186,0
436002,-0.3105193115233467,-1.2132055040543022,0
538169,-0.44244061351789055,-0.7542059128776989,0
857070,14.06207706002217,-3.0181426978802994,1
153622,-0.26584116221316156,0.7892867468507818,0
390968,-0.224316132239088,1.074046246072376,0
465741,-0.6166266904005151,-1.483373199349387,0
119834,-0.48412427481275533,0.4833905962908469,0
672108,5.248495214385104,-0.6851210574514196,1
827423,3.255785803766601,-0.3664510829932829,0
180104,-0.7784688391718984,-0.66986246912782,0
550112,0.2746520181020202,1.5007267042105168,0
719679,-0.6942744695659596,-1.2461962221878198,0
353693,-0.3488587200167457,0.3786005167652767,0
326643,-0.46070302739143393,1.4587209303516833,0
452145,-0.6166740078776752,-0.7049790808812317,0
123436,-0.3867983322313408,-1.6560298276692675,0
208436,1.0453612136118537,-0.7331693352087878,0
889828,0.022238118905158834,-0.4371422334474485,0
360785,-0.5076469069228269,0.7171784120328086,0
899936,-0.47821083930354086,-0.09369291309470468,0
560544,-0.06644881116213099,-3.6441685060433002,0
635971,0.1674654082685628,1.2735964464776388,0
373347,-0.5070248057156119,-0.14196359822446472,0
429790,-0.4416298236705507,0.391360038138848,0
664979,-0.45559325831988634,-0.8884588174374923,0
434998,-0.5482343718081982,0.11943418884048894,0
924111,-0.4103063389855953,0.16797219451306206,0
795172,-0.41644608968758823,-0.14319078196882784,0
69292,-0.6011857445548066,-0.790108056455253,0
673814,-0.4671744328508426,0.6817838991203471,0
772844,-1.1202250559246463,-0.5003476047295732,0
459639,-0.33138200320665756,0.06728788616160918,0
303238,1.1753490736627719,0.7591576468918799,0
365621,0.4587856087609456,1.4411535906356896,0
581307,9.133353695763198,-3.125987331578459,1
48308,-0.43217821855715316,-1.4119121522604783,0
359449,-0.9915802945278992,1.0831416040279307,0
183940,0.6327499455185013,0.5133523198668503,0
791758,-0.5187125308125099,-0.13574438484172452,0
266395,-0.5090486331737982,-0.6115443699060551,0
230831,-0.46407468916409034,0.8017578270927544,0
649731,-0.6310594059211609,-1.4373637524347178,0
514070,-0.4300151562715206,-1.1955287970010045,0
902221,0.004477753068725784,1.7535181045281152,0
903094,-0.503692664478152,1.158055172169505,0
197109,-0.44692659871065893,-0.5438041571239688,0
815960,-0.3733576921856933,0.7965730091156468,0
308612,-0.1545408659666486,-1.0817110025496486,0
915354,-0.6721511518636616,-1.6629307551909833,0
513914,-0.5199191861480346,0.8771498333411617,0
157074,-0.7593747253614569,-1.343585699050553,0
154510,0.7946976721451385,-1.4886387291263679,0
41395,-0.45938458629100365,0.9936498401214715,0
404814,-0.16715061348227087,0.14324739658694932,0
191586,-0.5227996228294355,-1.4405007088765693,0
320708,-0.14668279488178834,-0.8209716297662517,0
880501,-0.4456556510654508,1.5725427259096318,0
690708,-0.14462683680335608,0.7119891446930592,0
70074,2.272534442162423,-0.9985541795435733,0
50804,-0.5833887146152088,-0.9398219745050636,0
628331,-0.5935815317308277,-0.5867954604838843,0
844917,-0.7223744894325967,-0.03431660136606416,0
476773,-0.5382587414955042,-0.1771016630128337,0
639374,-0.7349640557517706,0.6023028512686073,0
633746,-0.31911831311293487,-0.6569771826124821,0
177705,-0.5154186967193586,-1.4280616145062057,0
573678,-0.27583192195851663,-3.187365637293526,0
49137,7.4099311187424535,-0.7043511287159271,1
522625,0.600666404916899,0.4275628606449623,0
819257,-0.4495058578098682,0.6942613032506472,0
248491,-0.3700252061831544,1.1872429743716924,0
835385,-0.09376011971047704,-0.2531971961358496,0
971238,-0.4837736772996868,-0.9609323335965541,0
226622,-0.3837009483443682,0.9922425086165397,0
805294,-0.48701550613533906,-0.2646077185305102,0
68659,-0.6928847072367387,-1.4378258807230109,0
339033,-0.5726124861946005,0.7837459204901013,0
101965,-0.4780616300629771,1.5915488348798639,0
78647,-0.5378774130802728,-0.17628738361186322,0
173989,-0.5489575499924808,-0.17089837910827685,0
363857,-0.25630144753059697,-8.52743604378512,0
14171,2.0659113807684153,0.7284608744713852,0
869218,-0.6867225596683484,-2.053037013306247,0
666194,0.38597257249074685,-0.3481056819610391,0
537556,0.15991920996102058,-0.22171544951392944,0
161455,-0.6805656171149107,-1.5968587793825402,0
255415,-0.583471441223814,-1.2994949060623475,0
576144,-0.4253554289554652,-0.42170381207062424,0
548047,-0.4734123083841776,-0.8538116837777605,0
66612,-0.36375731016602064,-0.3246427914869621,0
533845,-0.47467424812425574,1.4627315453877876,0
551748,-0.3722264498864611,1.2475039867904936,0
824195,0.01631338676546086,-1.0294675001602573,0
6425,2.953983030592832,1.0823540491765344,0
105096,-0.1563558341046273,0.5965369989769034,0
286563,-0.3572926199551715,0.17327817791684771,0
70756,-0.3576085743693376,1.932530109375824,0
204992,-0.3217153720725536,-1.1612592666445085,0
782304,-0.3380319971999869,0.23366351848903405,0
662961,-0.3855134972215672,-0.4816543316965672,0
368120,-0.37956528456319893,1.7028221150209155,0
853427,-0.26454131727497476,0.39837272820153735,0
77147,1.176213352300398,-0.10661030974861753,0
824617,1.0139071074982704,0.2600607992427723,0
344499,0.11753119208837072,0.6692396006463822,0
863389,-0.4427512262548623,-0.5456351641804181,0
350455,-0.5601244119116242,-0.5799875331714053,0
757948,-0.5753581220825581,-0.33842708040738456,0
212321,-0.34460359201599594,1.0020341644810007,0
500724,-0.6337836720860222,-0.8813938048197084,0
294633,-0.34272674968200445,1.5171310195401888,0
823422,-0.7295845987837393,-1.5488201954705378,0
135660,-0.46421101048353874,-1.6033568662166147,0
768926,0.17665390562208064,-0.09167569220000012,0
712829,-0.6585326177329224,-0.7320803485268003,0
591398,1.0578292507650258,1.7367361272198718,0
980739,-0.48440102894549436,-0.5505068371515923,0
588933,-0.9380879169009203,0.4924713738973984,0
418293,2.9563973440065054,0.6377134271810808,0
856829,-0.2649900714209657,-0.08271601582315623,0
911256,-0.429455552183379,0.6061334704634894,0
185560,-0.6047696984357612,-0.9695593403318784,0
100904,-0.5891175846947455,-1.0179515613353576,0
916210,-0.1311262564218713,1.4974092058346888,0
392631,-0.5504790973386425,-0.8906078774087405,0
230696,-0.013045296239127528,-0.5238071469216833,0
204398,-0.8847603529335013,-0.452034787678949,0
650250,-0.47399927654618873,0.9407818123888428,0
526705,-0.6334722527744514,-0.7088934659193736,0
975906,-0.42183071571451825,-0.4697794348131982,0
284162,-0.7197441436698363,-1.3193001799125215,0
914021,-0.14030445338432102,-0.554070082741979,0
82461,-0.36121026353522057,1.1826051357830527,0
377738,-0.46000214318721777,1.588993856041919,0
245150,-0.43405203183928215,1.2566706031660255,0
61246,-0.26137366080007035,0.9782410641499875,0
627064,-0.3894223127227572,1.2846575874645323,0
376696,-0.6137701238485593,-0.7557151696246313,0
267418,-0.41654919921818,-1.5192961077537637,0
498383,3.2129919431196696,0.4801524670520267,0
867681,-0.44476746377224197,0.5469586833717774,0
317553,0.4413979487791527,0.6105608936693221,0
552692,-0.5275751558589572,-0.13980442898392667,0
880777,-0.3986930262036588,-0.3628791437862824,0
514358,-0.4426665416179993,0.928478316445895,0
861042,15.601116827263468,1.6425824307007535,1
473017,-0.6894448358457093,-1.069187230102219,0
373615,-0.8601489595772523,2.2872744480916234,0
485241,-0.6447144370654483,-1.4070628128446327,0
421622,-0.6153562847077726,-0.1999280050872181,0
104851,-0.44264511457755096,0.5895043277349634,0
972099,-0.7060561597712245,-1.0289357155683232,0
945168,-0.03266149089561062,0.9658085463143974,0
769186,3.3892376478310955,-0.3122060684252545,0
893311,0.42724480566647355,-1.0272597301493014,0
634537,-0.6895869042043482,-1.0937302643035298,0
216539,-0.48991405128628307,1.3873159593931887,0
223535,-0.45071501259580005,1.079377341894579,0
158280,7.98643383997446,1.8720170382773795,1
107762,-0.4531471317151385,0.9331950658061181,0
992657,1.0425148525206422,1.5371023839886417,0
425191,-1.087752183829608,-0.942973513974543,0
72115,-0.0022908097844476553,-0.20639934504501536,0
460526,-0.643921555163429,0.2657192177006052,0
517853,-0.04594780981086796,-1.0135175400118992,0
307699,-0.48607095366883085,-0.8739472152274455,0
518051,-0.5422657359489474,-0.4747529244135435,0
654511,-0.5647864620233529,-0.8695127378519383,0
267718,1.3538873297471552,1.1173245581217672,0
354964,-0.5331206895001662,0.4743366488032066,0
850723,-0.927045041116015,-0.033119670240688494,0
704693,-0.2692427870023294,0.8560486179117275,0
290538,-0.017832339557717285,1.2483725408665662,0
40938,-0.6929515553714676,-1.315635310429568,0
498188,-0.43332708122222374,-1.6147659211505423,0
440648,6.2468698801687665,-0.17722079246041708,1
801737,0.7952748418016242,0.05275612928027249,0
469706,-0.6545575374311818,-1.7643008313014366,0
447756,-0.5601189457470878,-0.7011421998667227,0
127872,0.0328277830440379,1.2034847476402628,0
108113,-0.45727223008766654,0.7559719636416271,0
466473,-0.40430473960754554,1.0381852231834863,0
350616,-0.32732787988423173,1.5184981495956251,0
279192,0.41487660097290935,-0.43101680167318884,0
968493,-0.5557096958466935,-0.8057679469429808,0
976209,-0.5353754871482012,-0.6551897447986573,0
70481,0.17316842191989495,1.235643282824664,0
615831,-0.8524488265196104,0.3310703429985614,0
446356,-0.5252048431937325,-1.70717528789314,0
614036,-0.68661719565549,0.24987871363744663,0
136153,-0.4061156349752699,0.6294802019960523,0
291364,0.002756265165001449,1.5181785801297776,0
484335,-0.5365290426735123,-1.1828100188439536,0
29038,-0.47144392625202436,-0.17176070354398926,0
889660,-0.42411293321555993,1.1165520595616134,0
113316,1.209413714637271,-0.4661436355048959,0
146326,-0.5595654927896052,-1.3404134066493103,0
973573,-0.411324309046036,-0.68987759610549,0
944185,12.587998434055125,-3.9601042575594736,1
884686,-0.26440501711317,0.9592876396385513,0
936763,-0.6331486200165195,-1.2897240551528861,0
36787,-0.1580327685897111,1.4728437975209159,0
389607,-0.352669195439591,-0.04129464225296082,0
513363,-0.9784890376263046,0.4815395244149034,0
622599,-0.47860082727884035,0.07724889670187322,0
748492,-0.39374638510504295,-1.2831480196678318,0
982221,-0.45429659215328166,0.6737398705003413,0
333753,-0.14197799737335506,1.4776328051802425,0
449003,-0.1625815844007029,1.2817718481229623,0
73290,-0.5986522817079459,-0.6188921162736427,0
930856,-0.26315273802932254,-1.013768610718261,0
821817,-0.3756789784690986,0.7150630159535781,0
440045,-0.6043266461397281,-1.3690322348062502,0
394906,-0.5303467053128884,-1.411429711500461,0
136681,-0.18630164823834383,-0.47143561673749457,0
156459,-0.5508392558043587,-0.3797023494257294,0
71413,1.086395632024417,0.16398856323607558,0
512624,1.529087475508663,0.933717519229648,0
949761,0.12415175217468385,0.5533147196377874,0
355692,-0.6242493850300551,-0.6474805534205057,0
826651,-0.7395426253436189,-1.3459728982836656,0
112172,0.8026192729496079,0.9408858785172938,0
859980,-0.6983420836366636,-1.890180021817749,0
60009,-0.3795320213040348,0.23355843147783129,0
734839,-0.4842908505661818,-0.8649456648803953,0
866150,-0.28598128296981257,0.5961639956765002,0
112264,1.4634622793103822,-0.09295534220895807,0
640090,1.0817688994345434,1.5169760690906098,0
36967,-0.6938110061339089,1.5876931132544572,0
34175,-0.6430238437134903,-1.428886261650615,0
294107,-0.39226869577683354,0.2867394242044115,0
837838,-0.4413443541848334,0.9396174327922541,0
410961,-0.3236146222190986,0.5083191167738615,0
508136,-0.5871548130470466,-0.7815965147497678,0
337951,-0.43351463633340476,0.7584832086650319,0
221067,0.08850583867729447,1.5448450303362318,0
556209,-0.19314117293675614,-0.72936060675755,0
815418,-0.5415361137018971,-0.09024680083175911,0
143706,-0.29937403210803476,-1.5761580105886481,0
130337,-0.49036836750443313,0.13669427084333477,0
612060,-0.07089299053278167,1.6284274059674908,0
927405,-0.5006420074964693,1.7363582637527428,0
10050,0.5642339968437744,-0.01150586758115474,0
493724,-0.05368064336585462,0.6850543255822404,0
516934,-0.509173861470332,-1.066240198959606,0
509276,-0.575360307105276,-0.936255986728832,0
376340,0.030785599350732794,0.4122043422960664,0
843121,-0.6180012220622626,-1.5435873507340194,0
394928,-0.5753827396537913,0.1746443939636836,0
114586,-0.6131144727157626,-0.9502975453728707,0
612968,-0.2330742357815571,-0.18184571408954478,0
322377,-0.43977773943546045,-1.28853290506232,0
432529,0.6170978159084912,-1.0703688862841851,0
639896,-0.6129407505279691,-0.4790631425744625,0
250855,-0.6212159772635896,0.8454889965314543,0
151768,-0.512427953297137,-0.1812209544426129,0
36252,-0.4082745770749116,-0.9795023461120447,0
590232,-0.41832478828276903,1.5122870658689385,0
371411,-0.45932577018091175,1.2705684062725848,0
958854,-0.152662546892775,0.6372449076562199,0
16700,-0.5006724398092256,0.01950564322737498,0
652413,-0.3939099987139044,-0.17740361918705802,0
733797,2.410532482417383,1.5382026497708368,0
393199,0.027733257941640804,1.8133472634445758,0
957476,-0.36916660993665207,0.11324085120528482,0
23413,-0.2729796497014101,-1.063175124472812,0
92954,-0.6712070082642729,0.5065747189202982,0
343665,-1.1128480323610606,-0.7315011782056176,0
898010,-0.16499211229571806,-0.6777003767810384,0
517748,0.5062743173151685,-0.9057329462416194,0
43806,-0.3945218413415117,1.3367263106274005,0
571278,-0.036715435807337674,-1.6136414433324677,0
163658,-0.5911571983170822,-1.1615329716422897,0
915545,-0.6288283706142563,0.4120025245177905,0
666175,-0.5033908103639555,1.1351588675174604,0
111198,-0.6188715962911103,-0.41147517187187993,0
511786,-0.5164088764401898,0.3068104256586176,0
981680,-0.5405919022409271,0.6487060248719374,0
190573,-0.28328153352323526,0.029529966522860978,0
979520,-0.5252817696957863,-1.1279391314899037,0
348491,-0.5151488588253984,0.21872391981647402,0
999379,-0.4316060677474692,0.504527068250461,0
768883,15.07614208968618,-0.10465671061151845,1
737747,-0.24504785217879935,0.515148654283504,0
274621,-0.4674148574356426,1.415840800979406,0
300858,-0.5290957609592819,0.2943387615840933,0
389458,-0.5399216769346687,-1.2996113929135387,0
97400,0.04495203256487656,-1.2217620734743626,0
343635,0.3650712744209414,1.535104058934185,0
344589,-0.3151673410278871,1.2776923208675632,0
249165,-0.6628126204701658,-1.0770091633975882,0
744364,-0.5707409149537546,-1.1485550324844938,0
193390,-0.01636745470514073,2.011236402840348,0
732835,-0.5713746314816243,-0.49162107526298227,0
191432,-0.27368558307087076,0.3217530077546586,0
672230,-0.2581219117376033,-0.8201905687232682,0
885992,-0.2623771830304076,0.7740674235760693,0
358445,-0.17697843214896403,-0.6828136399965058,0
676168,-0.738056468861898,0.40785298008045423,0
240035,-0.010110252059912768,-1.072447594848505,0
774367,-0.05131473094718744,1.6104189271558371,0
696574,-0.656058069087563,-0.9814505230304204,0
573869,-0.7056599585897652,-1.4197977329834854,0
625060,-0.47641146165886683,0.14522177688371982,0
344413,-0.3015804540857043,-1.2798689709057438,0
76188,0.08263102839135796,0.3521906089165008,0
600191,-0.3286468640550041,1.1805486784418013,0
52666,-0.052539895092118476,0.7930239703974193,0
129941,-0.01536438934963299,0.3842699096761625,0
396046,-0.4472676094689419,-0.6880570218970204,0
720279,-0.6723570717879299,-0.6116654722445426,0
882732,-0.43659499256240175,1.5080112413594144,0
653964,0.12727265615673158,1.1440418402677135,0
532401,2.193551587896959,0.9175711427989515,0
402991,-0.2809349807251335,1.2382399519850789,0
637687,-0.5479011751752848,0.07655486027465966,0
431971,-0.5450819042517692,1.0346826818878223,0
378445,0.6124145572479763,0.15845137331125347,0
115885,-0.401749257686712,0.19972752210215966,0
91372,-0.52205863061081,1.0169292582664,0
645573,-0.4778465440133811,0.2183206855397606,0
863045,-0.2880058283259767,1.4455051464466455,0
471318,-0.7123565849656236,-1.2292344472535464,0
761620,2.898166368243991,1.3374190872053788,0
342952,-0.5250329724619001,-0.9568729965691555,0
553884,1.0869730367069648,1.1371976229922047,0
361895,-0.36230783172768116,0.44993429806032126,0
615511,-0.5668905593129314,-0.2590818127303074,0
953582,-0.3169891407361247,0.715703413386579,0
200415,-0.4861794160778803,-0.15865234359383928,0
734100,1.5289198275370914,1.4135052464557356,0
847526,-0.6311277974999758,-1.334742202892877,0
113062,-0.4732018741506972,-0.019110441090172552,0
220322,-0.3734825370597115,0.7158051344542494,0
635632,-0.4363047075619718,0.769604545651243,0
146253,-0.17349174197984285,0.5896300221589199,0
930733,-0.4002382821038663,0.10489538491930002,0
691165,-0.5271652660778523,-0.6345153279863814,0
888882,-0.42804935534024263,1.2883208442806087,0
724640,-0.5614273055686703,-0.7839730318359766,0
678857,-0.06100196363096892,0.5823736222079519,0
628189,-0.6951359205639367,-1.2038482506580008,0
833461,-0.5713852489037011,-0.33674045431307925,0
530581,0.524015185165834,1.553121278975452,0
523598,3.391775924356922,-0.1888469450315292,0
947282,-0.5369019158395275,0.4102129137885869,0
227681,-0.40973693328702376,0.6415663018051873,0
248016,-0.5090967027858119,-0.27202094754873407,0
680222,0.5980825205365311,-0.2502863510512547,0
549179,-1.059036532305636,-1.0071775685172193,0
735342,-0.6262479842670052,-1.4957629586669443,0
480464,-0.48569105059333467,-0.027418977538707746,0
992239,1.8204681415060318,-0.1547120291628364,0
852925,-0.704322135944575,-1.4012387420707257,0
120652,-0.4532240273915322,0.9462164485340128,0
456074,0.8492873021997143,-1.074064255003689,0
500957,0.4855564258684618,1.3327912237380195,0
927396,-0.5367631559767719,-0.6583608476189972,0
160782,-0.3339715071742341,0.4933500246107823,0
730585,-0.7081328307726015,-0.9447874750031322,0
464355,0.0672399596910668,-0.4458509813459481,0
329105,0.794434959297227,0.46470948181052424,0
639542,0.8368098781633648,0.6897437558795771,0
386598,-0.18117369274020806,-0.9689235551970847,0
424648,-0.1707394222097481,0.900162418683526,0
263520,-0.4795346762878848,-0.10627548438262746,0
902800,-0.6349118663416192,-0.29490107833151813,0
374862,0.3311248872387376,-0.28879814693154066,0
909507,0.22337955151726868,0.7190090267991048,0
994129,-0.5455384336736443,-0.07467237370719615,0
452199,-0.41664720853537646,0.41854286645448857,0
622762,0.5862786629564426,0.6299477332992379,0
217082,-0.5448000940807833,-0.16861620030975574,0
930853,-0.1935631668031635,1.4479531790969364,0
281235,1.483619401038843,1.5164447023996204,0
385066,-0.4755070044371945,-0.8441062795389336,0
218839,-0.5157845261508047,-1.588227208387434,0
984345,-0.26701220058004266,1.1205957871708714,0
547749,-0.2887832222023353,1.5026390696192602,0
784730,-0.7229142538552896,-0.9487211277644578,0
280417,-0.5284671610889784,-1.397227820244569,0
453955,-0.0041005754354501885,-0.05464586433044095,0
648892,-0.714505158891571,-0.1396330130119051,0
990963,-0.34923738160564877,-0.029600166818198624,0
652068,-0.5051254935239675,1.664523418718801,0
357263,-0.30328757961351044,1.0051473842735779,0
388421,0.3231984435826355,1.8312005561090123,0
973851,-0.29623926319283467,1.2701060239186297,0
714498,-0.5128279588652405,-1.9201517209349168,0
232752,1.5665612362241799,-0.6370859636825835,0
712733,0.06251830657662287,1.1583941642278062,0
420200,-0.5322908360164055,-0.7657862188907543,0
402745,-0.26948617852748935,0.22323857805430686,0
192954,-0.3545971214571124,-0.5682276038017388,0
908735,-0.4038460620283492,1.37860291139683,0
828231,-0.2720719034884278,-0.22328339825453494,0
274160,-0.42504614233079735,0.9101311031070409,0
165347,-0.4793907186312191,-0.21317246991223024,0
21707,-0.5378130915799746,-0.050189781308550334,0
966208,-0.6967841199835403,-1.6326812198135798,0
280341,-0.12977940024612952,0.22637437326438117,0
199161,-0.5545368117252824,0.5942123315357245,0
283061,-0.31405528399874083,-0.11804059403789595,0
446565,-0.5690878070484596,-1.278032741027118,0
929404,-0.5659447515346261,-0.8336640055579186,0
922167,-0.5941838341139313,-1.351499278196611,0
807944,-0.6468622293481061,-1.3490309076117994,0
429734,-0.3485470350856926,-0.21795033626256108,0
863837,-0.32343783858574054,-0.320852323649054,0
609986,-0.26757590286858574,0.8147011495893226,0
69781,-0.5178347691941173,-1.4231639580826745,0
808056,-0.5155500407966369,0.13142736387606135,0
83958,-0.014767306974612466,0.7840646948427871,0
637714,0.5862221329662256,-0.24257172044614705,0
962248,-0.45788485152941105,-0.506131575111807,0
534647,-0.6198980698084023,-0.02346473007734198,0
581367,-0.12666743062810085,0.1995081920395719,0
110770,-0.5171020865770632,0.8332515729506642,0
812528,-0.5790948143291819,-0.4701006331150026,0
517074,-0.6377377895463682,-1.1036787007190234,0
52314,-0.8994331815344644,1.629457139355864,0
559431,-0.509605978486619,-0.4668228798476693,0
690727,-0.5546285918895911,0.31210857364078076,0
525686,-0.11098544348506575,-0.11752232708507758,0
997884,-0.1272728169471692,1.8500087399323804,0
313841,0.5088746577811359,-1.6027300740413606,0
386659,-0.5413525494516794,0.7053971944017823,0
560625,-0.4682629914032163,0.866535630839706,0
462397,-0.7820583665573725,-1.019742039777013,0
916622,-0.5541895316275756,0.2758236202400316,0
598742,-0.6369192173946232,-1.186102140128434,0
364593,-0.8303624629440476,0.740599731268121,0
733286,-0.6161466598373636,-1.2008328972973803,0
893753,-0.5283138628728747,-0.660941398463869,0
435403,-0.5797389485107836,-1.7374487654144952,0
154620,-0.4653870277923478,-1.1616815536233231,0
506565,-0.6453658383408873,-1.0492776742590881,0
760123,-0.6797218297887773,-1.1215731661305592,0
841723,0.27217919396951207,-0.17885299355957401,0
802451,-0.8417583742029212,1.4898259150704078,0
864950,-0.5402044210951105,-2.4809375745843285,0
544827,-0.2720199728353956,1.1358391985217078,0
850829,-0.5191584373734488,-1.6684072786478856,0
180625,-0.20198942883223664,0.7394836288958173,0
366703,-0.6912697369231939,-1.1791658119782378,0
558540,0.3926231462582878,-0.2457602086059637,0
179963,-0.1021744459478185,-0.27738571031071607,0
277475,-0.2279570819626115,-0.5889093676360633,0
455030,-0.5524171118623785,-0.8658460020471115,0
185448,-0.36223177124853473,1.7594705294859803,0
72400,0.026543776047712356,0.4066183950928312,0
209999,-0.4434776834248286,0.16565224624982472,0
920185,-0.43903636593003487,-1.1033283190845509,0
687300,-0.6260710644684075,-1.0170010274851604,0
773125,-0.6196699011514918,-0.02537362669482848,0
945834,-0.5938343167403912,-1.3268034420639578,0
203121,0.31448444754536736,-0.8985596615294701,0
291957,7.113798763286323,-0.3100725493923125,1
434717,-0.638532134056617,-1.6811837898072617,0
329127,-0.7663624969564723,0.7969279994975688,0
504048,-0.38430312962938695,1.600352288255866,0
887555,-0.5655447001230962,-0.5129179471432871,0
298597,-0.42896346268586255,0.7459330305840832,0
93944,-0.015167222959597985,1.7431683618348142,0
42568,-0.43668428814268045,1.3616475975561426,0
487405,0.4081891360733529,1.3429800633174112,0
722920,-0.443492092003397,0.09014221832911988,0
50098,-0.5087319792095842,0.9490703917760525,0
795065,-0.5215606292942817,0.44360180490414636,0
828101,-0.6296784390627586,-0.8988668432695899,0
452983,0.012690242099166194,0.49630502523509046,0
223855,-0.3570921329529111,-0.7928367228174817,0
869054,-0.5039147787832461,-1.4135813648209918,0
739754,-0.5710082622434538,0.22237101516404978,0
803222,-0.37089693375632904,0.8734131507017165,0
446077,2.1168474259486607,0.9757641609149202,0
7429,-0.7369711215312753,-1.555043655939108,0
403143,-0.5218136743500168,-1.4001262445151341,0
931775,-0.03304503272449354,-1.0832287026219247,0
154528,-0.21130194030858515,-0.9043472116483527,0
969273,1.4769297797258683,-0.10225901762206854,0
457697,-0.3284470732077448,0.9383924402910754,0
269119,-0.1326441940766325,-1.0954199791873724,0
376070,-0.9114954116077792,-0.9074897258416627,0
271516,-0.3208810657217049,1.3344413511999467,0
725182,-0.9489318451071378,-0.1178003214698341,0
746125,-0.46381107751773465,1.4934629532130823,0
22082,-0.20639154283511466,0.7208924488387014,0
898185,-0.5546129445535922,0.1696814531575581,0
7296,-0.5066638764415868,-0.7985052410821443,0
113251,2.7743151584323504,-0.8148557600075435,0
62544,-0.38731818402750234,-2.0563087282593653,0
514775,-0.560518385412567,-0.31172082633155046,0
812671,-0.44520019231394087,1.3819702244492778,0
13555,-0.5712244286144611,0.35946264429694774,0
898979,0.33196916126284276,0.9124482369431052,0
328527,0.31585635558520775,0.5358862090563856,0
962547,2.300333337734218,-1.8441506014581053,0
45191,-0.2649834129755599,0.7802746792513421,0
945270,-0.2448592845583146,0.05549020422421291,0
103,5.26938986748722,-1.0998155146154485,1
735894,-0.4184829913820521,-0.36951122668149833,0
219295,-0.5336256226946998,-0.48141870494631994,0
819728,-0.41728786545911944,-0.9965914296873551,0
191533,-0.605031364899884,0.1808375066613487,0
31720,-0.9068997581688103,-0.6415936527672149,0
495509,0.5199210018155376,1.833640281436878,0
921762,1.2317370434914787,0.5458634615898915,0
145917,-0.4368124820347791,1.3456023306381766,0
198768,-0.2504181115833382,-0.3160005472450749,0
5657,-0.4426623378968679,0.8458173616982833,0
371117,2.0987468034239734,-1.879795109734312,0
494335,-0.5519120759004225,0.38978847671612316,0
986892,-0.20822604627381375,0.41508791933050243,0
747107,-0.8060128197848984,-0.06966220936057783,0
697983,-0.47055627224971713,-0.7996196637712575,0
536468,-0.6001362624728409,-1.2727026151670087,0
658130,-0.6274434692564502,-0.13603191481432023,0
201933,-0.4212922478742323,-0.07304196252835575,0
653083,-0.27629244829372873,-0.08749386063251763,0
463103,4.411037526690576,-1.8735476962077564,0
133705,-0.20287208757701078,0.8893955836961099,0
273536,0.11302233565538426,-1.2494905425997864,0
565952,-0.087855662433536,1.10134733650759,0
897999,-0.528455260982449,-1.1886854704359409,0
858764,-0.5497711629068871,-0.3518405099561833,0
936066,0.3491587272585157,1.045153904359481,0
13611,-0.1606689706677178,1.1765633586833844,0
265291,-0.850556527989239,0.29373418866835244,0
76161,-0.6112370165409254,0.008388626417734722,0
205413,-0.21634426239305174,0.3831255541044915,0
580050,-0.48615280627841423,-0.36995042136144385,0
585411,-0.5953173535194793,-0.28959353263778637,0
895658,-0.7024785818128104,0.05198582849745763,0
959358,-0.5910235811986639,-1.0674487160405577,0
858868,-0.3229196315535238,0.07324174308684302,0
489553,-0.5846941688472244,-0.7072098966366687,0
924976,0.02996357465080259,1.038882944130318,0
927613,-0.5506412137560034,-0.14239230091529337,0
4472,-0.5837526224553913,0.19087255457040775,0
426416,-0.2584597678955956,-1.690642862236665,0
25649,-0.607276613792323,-1.9852923954497614,0
85494,-0.48971327234406614,0.23313355344709277,0
537693,-0.5034203385880377,0.44186716639565454,0
294536,-0.5929287310293098,-0.6209265120833396,0
959650,1.6315936345390907,1.775164302529835,0
427074,-0.0862824672828113,0.45470887942997423,0
694582,-0.054935189834197574,-0.7605144996185186,0
610637,-0.38318641625548766,-0.5988562947242165,0
364576,0.29601940361726137,-0.18982092973891773,0
306415,-0.5542251092152504,0.026399881544473636,0
470116,-0.46818928402738547,0.319975993114161,0
76945,-0.21118060736702432,-0.2589834697013215,0
289992,-0.09356840291164385,1.215026022627331,0
748810,1.2623050871890227,-0.6630509438648372,0
79470,-0.87699685230036,0.7789665600625525,0
207645,-0.27452603990427565,-0.3385783486228149,0
629836,-0.4363196642511371,-1.1124108254179537,0
938037,-0.2612602308244009,-1.5070122491574147,0
437638,-0.37171445117092566,-0.9892544814252955,0
533123,1.4588374176612562,1.412585408487084,0
183726,1.4072435024078345,1.6153951671658222,0
765488,0.5419204929014136,1.353981719224533,0
134319,-0.5048536988145115,-1.0466920447367496,0
802595,0.5532467836370618,1.1280306570966783,0
19656,0.57107761722096,-0.0016096981210687034,0
490787,-0.4179469291596211,-1.1569942597075267,0
918426,-0.40665168407407226,0.8692357930933757,0
917364,0.5155949704966738,-0.6281246664115459,0
711110,0.16970405900888466,0.97144248067454,0
430923,-0.4212848465343488,1.501878603629078,0
211548,1.1462887936099446,-1.461619865849327,0
333551,-0.021221025643110354,0.8675649065904225,0
563878,-0.5471620441018497,-0.3188188763989768,0
29036,4.274825442460533,-0.4368752006145253,0
772729,-0.4657009074607417,0.5392562640751052,0
299570,1.7399668932883603,1.0285081454038227,0
397909,0.4432095990956715,0.5041169678571009,0
315040,-0.14140247377697285,-0.9002506822034201,0
73376,5.424095860615116,1.742342838885779,1
916829,0.09122335392750493,-0.8620265135411306,0
465192,-0.3821720073531893,1.3796103687344292,0
818784,-0.532888451690256,-1.0134353412304191,0
153366,0.12354984513249573,-0.9727514357723944,0
159605,-0.22849006293952367,0.44808392481520537,0
716141,-0.6032342421650874,-0.9719256788123781,0
185757,-0.60750888754626,0.2953461213476642,0
202312,-0.617592728297739,-0.7341108307265819,0
658217,-0.014442420538909323,0.8556993342595965,0
865792,-0.4674712757325326,1.3777566847492575,0
765704,-0.42778124918268084,-0.36951735710587025,0
234432,-0.4596835761965603,0.4868750580290135,0
182234,0.05850168739787593,1.8623826793775526,0
71589,-0.5834252704353243,0.7834405545123782,0
87346,-0.4891261984934868,-0.35426838940592165,0
989852,-0.7864499399575293,0.3383822720701792,0
495232,-0.33208856880324134,-0.5742478525269017,0
417017,-0.40330586487817405,1.9948236214250668,0
242595,-0.2604202276836129,1.6761311918610893,0
562778,-0.8155378648411278,0.7232892641265224,0
373332,-0.5604482712122668,-0.7157799066089231,0
841984,-0.3244197281658187,-0.2186072009318315,0
772575,-0.4509181458993526,-1.7907109098586085,0
789679,-0.32865985881183907,1.2682585727829292,0
860621,-0.6056488756986677,-1.030792402162701,0
889221,-0.49017311748826975,-0.9990450180089112,0
717094,-0.5400032059661859,-0.8949988060664474,0
467121,-0.740009637079191,-1.3902923563567706,0
174886,0.07696823879808444,0.5512371984856145,0
220021,4.09562214812031,-2.0988836957936945,0
395029,-0.514016835860504,0.5777325403123992,0
551822,-0.38228452225321735,0.7129648344936282,0
608526,-0.6761611396635195,-1.401699029214508,0
568613,-0.5125717269910764,0.12652717499166233,0
178611,-0.6029078278435012,0.4587604007163516,0
135137,-0.2315791102934195,-1.048519460280034,0
955485,-0.5969452321747615,-0.8289565602341205,0
17064,-0.455945984028581,0.6726318800430048,0
755531,-0.5526763396542645,-1.0946584435280082,0
206968,-0.5144969559100144,0.8555713171587437,0
73088,-0.008105351244746302,1.5360788022956813,0
293458,0.9181122333037677,-0.7580675174016386,0
826779,-0.5946506020461714,0.07679828329154391,0
992072,-0.5687856999602277,-0.5301080414448164,0
10617,-0.08526102350097638,1.189457542115317,0
381709,-0.4837544766636699,0.09829729895840615,0
99548,-0.6566767456594962,-0.6867237533488183,0
921643,1.7406820191023127,0.7406824679757058,0
427589,-0.41327058583724685,0.4275705126764079,0
39684,-0.27638240816517146,1.329742237029447,0
364854,-0.6164767333221668,-0.717234542899569,0
694762,-0.5893953171508746,-1.045958234492157,0
765649,-0.2222215134213342,0.948750990510803,0
522070,-0.8491857521306814,-0.3493032763527541,0
822071,-0.18947234251895975,1.7786034427127928,0
884052,-0.594972179678681,-0.2418057671349622,0
758892,-0.3279870822988138,0.960224658964787,0
143924,-0.5828781823706725,-0.45674241031715523,0
118412,-0.4466913200576388,-1.5487467041150007,0
685982,-0.49650838858868496,0.17379741922462627,0
239814,-0.6770307668896182,0.4991350090778447,0
978582,-0.33569152585224626,1.2666056016023952,0
650392,0.0634276410875185,0.7538518837929765,0
929277,-0.18058146147228316,1.395212226198729,0
456662,-0.304669066124953,-0.8222591103142469,0
317512,-0.250725000281303,0.7010179318287991,0
591395,-0.44757372977260745,0.41977181031182215,0
768040,-0.35163184794616875,0.5611184889712649,0
170787,-0.36484439684760184,1.2746852229447365,0
847715,0.08677293243934639,0.8337773649691389,0
987486,-0.3933696407319617,1.4312298069330414,0
471887,-0.827436439343591,0.919362552730008,0
537479,-0.43810892100317733,1.0459490649934093,0
778522,-0.20737383668272566,-0.201742855142055,0
422167,-0.2974010655008498,0.9839181832724118,0
22540,-1.0963710677007439,-0.44474975728662747,0
450640,0.1489723594428462,0.14688131069081634,0
525910,-0.18718146993522525,0.5744296954347898,0
965513,-0.8735919669074482,-0.6640056006022038,0
677443,-0.36325778501737516,0.42227207899110125,0
196954,16.974737590649138,-2.5974245367947546,1
424888,0.2165515810219023,-0.7208803674564739,0
317028,0.7656489370888858,0.3636427198046613,0
378829,-0.3441128345324725,0.40438790579316863,0
333892,-0.5502961333773633,-2.5220068583057667,0
627855,-0.598218175334336,-0.8521736603507751,0
306148,0.3596703882907412,-0.42629527492987074,0
627604,-0.9202260045331349,0.13412989187570756,0
831002,-0.018673029736794265,-0.8554141539408,0
254200,-0.2821301963721181,0.05132598678810196,0
4089,-0.726186888500291,-1.0789526138280339,0
283315,-0.5335353619757174,0.6887229163862426,0
115663,1.448084231677927,-1.2222543615591897,0
589981,-0.19707774820582363,0.6154049421625303,0
8688,-0.6354307849068175,-0.10347319312850428,0
2502,1.365840014006585,1.4665144284110936,0
816570,-0.049234237334937585,0.24495001864319094,0
218239,0.9735137260162671,-0.5376413877308338,0
595674,-0.18907346916913634,1.15838847897315,0
963042,-0.2816567760392436,-0.9079177149060479,0
816762,-0.26007664050541507,-0.8382499035748698,0
618978,-0.1110868293236089,1.4566765165151134,0
993132,0.06208452104453143,1.3654480482932736,0
279756,-0.2241646844670669,-1.0273249526374544,0
490347,-0.5164847114599237,-1.5495193068027535,0
756275,-0.12313022479978956,1.6231443193518273,0
60350,-0.6508203801753586,-0.952806791276216,0
236720,-0.6238376302202688,-1.7505553494421664,0
342140,-0.4031098886271868,-0.04372076288902888,0
16813,-0.6355185364983871,-1.0974276100519456,0
660517,-0.5339980016689811,0.5285123645178662,0
533255,-0.9868806481935407,0.6768412296396342,0
445059,-0.4022257014583389,0.08761684003678687,0
198975,-0.3578006321353675,-1.1591318973743274,0
345386,-0.5988616540212306,-0.13459969482335485,0
845600,0.3081732094185546,0.5245202775842738,0
778414,0.5914257673578296,0.2558860134358394,0
934651,-0.19096183271181108,1.0669467344428143,0
584273,-0.5376828291290288,0.9145543223166931,0
774106,0.46952463239582115,1.193582247832868,0
884786,1.1999522519552392,1.3987163658823623,0
601681,-0.31614810530707693,-0.3380009933404422,0
542877,-0.4333905569766108,0.4507015210796771,0
868683,-0.47538589687499505,1.1483065342030245,0
113984,-0.5899501334400428,-1.6885953181571571,0
261844,-0.5427134213547493,-0.9410561536277451,0
870569,-0.5707800571386971,-1.262391537170676,0
713243,-0.5745095914866901,-0.05626436282950386,0
158873,-0.6193092638686039,-1.534687982778877,0
359066,-0.4873131690259354,-0.4960062927131997,0
348184,-0.6212366564722245,-1.2555127666180244,0
250260,3.01481280527643,1.0531360734449529,0
461587,-0.3381147767300699,-0.6298419567415675,0
503223,1.1920124617611654,-0.40190686576800055,0
201288,-0.42118372264367265,-0.9743370337669394,0
734108,-0.538550483837161,-0.7482974373284074,0
101004,-0.01682442355167176,1.2457482363334196,0
582330,-0.5069976309063249,0.1647223452856701,0
969589,-0.6552082990079678,-1.6073404724162064,0
764740,-0.38910250349537856,-1.0457593952307689,0
617890,-0.44375250504416297,-0.13852672739493824,0
852270,-0.4416737159373754,1.0122719703632634,0
652852,7.629484121365194,3.9348958600573667,1
844210,-0.6084380414437546,0.45025348258051767,0
551812,-0.29509437925804405,-1.21069379245978,0
574939,-0.444756399495771,0.45157833044070916,0
485886,-0.3845796644866994,1.4927482950600686,0
528804,-0.4650147553865901,1.2928044144405497,0
59004,0.17529388178597308,-0.0851818141305684,0
695440,2.6720518715571453,-1.0608099275497136,0
131497,-0.015419164225245613,0.9801216252396805,0
352804,-0.6206120738479348,-0.728421495284466,0
459843,-0.5730907222118532,-0.13278385815408558,0
513071,-0.7345154669541991,-0.4502387980523184,0
22493,-0.5812244480379871,-1.129723900131458,0
217134,-0.6818371616006964,-0.327167388312101,0
448715,-0.5781219291086173,0.37193487447473134,0
848724,-0.45250990264996044,-1.3107361224991212,0
464361,-1.0163932093539392,-0.38618303424782263,0
32421,-0.3593462292105723,-1.51727063553857,0
389628,-0.6091543817889898,-0.7533144479518152,0
237549,-0.03256742109727003,0.9769953632458999,0
879475,2.407951887474533,1.0463207575963631,0
311333,-0.7118570565450899,-1.4642805508212737,0
563331,-0.28861509493807475,-1.272732683453429,0
127689,-0.6018355494861471,-1.6319596759158614,0
32323,-0.520331723914526,-0.3972177819591191,0
895581,0.09567673945180499,1.491485347535822,0
107476,-0.5738698451522355,-0.3390276086278646,0
710652,-0.17109740024983647,-6.164615473637354,0
44203,-0.34226415694039714,-0.5293491957389103,0
53281,-0.5037449485265231,0.5466818621860698,0
562526,-0.004936280165389994,0.547912582024846,0
711590,0.03303361824415798,1.5442773545386923,0
12433,6.63380984019563,-1.272200980368225,1
670691,-0.7436813774285694,-1.1809852176659628,0
196688,0.003623726021707409,-0.29540548936114475,0
430416,-0.29771609827876916,1.4628504015007047,0
868194,-0.3617893742795906,1.4006233273373299,0
195811,-0.42877155320065347,0.1958294528038697,0
506139,-0.46807757498174035,-0.7657521717058077,0
181571,-0.43402711165660696,-0.6283375110960316,0
213628,-0.5669145928258505,-1.1039669448179674,0
225523,-0.24928756605950117,0.6311806214687334,0
291189,-0.9014475748373273,1.784272534343847,0
44741,-0.5576515282754348,-0.024587590964100348,0
92773,-0.5477918067777022,-1.3465486426674047,0
890501,-0.9250443451866371,1.205773562910321,0
74056,-0.6087761920186077,-1.3952906790478325,0
73782,-0.4225166736354142,0.03861772067327357,0
143460,-0.48579085111019443,0.08256801946828901,0
533394,-0.6031696422907055,-0.22529757859660807,0
9862,-0.9136987736563461,1.568943520040894,0
161596,-0.3817557229664911,1.4820825535479807,0
357642,-0.510852762230245,0.7837231846562617,0
996614,-0.9568379099528249,-1.2042376645841353,0
317942,-0.3658215027711696,1.3497376427620178,0
967953,-0.570678685586208,0.08138892346986279,0
604523,-0.34697066672266685,0.5134664714371712,0
635290,-0.38659393741334197,-0.517419890573952,0
114536,-0.4247621397616023,-0.818763553364498,0
469955,-0.6010909302670375,-0.7321933272835932,0
247351,-0.44632839106892447,-1.2756121076590345,0
593103,-0.4736524980379409,-0.061868558558711005,0
472597,-0.3530122455657612,1.1106755925148712,0
643741,13.878138922235012,3.273780701691521,1
991050,-0.3790534660582148,1.071017885249949,0
322063,-0.41936575953288185,-0.8304068630664608,0
465937,0.2767879348459079,-0.6731762192024958,0
103840,-0.2701886638976582,0.5005502902171198,0
634419,-0.43702957216156346,1.3365046000059533,0
231236,-0.7377969766416078,-1.4379813960237404,0
272192,-0.4573713525328287,1.107358722048068,0
327889,-0.5714108640697898,0.16977528027342603,0
831920,1.023032004920538,1.3253683471274587,0
863310,-0.10190904714022578,0.46914724949225833,0
547791,-0.7534562874815722,-1.6953297950519621,0
984639,-0.45156599062980324,-0.759736091341345,0
733467,19.854245247531548,-2.6278443049282147,1
242936,1.3655480454086395,1.6749336804672228,0
544311,-0.5947975320753105,-0.3454966760914131,0
346963,-0.8383392131102718,1.8198818686397586,0
286954,-0.56937076914027,-1.0758625742527304,0
257600,-0.05077677118638882,0.01055936402022264,0
700478,-0.41482473428074823,-1.5264336268122758,0
654635,-0.594084579205732,-0.2961610845886405,0
927982,-0.04882021610969616,0.6310416853355012,0
590854,-0.8991016203658742,0.17652754970586187,0
337460,-0.2753984655375213,-1.4481016269528644,0
450539,-0.05131444777647005,-0.7174546091218472,0
907196,-0.43372812364672814,1.2134476911591867,0
856177,-0.5540866818821487,1.0409520713215032,0
854638,-0.4039078784276152,1.3259404936647439,0
166621,-0.262303486933375,-0.7840740675936104,0
971189,0.15750131816865706,1.1930341332720493,0
950562,-0.47846433052753756,1.6889763074929165,0
475946,-0.67367643653664,-1.2269724689403498,0
822722,-0.2711465274412945,-0.40121280532933146,0
60097,-0.43435437527130105,1.4481035446312933,0
980900,-0.49753033169174604,-0.6595599158214608,0
342564,-0.3135075662139406,0.8899069227014489,0
312934,-0.8555257576081615,0.4645885330155635,0
981327,1.3920229169416218,0.2270803538405424,0
47146,-0.5478605988183888,0.23357951809869562,0
87246,-0.5410932899502355,-0.29099684091732986,0
399406,-0.6205297722164065,0.1388723611489294,0
166583,-0.4409885144565207,0.6979640771173142,0
378174,-0.09542459496833455,0.29440368184733673,0
676865,-0.4575043147517677,0.4734147372180381,0
151586,-0.595791765148129,-0.02376394448707564,0
303729,-0.46605840007089633,-1.286371648623801,0
250932,-0.29343331621747387,-0.3388318381495299,0
942889,-0.638574130086864,-1.2704596110129935,0
933312,-0.3121886799779749,1.5068118082588071,0
768540,-0.19928632300935745,0.1568887342421316,0
39435,-0.4938976405613261,-0.2895099640366471,0
754419,2.212592110570562,-1.2007103666140837,0
847199,0.8785360574064893,1.1062683946812257,0
373547,-0.5595894972874335,1.6585759705044905,0
816117,-0.15444113117867747,-1.2718838394051617,0
470055,-0.46785758356875995,1.482710886469683,0
612697,-0.5094348536008756,0.3322318289497321,0
707458,1.3874452812996152,1.0080872214705663,0
353382,-0.4941140048507348,1.6298057304313636,0
998563,-0.5724346375604396,0.021176633967689203,0
328470,-0.37909260885736723,1.1634580547927649,0
336494,-0.4625836609349312,-0.18852352636884273,0
871324,0.09514670981475246,0.4749357440683773,0
893089,0.19826387416502353,-1.579771441012958,0
746902,-0.3473449550777374,-1.221539778986706,0
13306,0.05404941223802268,-0.9571271478068474,0
102346,0.7312930847573446,1.0892188165798093,0
874974,-0.9794343310361792,0.5746366038573119,0
237932,-0.6417738607068733,0.6002143542958952,0
82737,-0.3328516653102034,1.9300530515011654,0
719596,-0.7646616710996395,0.7363191627212403,0
290125,-0.29217497732602926,-0.018959767834262814,0
473512,-0.141214349408209,-0.819440170091612,0
432115,-0.4336751125165699,-1.3528983909435952,0
188833,-0.4887239146344265,0.564193876050292,0
39084,-0.39792754288885973,-1.1282061493725448,0
30122,-0.36670764922915666,-0.46600739103647765,0
240443,-0.5543459173879525,0.068057855932337,0
569987,-0.4059590841048529,1.2509547858266066,0
338548,-0.4405732288014899,0.726110851367893,0
625034,-0.4795011909888658,-0.1835575434630645,0
87072,8.813712001890122,0.3263497187708395,1
187616,-0.5744970883214862,0.139793566053608,0
268124,-0.3835337379775298,1.248131135437657,0
42033,6.636965081541188,0.7225624664234963,1
68699,-0.5246140535183053,1.1315311319480479,0
980983,-0.6621296733225072,-1.531633897906742,0
413792,-0.511029072178871,0.7440302206444989,0
725467,-0.6175010019571197,-1.2969737778310864,0
429438,-0.5431964921781111,0.08439185492491691,0
355143,-0.4284801985026835,-1.1794887807340355,0
26529,-0.5569324273704871,-1.4488863621087846,0
83215,-0.5644727206233116,-0.5741547810162816,0
123139,-0.4869943209356153,0.8825777239606347,0
669289,-0.5418200972292787,-0.37966388024771086,0
71687,-0.04320278726992684,0.25735648784813525,0
440048,1.6920244212607138,0.8709484633992746,0
584104,-0.36818383032336954,1.0032858976231438,0
262939,-0.4744325628558991,0.07501559913244106,0
937834,1.2335263464603077,1.2672900740081134,0
454008,-0.27388181310350296,0.739383297004577,0
531116,-0.6197839890877224,0.29629849679787384,0
500286,-0.5801672633382905,0.1841880587589724,0
813901,-0.3015352886770505,-0.5040062014868266,0
154301,-0.8668787778253587,0.8893742032020961,0
35799,-0.2290974485933343,-0.7382558732983681,0
487972,-0.6055233529391518,-0.2850158366102991,0
501042,0.15885139469925555,-0.4362792827697545,0
947187,-0.4853096555277315,-1.2795919340246327,0
532800,-0.6497150820153061,-0.5313562893766626,0
772754,-0.5321039759856553,0.28870348131599255,0
900861,-0.20623803702867716,-0.007134748242722278,0
988830,1.3330792054099028,0.836240979444271,0
831899,-0.5758269882075177,0.027663044869432333,0
811950,-0.5003990475216124,1.098835839566384,0
260512,-0.4304769305556065,-1.005105294159975,0
327107,-0.281178790829265,1.2781329398431367,0
101150,0.2328605131747572,1.4040797616728504,0
235931,0.12908990440516385,0.16492210638743576,0
878302,-0.5235147533895155,1.2218396679633299,0
733531,0.055062268953164586,1.701954994980638,0
502698,-0.41457542522934326,1.224296904861726,0
455923,1.6244948467201883,1.9772002007595864,0
315539,-0.44239868579325514,1.0215368766738036,0
141900,-0.48501636825850447,-0.40243934658078756,0
722277,-0.4331808361531866,1.0890850734301516,0
12259,-0.5432801463365345,-0.6250196087949831,0
965236,-0.9376723988730733,0.05375467292792376,0
877571,-0.4624029712679566,0.26721579635698584,0
808898,-0.3743400548463999,-0.9999837564707259,0
557201,-0.34964483337196933,0.743451855475205,0
919964,-0.03522029622180617,1.118121808098468,0
498039,-0.20369425356519696,-1.5005986126702864,0
471990,-0.06323752676452263,1.195396627684584,0
67352,0.7238816504115084,1.6935328416292883,0
191937,-0.3842596686008428,0.5055714030938796,0
613247,-0.8374020535891628,1.741174021329698,0
810059,-0.5447459423843225,-1.4378491167076526,0
167880,-0.5904290416905357,-1.0593967550578074,0
58211,-0.540246127336192,-0.5996534152336079,0
489740,-0.2274214260201321,-0.502443669209606,0
67211,-0.2597456848223384,0.8655947433145468,0
969418,0.8651155816243832,-1.7285943654359437,0
724238,-0.6441596511867121,-0.7951339834323152,0
604268,-0.6516190155483308,-1.1220722521518223,0
96997,6.466916821913423,-0.26574510501592263,1
260835,-0.48865410121202935,1.5419632090603794,0
151706,1.1479272775063558,0.25552324483398103,0
323553,-0.4594417005581551,0.38107905787755414,0
439480,-0.17898381252002435,1.843665370234913,0
850462,-0.5660326746561456,0.9349966711149561,0
410743,0.35088086642200206,-2.192741489630471,0
366212,0.12359379573138152,1.0701072038564292,0
355857,-0.4961060336984141,-0.8314996263716795,0
213524,-0.32228483570130817,-1.527985052120199,0
497777,-0.4005177300775745,-0.6250467375747176,0
563666,-0.533165016809553,-0.8794034033915646,0
74882,-0.4537781862993142,0.8688248560595676,0
497441,-0.654259104999105,0.12174944319574417,0
18869,3.0124630151158875,1.2328824466045658,0
96852,-0.3545322396444709,-0.10123225401363509,0
982177,-0.542155602830079,-0.813027217170861,0
153468,-0.6626223436902595,-0.9474699760648374,0
818917,-0.4902673633766714,0.09934415401549504,0
687029,-0.409729592823882,0.9946341104650939,0
76029,-0.0821327322020259,-0.9771524124493302,0
884644,-0.6651005591680708,-1.2066377520469662,0
517716,-0.47574482736485574,-0.874292122444941,0
888272,-0.1935955855975636,-0.1373880518166175,0
864779,-0.4795611034496815,-1.430716545070422,0
641574,-0.19796104421591237,-0.8158937859711004,0
474798,-0.5083475245521795,-0.1378707543019495,0
622958,-0.29786268332784266,1.0492336003608682,0
950697,2.9098252321344087,0.9453719064612183,0
624418,-0.32246250730561504,1.5439453039133817,0
265884,0.21567866759366305,-0.8798350830422658,0
590860,0.3449865027924266,-0.2048529202338291,0
946954,-0.48728137877228433,0.5964114171692227,0
928503,-0.3153854941436465,1.4893501726667484,0
151591,-0.5586893525012635,-0.5380300933013615,0
242631,-0.4729360778802617,1.0243319823034258,0
147959,0.08716093629106175,-0.007465032663222043,0
319132,-0.46217774701444087,0.25181388465349375,0
362445,-0.6321273149720357,-0.9096536699837797,0
899950,-0.5289864695111041,0.5170275624169814,0
608204,4.9645900160913925,1.5165927221122335,0
689346,0.8908256113691122,-0.23038916150543123,0
60721,-0.5734634811832932,-0.17551516568160108,0
798646,-0.0019970728992188915,1.790073292532957,0
591094,-0.4111934616070233,0.20340144450266523,0
387252,-0.9118889239883284,0.31883473346932145,0
636947,-0.6893286005694608,0.39888777325010827,0
351016,0.1941997896552074,-0.777325771672579,0
37429,-0.5027631225053435,0.4263868939459539,0
517079,-0.37830670253632304,1.322210179605066,0
185184,-0.5544694749483765,0.08191064340055562,0
88200,-0.6356167917475226,-1.0104095955081835,0
665879,-0.6610531377698181,0.2621888560863962,0
222481,-0.14398620308096047,-0.24152220145408623,0
370029,-0.297800071627656,1.8657321272171732,0
816006,-0.38709875822368456,1.7149444829938212,0
30939,-0.3406973244926578,0.9605591263699024,0
916855,-0.41662693266533585,-1.407818673632515,0
192309,-0.22934191577283078,0.6443420156231763,0
459849,-0.7937130875901808,-1.079435882285179,0
631568,-0.48444348461293796,-0.5840561186519795,0
81085,-0.7367872311358662,-0.6791706086367922,0
865833,-0.30049174231096126,0.6531173091682602,0
201090,-0.926409964947003,1.9137614645199286,0
895295,-0.37645052142138413,1.4931392052716126,0
168152,0.8834645954231982,0.1662996068389074,0
693213,-0.42342730044596166,1.3712059971789754,0
281833,-0.06337101867963509,1.2208083113410781,0
601265,0.17209832070433995,0.4851494661431301,0
813600,-0.6296247002381424,-1.1057710205216034,0
898532,-0.32462463385041557,1.45496833735768,0
794202,0.10975168267351211,1.5533908367608156,0
107486,-0.6631395677422149,-0.9814398946161755,0
377328,-0.49022780732742,0.5294312732114589,0
304661,-0.48519495951890046,0.05155318378473087,0
993824,0.625953315357512,-1.2143024373407176,0
771797,-0.5708472718141437,-1.2687648981361874,0
79512,-0.33096836397868695,-1.1984319555096896,0
465824,-0.26014367383029885,0.5299817515309521,0
790817,-0.4406760612620883,0.6547447761307775,0
202538,-0.2711986347955075,1.1553125061587908,0
793809,-0.6149811421968615,-1.3360257546665568,0
253315,-0.7187777607085064,-1.712145793919927,0
124090,-0.8213908874874871,-0.2098751168922298,0
485435,-1.0325709019874145,-0.8965877093407016,0
681189,1.0379152669759122,1.6874372651260778,0
383865,-0.17106303974905535,0.9201762348462056,0
311039,-0.42646407512850476,0.8507348855444233,0
38557,-0.6183420291229245,-1.520961829641894,0
680358,-0.5836226445470973,-0.9417119086672984,0
136937,-0.24836216694858435,-0.17805868935027544,0
259268,-0.3182375073669487,1.1451461570520727,0
734822,-0.4631656155791971,-0.4758471754371264,0
519968,-0.6176130588881753,-0.4857732040710876,0
285759,-0.4975589978759135,0.04304404238883561,0
991920,0.394753844072178,-1.8101558022712034,0
616903,-0.6851947229567241,-0.8661522640808975,0
869057,-0.6507312128895884,-0.9033042770401049,0
38983,-0.622418497190478,0.5262466331220939,0
218394,-0.5241237656301456,-0.028135116236017516,0
813663,-0.46765630587461327,1.0567175602101744,0
132939,-0.5178906678147607,-0.7806981288617407,0
765392,-0.6926112919524134,-0.8851025256251032,0
859757,-0.3514291979748187,0.2993944882696014,0
694043,-0.4221219896306568,0.6253381918522041,0
504103,-0.2756287811309434,-0.6775998073085207,0
578903,-0.5051615100884352,-1.9900093495325701,0
953750,-0.47381735363273364,0.7849989448552016,0
557231,0.07014218718931588,-0.9213278580632476,0
886273,-1.0466064850954517,-0.45065262026211955,0
320821,-0.24168121671778647,0.7163192306316273,0
615534,-0.5191798852968303,0.39696368403074805,0
836997,-0.4321770228497965,0.6651839756420371,0
110208,-0.5309792548815012,-1.4547596371665568,0
422526,-0.40578280588226234,-1.3675975205709956,0
345847,-0.9466136759159096,1.0540916190243526,0
200270,-0.6047917428328254,-0.11905824909049038,0
687409,-0.25250574611542376,0.7671554526998676,0
882996,-0.6138017381909042,-0.10130969067280426,0
814679,-0.5596209191973335,-0.7390994396702739,0
911931,-0.44342032561280026,0.35889759371798063,0
612661,-0.5128642633885858,-0.36890975038006046,0
112786,-0.24163951789518853,0.031064827090605117,0
660651,2.440744593876894,0.9406875553174877,0
98887,-0.46595550945548214,0.6645802103457622,0
333282,2.0793247216910427,2.104475936268124,0
581729,-0.5476855056125739,-0.9182659605446173,0
424464,-0.4382661139574862,-0.9244143269890366,0
703579,-0.41415858599875416,2.02071737730047,0
177710,0.7261453671469905,1.2734967440696212,0
244879,-0.550732759264494,0.7482962402419666,0
905807,-0.47368129591078423,-2.3403533622762667,0
941013,-0.6546815026453554,-1.1653174118021072,0
415480,0.5887486628081948,1.3491162596655195,0
507290,-0.5049366764129427,0.9114352764137895,0
80075,-0.37125677347075564,1.1798906632681367,0
162781,-0.3381642925235264,-0.8900390729001059,0
329782,0.49961744745878806,-1.6223094083311085,0
361581,-0.26405806127935216,0.2100871234452511,0
811283,-0.639329909965018,-0.6355938893850507,0
596159,-0.6880890680492328,-0.9629684430372883,0
77937,-0.4160511314770291,-1.3671571042672743,0
714707,1.0512697907618977,1.1848029509094264,0
642190,-0.5889652203986263,-1.42630151224775,0
682616,-0.5038078946198954,-1.1436583541380567,0
194375,-0.5204443647268637,-1.4068639479503402,0
509860,-0.22940581992737025,0.8628240168606149,0
935299,-0.5136261405219733,0.7118983456959096,0
450827,-0.5120206720567991,1.6985081394055013,0
888607,-0.5433297319291338,1.2132155092747512,0
504839,-0.4201289866964138,0.016342877896430272,0
461573,0.2830611343889785,-1.4886206524862722,0
405255,-0.5914916591096115,-0.07696169143900468,0
840941,-0.35680094142412055,-1.216670435522144,0
904811,-0.5751996722118786,-0.5522362299073967,0
798332,-0.5031679753832548,-0.5769749639375357,0
997406,0.9300976164886124,1.0555492118213623,0
857814,-0.44452638996430616,0.2369442376123722,0
650770,-0.5193489376297279,-1.098894667324279,0
365215,-0.14162134748314295,0.2767751396017015,0
691582,-0.5329433790324309,-0.3988354471089874,0
865836,-0.517215810077216,1.5702661688727988,0
638456,0.07260918116776059,0.2062157645021939,0
308365,-0.1934859291780728,1.1389739487228234,0
884484,-0.39307296567035355,0.4995758280411995,0
829481,-0.6234754925206445,-1.2871037293329557,0
899600,3.6971155860665603,-1.7011355794091407,0
54039,-0.5390328806395712,-0.3916881353614917,0
272450,-0.7519189490894658,0.3911832314904414,0
965588,0.8200902484200222,-1.0220343591312337,0
836939,-0.5812264011767198,-0.861234266801358,0
272574,-0.6567812370533556,-1.2672338840413648,0
645550,-0.7209330280885053,-1.1138622753760674,0
53358,-0.561362810373823,-0.4252394147635156,0
237100,-0.686502065334269,-1.7758153876200093,0
916425,-0.5052629670968161,-0.7233601460998101,0
628061,0.0467061073081106,-0.3491871342428782,0
223763,-0.4241967592052543,-0.987509935868359,0
727748,-0.38027844226942537,-1.1287645784952496,0
240946,-0.5768760368208989,-0.5531895391898166,0
859455,0.6382332983938883,1.6835150017360174,0
303511,4.109582804673696,-0.4322601628472693,0
248610,-0.4950284063619495,0.6106302119051643,0
784608,-0.2951238219624802,-0.5258030702783685,0
73554,-0.09575091703591923,1.0143966379130482,0
136885,1.661443778445868,-6.060769493710973,0
494310,-0.03922172081860759,-0.8336165125337245,0
61145,-0.5705260867891526,0.27052673511808223,0
482893,0.12335754136984914,0.4632695775656709,0
763486,-0.41186220895715325,0.8299593583473794,0
65685,-0.21258906816629689,-1.128727774868396,0
898639,-0.2987378839400728,-0.16075589650202038,0
266782,0.2554174258148248,1.4290372126519835,0
78580,-0.41466332327446226,0.840025114222057,0
216950,0.6538099224928166,0.853952019759253,0
234251,-1.076732124346016,0.16357462813930407,0
384308,-0.4507190182375697,0.5244686318908233,0
595389,0.23263506013314636,0.2427517107699141,0
748641,-0.21633434876314464,0.738921658574668,0
814402,-0.4430492013680745,-0.9762797905442351,0
974709,-0.5139587658112598,-0.31238095949484534,0
543123,0.08497517741809948,0.3175607659035546,0
147530,-0.06426166288540185,1.3243963250676862,0
121023,-0.32651209201171905,1.6551031125530684,0
237925,-0.39181026319717155,-1.701442902076574,0
167203,-0.32521477011813477,1.119685871343469,0
915802,-0.007807519255521755,0.7527092431170235,0
361956,-0.5479116217621408,-1.6515531464421367,0
156554,-0.5699374834707789,0.4851165715742076,0
589629,-0.32863286886832294,1.582411349893677,0
643998,-0.6226137609385461,-1.2052199702970545,0
534878,-0.6643903956333191,-1.1800544593474025,0
769035,-0.5524388416734671,0.7054361123367034,0
289771,0.2731357445903702,0.8941302585963791,0
503820,-0.16852186418470638,0.4693384892970433,0
264244,-0.5160755525881076,-0.01322307374967377,0
276149,-0.6374922804547191,-0.9848089724491446,0
698190,-0.504373032521473,-1.5657101005975003,0
859978,-0.3421726686506149,1.3412211451896077,0
376953,-0.5254445870407691,-0.2628944659817952,0
973220,0.42667445654519276,-1.4887938663415032,0
22849,2.2007850939060223,-0.775816301486994,0
276424,-0.491040014243839,-0.19376281858938482,0
28491,-0.42485845991075205,-0.8595462161559649,0
426240,-0.1950627720948471,0.8029169304994968,0
546677,-0.16031415406697938,-0.9862956213383189,0
986921,-0.4728137760668697,-0.7149384521048743,0
813963,-0.41041002862326037,1.502743175650719,0
308844,-0.59896400503387,-1.1362085399451112,0
194870,-0.5317675061117919,-1.622223420257453,0
665059,-0.1658425775598755,0.41393418658762704,0
789088,0.8825075870383247,0.39923816697084924,0
873952,-0.37841209763860223,-0.8330198768248025,0
397062,-0.584863233557956,-0.8861987413790763,0
312669,0.2471739961237524,-1.327155889787027,0
251049,-0.46655311543269756,-0.16180684021095243,0
577566,-0.5728961916016119,-1.4100582596747575,0
172318,-0.2452470088840023,1.3725600505000373,0
208815,-0.3925460081324334,1.352216327621288,0
730063,-0.011851364064641502,-0.28258856253364334,0
193894,-0.2453191865314256,-1.1082917676100124,0
962146,-0.5104926342738966,-0.35550100808997753,0
59549,0.956733777565115,-0.4305956119582417,0
430544,-0.40961096530364155,-1.5803990479221204,0
8761,-0.6921069933848776,-0.729407829754552,0
417990,-0.49955140782542484,0.4961434430345131,0
4340,0.08045487454416478,1.4824687289314311,0
278574,-0.6331665771659837,-0.29994759787710046,0
149902,-0.6411520315826601,-0.5486574681277687,0
306493,-0.10287903432037249,0.31154157519002884,0
194610,-0.38635152940044004,1.464719374140128,0
734507,-0.22611105409686322,-1.2047980157204639,0
448490,-0.4752256475452084,-1.4427930076848323,0
565335,6.015263690609261,1.5339157577351412,1
465923,-0.6282449231012289,-0.9283795978452076,0
504542,-0.41778913365717224,-1.0491163755078416,0
349374,-0.7886140300295542,-0.5560473767054838,0
898360,-0.6647693189875927,-0.9159001241265459,0
862860,-0.4552116210813764,-0.9488150553875221,0
869129,-0.6657974825456413,-0.869204396459414,0
304002,-0.42020488374531995,0.9521730380452484,0
950904,20.062185825150202,1.1974817856482112,1
978064,-0.5003739357522562,-1.084359075368935,0
123433,-0.2936858564398137,1.771739375477731,0
279603,-0.49212895415863617,1.3973787109540208,0
454622,-0.6782350288884885,-0.14846662781955763,0
811911,-0.4699331315552125,0.8550482038212359,0
353246,1.0685337478721944,1.6568440803415043,0
230008,4.0221182110422395,-0.7184591504005273,0
723146,0.12752850092143542,-0.5815258865683235,0
261208,-0.6604470975364015,0.5985282629235524,0
134540,-0.2649529840921211,1.1700271887412954,0
924767,1.5409275810252734,1.069415552435795,0
304090,-0.49776052510129337,-0.3354959815189706,0
412599,-0.3221061039194165,-1.1052835320760792,0
106782,-0.358901234655583,1.528268057222817,0
548277,0.014315473053119167,1.3216478772106917,0
933871,-0.7885618485431483,-0.26902517015240757,0
500585,-0.2598323205339236,1.4466647872971257,0
173463,-1.0868552086699967,1.1112652549710165,0
130479,-0.4661069557980413,-0.09071178285361353,0
600853,-0.6104713222484965,0.014772813122632802,0
16039,-0.5681043706755846,0.0964562535063425,0
781740,-0.20440911404933162,-0.33577157968843874,0
313904,-0.5454070738012875,-0.6498815112390586,0
294250,-0.49564570864276614,-0.08267954782624468,0
586170,-0.3225284060862277,-0.061572721513815924,0
561615,0.6355539343743212,0.563193958294728,0
148159,-0.16396202362497242,-0.20581504684684426,0
756805,-0.6088036486587135,-1.2193723035826731,0
90741,-0.7577158139144824,-0.6968372380811017,0
861318,-0.5974434889121089,-0.47919460379219303,0
997099,16.075110948329176,-0.8691861640122613,1
739684,9.038269609867962,-1.0635703177485167,1
374567,-0.44965069230071614,-1.5559172259934895,0
420538,-0.33093862706193794,0.07642965439439724,0
44070,-0.24283655498114912,-0.8848106645037545,0
545564,-0.060371716991584085,0.40231334190552653,0
777749,-0.5619007486398664,-1.3030416798879263,0
309755,-0.5145548666560059,-0.3535985488857245,0
525291,-0.5180914346948678,-0.514694720970789,0
372590,-0.6460157205689275,-1.5681147100817217,0
497900,-0.4868720115862336,0.6051662222386955,0
910632,-0.6115923678061729,-0.6479762544901584,0
415890,-0.39623170352177334,0.35811074814403987,0
697022,-0.5260628131661156,-1.1601994036828303,0
312241,-0.4022141812433849,-0.19622233617927637,0
898534,-0.5637923364196185,1.078024418599361,0
355646,1.6730799658253623,0.7237216853602484,0
453074,3.8721359370520596,1.3780782566481604,0
859603,-0.34247885480514134,0.055911645718502136,0
480908,-0.2375231109340926,0.5169877742674891,0
699641,-0.5235032909686309,-0.9726454346013749,0
662185,-0.3241720172916838,1.3624653404796216,0
189904,-0.6736287643247348,-0.9977144550623913,0
364208,-0.3902352035188446,1.0356268893948424,0
142964,-0.5810362217908847,1.6507162493889405,0
133875,0.12602318071659172,0.5491917604809627,0
795012,-0.3539486359091862,1.026995120874234,0
620426,-0.6384516305903889,-0.2904642667521576,0
911717,-0.6475990626998297,-1.588592302400679,0
490067,-0.47678314885647727,0.4343184764956823,0
470267,0.4494971445956076,1.3843566484336205,0
80305,-0.47689521354839837,1.0638715293120466,0
831707,-0.49673836159446655,-0.645765317075047,0
281959,-0.4484076483086208,1.1885330541375434,0
743766,1.0435765075271317,0.8248933841846655,0
915485,-0.40368705596889826,0.1329219096563176,0
572108,0.01578689305899891,0.13658831686267794,0
271486,0.2492319485133785,1.6142746652489275,0
306928,-0.3544657721608949,0.09968492521197357,0
187333,-0.4576013710652517,0.04650769122246403,0
507937,0.42490328823492274,1.1089167640896649,0
310879,-0.37364983918703143,-0.1873734318884683,0
563510,0.27253783354139705,-1.2123258568868287,0
783230,-0.47375572370265,0.7845277910776292,0
242672,-0.17470902516420786,0.781279926231381,0
39983,-0.6358193970330153,-1.5143798204370862,0
993009,-0.669377525614586,-0.7078977227371991,0
9222,-0.6520257177305818,-0.778531691540199,0
395765,-0.6861962186755814,-1.5274832783257957,0
271351,1.2526066732612622,-1.357737636608641,0
694655,-0.510525901203298,0.6802746214719436,0
480135,-0.2391463498151053,0.18121939716959942,0
79932,-0.5333593285858368,-0.7016917979889599,0
303818,-0.5999428252405038,-0.9763851746691938,0
288692,-0.20271440699189094,1.4379948671821672,0
482960,-0.6859519847645772,-1.1963736935440763,0
941916,-0.6535942255315571,-1.728963406705304,0
852685,-0.3408858011472158,-3.718589954926732,0
389299,1.6231450794960036,-1.2647054784450906,0
624854,-0.48139614386422475,-1.3825358908487388,0
179716,-0.34958388343888736,1.2995736293898528,0
86881,-0.5324136451747575,1.078867676108494,0
644281,0.40212556387098036,0.5040138121423335,0
95242,-0.3034042824424,0.7956456841785078,0
111190,0.4463999771458512,0.6756175692099602,0
104427,0.7639705085823241,0.7745422211102012,0
979039,-0.6978984924727825,1.9326103510129562,0
554973,-0.4335869656908673,0.23539574848586356,0
526764,-0.023250620337276002,0.5182272399637219,0
123033,-0.3683352880625549,1.3448411874690664,0
853604,-0.3418883487819991,0.7190854440626593,0
87957,-0.6223697994202511,-0.9324516473418,0
463020,-0.6292322615878235,-1.3199992735363848,0
870342,-0.5942703739896674,-1.5016146949923872,0
256664,-0.40575630558876374,0.8625838630605834,0
885704,-0.5711609236134402,-0.3196803831339517,0
459815,-0.5377775947679825,0.37596609826092126,0
485491,2.0464724112613424,-0.14632646273714878,0
29873,-0.05620339963644697,0.3212106690847955,0
477003,-0.5494186451396744,-0.5866115552624395,0
284111,-0.5893285673867508,1.0089520756177897,0
964307,-0.6107288727594063,-1.3421126914872858,0
732964,0.0032936328731795307,1.662080714790278,0
313275,-0.595164182309233,-1.0659814162027934,0
548486,-0.4042799890403524,1.4777229849841436,0
667384,-0.46985040077134466,-0.40300841436254164,0
592233,-0.1255708871414807,0.6962863060232892,0
306429,-0.45719879560552884,1.4159653877852625,0
528061,14.56613318955941,-4.166158028028834,1
94076,0.3880343971093408,0.49563298244564075,0
402443,-0.5564048698593214,-0.8263588421083269,0
506110,0.05313402345473292,-1.5582516991082211,0
691918,-0.5528931066659739,0.12148092283178796,0
980070,0.87124982180435,-0.1731023798546151,0
35991,-0.2426607694919703,0.5624565439716491,0
514701,0.21953220012472838,-1.611866040587713,0
410208,-0.48165247299954767,-0.9711500479458205,0
829460,4.445987794497654,0.40198617385872326,0
88173,0.013187267240275864,0.5350981834730838,0
449256,-0.560766869849384,-0.5307928442813722,0
367068,-0.035204791151980296,0.4614354595116573,0
668606,-0.6702352440706045,-1.3312449154686783,0
625100,-0.5422554074536834,-0.2519682381020668,0
637834,-0.8896591053145587,1.0796030274454524,0
117967,-0.4525837032230008,-1.8471217505293065,0
273850,-0.2560866744202655,0.08201606050178079,0
809033,-0.32483537553140485,1.1356028039493522,0
926184,0.5567264319163919,1.1651799318093747,0
855745,0.571615236795025,-0.33861353964661756,0
722794,-0.5127721141161026,0.04577650411636377,0
899827,-0.6715589944291969,-0.8701853508129427,0
111443,-0.6314452489372883,-0.7796904430323365,0
520438,0.6549163181436326,1.3314019047511065,0
670916,-0.303776551916962,1.2089441120203448,0
459970,-0.4426768450831066,-0.22903475345490928,0
893048,3.266459867787258,-0.3064579315559412,0
362307,0.3347971346798907,-0.9262181338482233,0
608410,-0.49591129545909246,-0.2976113888445002,0
931675,1.7081490313579366,1.6968893105292902,0
616994,-0.5439488417255919,-0.10687483134852037,0
986814,-0.26070460453140115,0.9020317903871852,0
159173,-0.2318644531488133,-0.42357443820882285,0
846433,0.9246907959397298,0.3772132822431698,0
911635,-0.2911248385268498,0.37919570591428053,0
983869,-0.24834114943099475,0.4231476476886935,0
619818,-0.6581758904364581,-0.5197912860824165,0
922377,-0.40231393931785203,1.8393418396895378,0
415442,-0.4466782044847636,1.0288551323326827,0
702516,-0.4124721940230978,0.09030066656438217,0
934935,-0.6632868224412017,-1.3060450229666452,0
452761,-0.49685566822998795,0.08075434757816947,0
403979,2.4911614152421504,0.27586972794205644,0
750985,-0.40020781327574284,-1.550114034593113,0
360692,-0.04721807425828036,0.8622514363945182,0
783374,19.02479258819752,-2.0776849194001716,1
727880,-0.21001374590020075,1.5293036907107445,0
776715,0.501818936134648,1.373545878592356,0
505964,-0.31508580933640296,0.5517056230339359,0
960760,-0.6154670814974695,-0.9479580663782643,0
261500,-0.5972969889056924,-0.07897478246751684,0
4466,-0.5428595453101598,0.46195691088746343,0
92198,-0.6319428832840398,-1.2574515026334923,0
731377,-0.34832790754775333,-0.4749636296837028,0
968051,-0.5762631883464576,0.1844456376314994,0
44991,1.0743573766010508,-1.3567968309435192,0
499666,0.055795675295048745,0.22331608282490334,0
652291,-0.663056830898361,-1.1921164126250223,0
697024,0.1853099563775645,-1.1466288499776434,0
77817,-0.5140720972276411,0.6163648620388914,0
481769,-0.36574939740062823,-1.7869326075935046,0
973409,-0.5608460819514763,-0.5346563424319875,0
580661,-0.6020759055204792,-0.26740067834507386,0
755933,-0.2221054188475716,1.5298237753734802,0
833827,-0.5743210644266897,0.34239056800347434,0
372624,-0.4145764571404183,0.6597765097820407,0
230052,-0.0754641602754772,0.6621116920401982,0
352902,0.6432176145344919,0.8319047628295804,0
608443,-0.3155360030098277,1.121122627485187,0
621890,-0.9011063407304795,0.7437276626793476,0
606483,-0.5268512601240923,0.37128303553007486,0
766466,-0.3326560740490568,-1.2604795977163408,0
712165,-0.6606863172097543,-1.7483322910406538,0
118219,-0.5222201237528475,0.7763664319273866,0
933099,-0.42463875358582864,0.593263201926436,0
322115,-0.36508341861143506,-0.007129607424619941,0
96909,-0.7513555638964939,-1.2081739444756763,0
105631,-0.2625390278565596,0.06224956065214851,0
68533,-0.46586487755987244,1.3744746600399091,0
178166,0.002612409560463106,0.2107319259890285,0
150088,-0.3950817475847167,1.3853545550568334,0
827776,-0.5251555850500929,-0.6501396861148109,0
700589,-0.5958397009735155,-2.661807928931138,0
703653,-0.3776611358726903,0.9740251581599813,0
298738,0.6349130633462294,0.7124086361836316,0
658038,-0.3493377504940796,0.0033405356061502836,0
863878,-0.8266825340584542,1.1187318107751585,0
279560,-1.0171823466689303,-0.45929426250073035,0
853410,-0.13416217059027552,1.3748582485762884,0
131980,0.09077630875942715,-1.021196097531955,0
458194,-0.6550909028257651,-1.7840198281896622,0
493296,-0.5749494249832129,0.08020370767608861,0
802628,-0.5991551478425955,-0.0614513577944163,0
611042,-0.37906019469618846,-0.6901004808903605,0
812529,-0.6576673491380098,-1.9480738842265557,0
960730,-0.9965954260569254,-0.2565347265920408,0
508346,0.02789715209942975,0.44156152187111186,0
383818,-0.44282080795387574,0.676920904275634,0
136767,-0.2646516024580553,0.7469861401300385,0
197693,-0.3736083179587955,0.9850015508817984,0
132474,-0.009913305008701885,0.5335429218996387,0
837806,-0.013004662697935886,-1.3314226810715042,0
585325,-0.6480792357449916,-0.7172250889163763,0
972998,-0.2806213440680545,-0.29480274548867497,0
100414,-0.17419007698004704,0.07928619628063194,0
801532,-0.5557433662244649,-0.5101476461572896,0
598342,-0.4503576672316769,1.1876523098110132,0
99512,-0.44857230754009497,0.2599161154289294,0
481049,-0.3918079706930243,-0.44966041792721806,0
811624,-0.48769969165120275,-0.984458334598402,0
175861,-0.3003796414040039,1.4531858571237195,0
399152,-0.6433263555245418,-1.2441502853217807,0
964424,0.10215750024949159,0.3075173395117758,0
301341,-0.18152424873132894,-0.31009644753654153,0
469168,2.578507190409116,-1.0328474828815954,0
745121,-0.03625415728315441,-0.25378374571155743,0
751417,-0.35291933337380227,0.427198730188872,0
597162,-0.46880388276367024,-0.593463763726505,0
747739,-0.02903899657430534,0.27085126917179386,0
990647,-0.4294292935470084,1.1020720257767629,0
794484,-0.44238915022882375,-1.05286313824324,0
968383,-0.3306454316399799,1.4426568410211034,0
861933,-0.4783486322932366,0.4105693307902142,0
924274,-0.40235699727142527,1.570094915092179,0
650484,5.293812143987579,-0.011133289748184892,1
468863,0.034506447673777814,-1.459497330639092,0
589910,-0.43740225287394763,0.6737854086472168,0
354020,0.28388673737441883,1.1182249244806062,0
195388,-0.4633424340587286,-1.0881394614819038,0
608244,-0.5678610556549135,-0.7971065937062876,0
977382,1.3432207735318955,-0.9218660035029302,0
851643,1.3131678175042376,-0.19929439380952604,0
290784,-0.8947758391535467,0.8091586192021589,0
948017,-0.4496679213916482,0.6122138876374026,0
950643,-0.4485240452277688,-0.9832256077363785,0
934327,-0.5846070072059307,-1.4551946364852864,0
826715,-0.2779929513998808,-1.0460030885825224,0
693028,-0.8899439828574749,0.5238539522728505,0
442480,-0.5904523936476078,0.48241259791182883,0
78713,1.1164963256661924,-1.9966665567098265,0
473412,-0.3739801859720846,-0.731292826575121,0
378064,0.1783552525698202,1.2805191418626551,0
385154,-0.701528438649127,-1.0234827241915678,0
559116,0.112765190890188,-0.7659060392633994,0
423721,-0.4189521325448928,0.46826493842190553,0
171725,1.6278894354364177,-0.45448943762493554,0
876069,0.9277954622706563,-0.9415479471194453,0
993788,-0.5121248124829215,-1.2629445739859686,0
737725,-0.493751682422994,-0.36359141316187793,0
182114,-0.3463691743361714,-1.5528305398308782,0
951784,-0.585746725880087,-1.1541263314813686,0
46694,-0.4774745358673304,0.9422657195179625,0
61776,-0.6963617252350348,-0.9721359505275964,0
14138,-0.8963151390750775,-0.981066503852392,0
408273,-0.5259048411461473,0.2556971852052177,0
716987,-0.36888519201556824,-0.8849165240288334,0
139692,-0.6233717228710584,-1.0685836460490792,0
243830,-0.5167599809299581,1.2083724253119386,0
31076,-0.20742794198810927,1.6776838015337017,0
900152,0.16873780596254315,1.148027312486678,0
291608,-0.08276115378807636,-0.6629201090565598,0
6993,-0.3284490566484332,1.343092548703617,0
673231,-0.8782736573940314,1.8884645043368355,0
335052,-0.5847134400329583,-1.1061401487727318,0
554535,-0.7030663590615892,0.9449222340580966,0
967354,-0.6045829272271173,-1.7665088642347413,0
377204,-0.31930229147301886,0.6482526546204572,0
855326,-0.41110338546102926,1.3617539658175013,0
307122,-0.14651328544239306,1.3643204969772835,0
920151,-0.8834415887245454,0.5547461934201429,0
427457,-0.5898668343314508,0.9490354051289077,0
493655,0.5866921947707112,0.23200235306795203,0
594054,-0.21986850171096922,1.420299235465345,0
389292,-0.05237066692085199,0.9339112700617183,0
892320,-0.49557780386619943,-0.7094990287038099,0
370074,-0.6374883628234708,-0.2567002586251203,0
62177,-0.60552693608803,-0.4110564288478306,0
177639,-0.4248481013482883,1.0636308867573248,0
321145,-0.47411583439069543,1.4033001880676799,0
712679,0.36757789677272495,-0.6384870450649499,0
887988,-0.6715453667497326,-0.4315853601121354,0
578587,-0.5409891936872745,-0.16695667029722785,0
714936,-0.5897204759941312,-0.9059424511724714,0
879236,-0.4648322447575592,1.7894938855819986,0
326849,-0.5697879015098304,-0.9865913876081017,0
923653,-0.4680933001299309,0.05774979193962689,0
431605,-0.3205522361841115,-0.10677271584897098,0
904931,-0.5065589904269256,0.6295799852892884,0
309691,-0.6224026283736832,-1.0309963469290933,0
727333,0.0530207754221519,-0.46001560715359124,0
110034,-0.5822563441770516,-0.8600533862347677,0
978856,-0.34827977838291274,1.390736773984123,0
707570,-0.4344052769121001,0.411453401268378,0
45426,-0.526009802025415,0.21451621139394694,0
634463,-0.45574591682318705,-0.5174171388875731,0
874546,-0.10483206713278996,-1.3720358952471539,0
980472,-0.3409436692362618,0.8734408784599311,0
273419,-0.10277792426329847,0.2480812963608257,0
357595,0.508472270853824,-0.3228466855681389,0
640743,1.8568442602050106,-0.3136252967692704,0
143882,-0.4141751752733399,-1.0630017774554572,0
269639,2.009330750310329,1.2977878848704145,0
186556,-0.4056931404271193,0.503999772331661,0
562546,0.36537919386271583,0.7722187010175585,0
702105,0.8463112752492278,-0.31676414678411813,0
560302,-0.441008225649824,-0.531638269835234,0
232456,-0.5522931814934768,0.5697322800925846,0
194192,2.356313944314026,0.5970426711360499,0
96008,-0.361193921553786,0.9850964966430625,0
543584,-0.3720154704204938,1.674275480018965,0
599216,-0.4751429747947416,0.9582068115854533,0
490901,-0.5972471933302188,-0.7265632517841961,0
314034,0.19788358964024083,-0.26445051362710775,0
635992,0.3221899781705354,-1.3280211271688525,0
489488,-0.41005283462740777,1.1357742742439074,0
167447,-0.3255403336380701,1.672181253587106,0
918612,-0.3169944298167772,0.3761975708060709,0
15302,-0.2853664410567386,-0.11407085993025165,0
468950,-0.5189778708760849,0.27057878845971245,0
54468,-0.5128298568368392,0.5988777115371988,0
475879,-0.6032704783161094,-1.442985196064459,0
747757,-0.5045635352751547,0.3146207584311741,0
166399,-0.6215886137385878,-0.4452846959571095,0
46695,-0.7046078573770422,-0.8310952599127446,0
275438,-0.48100600631553647,-1.1660082778857879,0
791228,-0.5174044248500196,-1.5299715069346609,0
733942,-0.46235107509972817,0.5171546459868739,0
488420,-0.24594165653864894,1.306404887724861,0
468453,-0.5806686043487754,-0.37858824532513263,0
743876,-0.2758387086793384,0.13178823705959977,0
274098,-0.5659363672338961,-1.4229248413351152,0
335401,-0.42247249913962737,1.8671970624733407,0
128023,-0.27175494744015266,1.461619288771814,0
843621,-0.5787915918675628,-0.8058791180334106,0
90040,0.021226792187379856,-1.048878789243468,0
673097,6.568564936635896,0.13936465224274508,1
643065,-0.3266445046513844,0.20668022016628454,0
642142,-0.2346199255424985,1.1602179979943048,0
985234,-0.4538475495814643,-0.9244850472465983,0
453970,-0.5528579220551877,-1.675058502311861,0
765152,-0.5498027669693201,-0.3583633155391179,0
764255,-0.4951864870401737,1.4869663366214974,0
979101,4.0729269776014,-0.7677293505201614,0
954939,-0.1378146688814106,1.6316855774144918,0
420173,-0.3872248476640329,-0.09049023083750418,0
562313,-0.5088511917769201,-0.7457531008433405,0
345142,13.15630348270233,0.17369648205577032,1
574133,-0.4645420797626349,-0.43537086693955407,0
66928,-0.46660753456644727,-0.3897146522368399,0
842365,-0.10763096931718784,0.5695723850862894,0
825584,-0.4120002901355038,-0.6644072852657318,0
521791,-0.0571293077586795,0.5547808791527091,0
802786,-0.5912558797978927,-1.874837443744229,0
516082,6.236026884897433,-2.7788343983796713,1
920452,-0.5828358226145688,-0.4353802798784271,0
202897,-0.00409433451114917,-0.8570803629321957,0
698184,-0.5747123063414312,-0.250121727467348,0
487711,-0.5183226923455289,0.30776918210041354,0
106862,-0.6751722791384536,1.9908697217325777,0
19533,-0.44241812216222265,-0.8555809197512421,0
39954,-0.3575454563431453,0.24386238012796393,0
451989,-0.3622055999621661,1.039585683986002,0
671824,-0.5504175364375851,-0.812231755027646,0
953547,-0.09466208948041362,1.328651811012214,0
950777,-0.4128020412068532,0.12769983815183988,0
440589,-0.4081964350422481,0.6021994470187647,0
318118,-0.4395395190920851,-1.1899051659853994,0
857689,-0.24934618765439978,0.37510331460792734,0
285033,-0.858736726022001,0.4637269470934662,0
721965,6.8980008000712,-2.859361881540043,1
546532,1.9702532461873288,1.6877883450465228,0
60880,-0.6083233888842718,-1.61139900494016,0
188505,0.5895567905246208,0.6887157205997756,0
793799,-0.6123616027117358,-1.3006624012737027,0
490253,0.483521229189493,1.2906781905656455,0
960313,-0.4260991640329629,-1.1830752174580725,0
163035,0.6717870799080717,0.023690789798038018,0
625803,-0.5879389611802385,-0.6471614448439843,0
427520,-0.7075963140455387,-1.4595172129618692,0
864830,-0.44109990164006435,-0.34497319218457434,0
631622,-0.5235646098031789,0.6528316777627515,0
91166,10.204447829629922,-0.9394858114161904,1
160061,-0.4772705343301626,0.03634689614497707,0
496835,-0.46157579340874416,1.1350395818483239,0
267853,-0.21608133919267566,-0.5011527137207022,0
434126,1.5701383191918599,-1.6076501491479704,0
461579,-0.6974381562862206,-0.24921354970046203,0
3677,-0.873480265525191,0.06024855619124093,0
97461,-0.5807467629811601,-1.0368401361145332,0
691539,-0.15681524689824253,0.00022385727433777805,0
213826,-0.5853911451822001,1.121862475017684,0
830634,-0.6115766444829038,-1.2564095260155181,0
327901,-0.4409859062900888,1.8047475338216197,0
212787,-0.5081859738789062,-0.35823308512512375,0
376765,-0.3525938603229547,1.2423226474366174,0
638241,0.017536580815431642,-0.02739963663339171,0
723689,-0.34999006623791573,0.2742096492379028,0
491459,-0.4699157477746116,0.2713954775595461,0
900542,-0.7000522114693645,-1.024758684777774,0
880394,-0.5488233355367007,0.8540466575637126,0
778641,-0.46585082517651677,-0.5257433310652132,0
282855,-0.5394238183782062,-0.6506243786441052,0
152746,-0.5085747704259309,-0.1878400086861245,0
340405,0.2984481612729917,-2.421309978555167,0
432492,-0.5205178054459367,-0.262131009220754,0
119390,-0.9164701081596002,-0.8516518927211764,0
202102,1.9191194355351304,0.36897692199802556,0
797596,-0.53946437488532,-1.3055505644304493,0
599184,0.03899428402444142,-0.21300632952695073,0
830123,-0.4871776957707793,1.05028541885243,0
5034,-0.5425660501207514,-1.473947276746492,0
824533,-0.41530447222364064,-1.010107005917793,0
394637,-0.6981783671180821,-1.439003343096389,0
760231,-0.6242545995886215,-0.2947370904591115,0
273809,-0.1388934184922929,0.9686141954638368,0
188599,-1.0938189483224752,0.4509832912419853,0
428609,-0.5548502336869637,-0.8575536053518086,0
706104,-0.610663396912836,-0.1337553368761216,0
868738,-0.22610557672549203,0.9875424561354745,0
100757,1.6958917850324888,1.9051690935005174,0
462223,-0.6552333647106113,-0.9705843244268674,0
564878,-0.5291018796055632,0.04343484544111513,0
760931,0.4916694045587165,-1.6451309638468385,0
297142,-0.43050936399239115,-1.4798974336492818,0
545414,-0.5338257365686455,-0.45731840719215816,0
957271,-0.5851128519968344,-0.9559484201175307,0
486716,4.48297608045071,-0.0038642876924770563,0
353075,-0.9980775877256037,0.25328648194592424,0
860950,-0.288191281723768,-0.07888984333135776,0
771672,-0.27530679160632987,0.8586528347448789,0
120948,-0.9879765534552751,1.6451023475374813,0
303128,-0.38036742998852213,-0.6780817992825944,0
111165,-0.5643314932607797,-0.7275511674122812,0
648589,-0.3694479157588641,0.6922716844598465,0
876804,-0.4330344410642157,0.6455264552225418,0
37518,-0.2020062855843922,1.339229169445536,0
830307,-0.1333909291423484,0.24326441010014732,0
22050,-0.1791121615251456,1.4520694886020145,0
729599,-0.5926745439093716,-0.17931274372812467,0
786440,-0.3982368587898062,-1.0242395492760963,0
610948,-0.3732335299529564,-1.445815553925785,0
831119,0.9293290502936539,-0.3959097968351763,0
163241,-0.8331607430112035,1.462323336967163,0
531422,-0.45586253706973473,-0.819127268378015,0
692762,-0.5605338581927974,-1.0484012802942706,0
506672,-0.2784990282322367,1.2988683676407209,0
997103,-0.5451473982425944,0.41763207727877427,0
619363,-0.03775369717951931,1.5426894847727435,0
964877,-0.36520418555868034,0.1472101786443246,0
427934,-0.37709905337577093,1.545473011515868,0
207067,0.4672432383165769,0.5718649477475938,0
659244,-0.4911821395214466,0.8775217158881502,0
675521,-0.763156784465455,0.16399928507877642,0
607337,-0.38958494689809264,1.0031324681453078,0
299367,0.7585705986314039,0.8405195475263216,0
293369,-1.0557919811989727,-0.5171906514542728,0
309094,-0.3520071268531294,-0.07958466097847602,0
101916,-0.4493150900885963,1.1360526807369071,0
354175,0.05307409590919209,0.573997896656602,0
859645,-0.5567892981644007,-0.7306818678266868,0
227364,0.06459596982148352,0.7029732745362598,0
169877,-0.3780308366794995,1.464490658195531,0
653020,3.750757417984749,0.9099178117355082,0
400659,-0.5250614403846207,-0.22728912502055743,0
629826,-0.559488028119225,-0.39323231780468665,0
906720,-0.12286275265850088,0.9257922724180119,0
265736,-0.35898681972424223,1.4723277866529654,0
405902,-0.4494933282131171,1.400222860071302,0
157628,-0.3491340094515198,0.05790997961212077,0
648454,-0.45400855750703856,0.12755044926268416,0
323331,-0.35161116371341566,-1.726242442580048,0
357942,-0.41028309854886386,-0.5149641509620216,0
124416,1.7772244657865743,-1.6478147169776058,0
208179,-0.5956545885633026,-0.3167296720102492,0
956119,-0.5198560742383151,-1.1183543056350902,0
93028,-0.44733858812547705,-0.547356176043553,0
450955,-0.4293099915526939,-1.1490761429388248,0
115463,-0.34881360672009054,-0.07233202242498886,0
9238,0.17292590485300258,-0.5541159889258623,0
488878,-0.22688289966504568,1.0586010427816803,0
573186,-0.6421730610043533,-0.8245327043227996,0
14081,-0.6623297284567395,1.915599281666579,0
566251,-0.5766040465132334,-1.2420070160533958,0
121292,-0.5348159843491632,-0.3832038193805482,0
271415,0.010520043821415909,0.5603246096977077,0
716639,-0.45317786421904593,-1.363334243533095,0
822809,-0.31326941792329055,0.254391511430317,0
496450,0.797218922680646,0.053652509022729784,0
240742,-0.6385152797641409,-1.0157455467013012,0
873888,-0.048613087508234086,-1.6428442494232705,0
519884,-0.41726725123706004,-1.5552747863979564,0
791223,-0.5504824454775833,-0.1281037222679013,0
111330,-0.27319422825677375,-0.7939267675474045,0
543279,-0.3713982432566834,-0.45874845083719606,0
478870,-0.6219948723728158,-0.24901114857510542,0
640901,-0.6503269038990764,-1.6192080177745696,0
12293,-0.1263966692419934,1.6642553025702622,0
324484,-0.4804229414176622,0.8528239156144448,0
150202,-0.4516506080027123,-0.1731127289568966,0
869543,0.7849537470818481,-0.07815964614708033,0
434298,-0.14741022074057084,1.3980106210443504,0
416665,-0.3342753076908739,1.801732228218609,0
589228,-0.3937689754310642,-0.7675732629930099,0
158472,-0.6938468734892435,-0.8740997703053295,0
836141,-0.38068480001597665,-1.6203843734541608,0
87489,-0.550664559419322,-0.4941417017193506,0
365057,-0.399626830036795,-0.2942626721212171,0
947637,-0.5229503077396983,-0.7661669044847694,0
909402,0.008425244785958335,1.9620629212535967,0
239444,-0.5052073415267528,-1.3149740419407112,0
513479,-0.6584296943199113,-1.484636273491951,0
753783,-0.5684556386153119,1.2229635063570012,0
769252,-0.03183469808727938,0.8911398903045076,0
480125,-0.5148969038030845,-0.03870611315855003,0
816398,-0.3216679526981265,-1.1471845337233402,0
824663,-1.1843460611255152,-0.4766332645512994,0
69745,-0.3653207492311705,1.3790568860028514,0
659118,-0.5780011128181547,-0.8809878134518314,0
338856,-0.30690255292717894,-0.12945000945685267,0
305818,-0.11107155674709449,-0.7271228828954736,0
265230,-0.3831578336091658,1.1601729518362873,0
904131,-0.2145672696316783,-0.21177790872383837,0
869552,-0.4949917679575794,0.6001424330195534,0
699250,-0.5821456742301744,-0.9996123527450386,0
561696,-0.4615498376844692,1.7942242655537346,0
300417,-0.4020712105186092,-0.07077698628929209,0
235764,-0.40835110093517357,0.854728524630813,0
96354,-0.4612265850032593,0.5668303777289267,0
331442,-0.4244228580139734,1.1918301702067602,0
820812,-0.642347653560233,-0.008582793434335611,0
194978,-0.18199472613730255,0.11376531032483982,0
464415,-0.43214178487409777,-0.18829753175685462,0
654593,0.12769133473236613,0.5641190960247272,0
194420,-0.29950449534590484,0.2713832064564692,0
819509,-0.5956681331690091,-0.8919497714970295,0
170779,-0.4675486812958846,-0.522503310361726,0
638303,-0.6969701328831792,-1.2944674598414734,0
904965,-0.5144310916700607,-0.5008545207558954,0
351360,-0.5560818994308757,0.19150524533792454,0
281364,-0.6290616276128094,0.5841600200100436,0
602925,0.5529605667812231,0.6041290579167404,0
905185,-0.08181025576883744,0.4768993619295949,0
483504,0.6959696316015076,-0.4846270882848732,0
889487,-0.43234579424817576,-1.493691100042363,0
996344,0.05840366857176021,-0.9209312948460059,0
533989,-0.11508771957012616,0.39262738406214726,0
238970,0.942627631396917,-0.18290580076319923,0
931386,-0.6166167438256066,-0.3265028326809342,0
915635,-0.46572706135040737,0.5769977178987136,0
716177,-0.5664147187161538,-0.2334586492266451,0
56845,-0.43856445578535985,-0.19187656879678552,0
467504,-0.3642860904555984,1.460474659595929,0
842028,-0.6264306447822037,-1.4337829459540292,0
714581,-0.8527214347088533,-0.07305992487433767,0
937640,-0.5673935573305973,0.9543805776237414,0
324832,-0.4472739853435678,-0.3948154820269845,0
797886,-0.6146672015167967,-0.8858525224682382,0
227120,0.8782241366027754,1.3476070089393692,0
700625,0.8407761535702244,-0.8754873478542977,0
28168,-0.21043956354821663,0.9654862555574995,0
76754,-0.1242926857084756,-1.5742315119575243,0
666131,-0.5727265314753427,0.33383806815068967,0
7413,-0.48258505360161424,0.7343790143473282,0
300891,-0.6732134815785683,-0.5545105407696497,0
107241,-0.42446703131114955,1.3501815329305835,0
860415,-0.23614983056840597,0.33256943851093235,0
352906,-0.8805224801769531,2.063534561525595,0
950038,-0.16340778079839657,0.2685966749019776,0
105448,-0.6711488828915617,-0.4172644410216048,0
65056,0.19857432331543123,-0.2593057129600243,0
437602,-0.3159559729031618,1.5455924456801082,0
922925,3.25633309573104,0.9386320575509215,0
527637,-0.46841811010692536,0.8336367121069322,0
689507,-0.3000719655688367,-0.9591705182215517,0
579955,-0.5403832204190844,0.2601322817394192,0
544768,-0.367154935313943,1.1543132309009205,0
786,0.4174200056245358,0.8578340368306242,0
18565,-0.6620427579300205,-0.9901423593972998,0
878895,-0.13523292274484447,0.04610192901260458,0
986420,-0.02065308786117607,1.69479484571076,0
747379,-0.4919650512422608,-0.9223288649669705,0
852849,-0.3681361568115233,0.7340829038162067,0
128614,8.825679882571938,-2.5324580508159684,1
139434,0.12951667576131537,-1.0964922807476372,0
915885,-0.5314028781025572,-0.01618943730113639,0
701723,-0.5564574904672295,0.2561423170515802,0
875341,-0.6606298350069343,-1.825190346322595,0
543381,-0.5021743502851821,0.864447824393334,0
723516,-0.4336528453073829,0.9308617428410049,0
31333,-0.45213419857343085,-0.4403715908414212,0
618302,-0.5348013179071319,-0.6554127255968663,0
518910,2.5311750404709232,1.319398762980441,0
386385,0.5612994828379628,0.0828203189247096,0
333166,-0.1910018856135591,0.24146106873157105,0
51719,-0.546785234032914,0.0781512335143672,0
481621,1.6900170061937703,1.2989350714049452,0
965604,-0.6962051510201405,1.6165844398198423,0
721951,-0.448728316142448,-0.2715464613698783,0
302099,-0.611617890694999,0.4133854207064125,0
229759,0.3152277797302856,1.7931776898586833,0
208539,-0.6053839196530004,-1.3109976188963661,0
953604,-0.6577535522450086,-1.2964319829221518,0
21118,-0.27313175246898747,0.1843666148773303,0
53799,-0.528879442617586,1.6824187773787391,0
153937,0.03527706001245272,1.230536710957541,0
335370,-0.6375704409064058,-1.186490094223378,0
215242,-0.5915203580190739,-1.1686676778760612,0
909497,-0.27668835869291697,-0.2814289186325211,0
288713,-0.4351718672921052,1.9885828836646147,0
761160,-0.5050750432299562,0.18785254412833946,0
180915,-0.5909935470540442,-0.5235756525706672,0
13640,-0.3377516238099385,-0.5882818847482182,0
334783,2.551286241317414,-1.5858088483874482,0
843207,-0.4722533573737289,0.7146919476093947,0
915727,-0.5878081322551175,-1.13793705296834,0
672820,-0.257571128933783,-0.698183811198608,0
328196,-0.4263870375663296,0.49237389983630625,0
982865,-0.4875361164444807,0.7833703084356058,0
868760,0.9743333006084283,1.4274898227641832,0
950083,-0.4611977840741171,0.39680452899118784,0
24924,-0.3242539219854421,0.3175604285477078,0
224892,-0.2199755540566754,1.1688951597402062,0
835349,-0.5624496339952662,1.0184980506292833,0
463152,-0.4039011528507407,0.05664655800629328,0
261190,-0.2926224829757686,0.8480555698791692,0
957063,0.025335741505763225,-1.1444843336005484,0
340852,-0.7733417275705288,-0.48107269093326704,0
212222,-0.5851722934107811,-0.44170316298298334,0
269555,-0.46611783898878784,1.150794349399446,0
390034,-0.09418726398792232,0.5485400232219659,0
39724,-0.21154716746502525,-0.8777868922818233,0
821419,-0.730412553158368,-1.9522685498346037,0
476788,-0.6521222020341625,-1.0268067722581962,0
324609,0.14516389529624235,-0.1333093579120003,0
465697,-0.4385471040979264,-0.07284425456814601,0
208214,-0.3932258499416494,1.7529989140815354,0
139624,-0.4350975637691945,1.408175196833534,0
883088,-1.0252019426617112,0.31581032130521347,0
540881,-0.4812922499713929,-0.2438173183823375,0
115390,-0.10501941170696269,-0.038671532394684606,0
500289,-0.3764081018581505,0.34292265181533604,0
606342,-0.884680444483517,0.21042725085706138,0
980327,0.5990622469398019,1.4641148290959494,0
558177,-0.4564252132869052,1.3279445322574934,0
332957,-0.5197084934382665,0.14230642672076754,0
45419,-0.32243528508976593,-0.2025858254731458,0
638950,-0.5341942732665984,-0.21303186151065653,0
283769,-0.47044520131110834,0.4423244932261663,0
754667,-0.011060470524598768,-1.577486959350769,0
829974,-0.1262730653732653,0.38176112582087945,0
343656,-0.4176388479580102,0.6620183450134945,0
535599,-0.4291008521845169,0.16211188499732737,0
883513,-0.4109079200904596,0.11399025728216543,0
923119,-0.2868306243236171,1.0955850552130613,0
164288,-0.3742586402660445,0.29098140921947463,0
408174,-0.6592379526548603,-1.0217926339667296,0
916805,-1.0713628348868032,0.17363714899437563,0
746109,1.8587948737182334,1.3286618281547242,0
821462,-0.2865824271934691,1.0080700594824268,0
160576,-1.0293875629207498,0.7493695003179147,0
654444,-0.3450227701552797,-0.18549642660796345,0
262341,-0.49579335848333606,-0.7876346003490045,0
176594,-0.48146502781525613,-0.9987726693690158,0
89930,-0.5968547353817382,1.4480973287547927,0
230242,-0.5322674905393222,-1.2520159150410328,0
344846,0.4872618064006117,0.7254633757628656,0
193320,-0.39909682971264554,-0.5356050892333102,0
599590,-0.4077637807547741,-0.19499412847427225,0
739086,0.6234399622054492,-0.41226104723848983,0
429822,-0.4189608482805362,1.7183068298046253,0
865211,-0.4394243186968732,1.0421129647718799,0
12942,-0.48442001701149356,-0.4087693127288435,0
581723,-0.42716362413255476,0.9438494688614962,0
549315,-0.5497309187449734,-0.7805658111722461,0
671663,-0.29449293952299593,0.1386815377252981,0
857382,-0.6139489254931727,-0.9720967621735851,0
769155,-0.6267028765009682,0.4666436635783297,0
354250,-0.35364408954361626,-0.63282293976735,0
378840,0.009111329572444857,-1.304306220564547,0
131622,-0.5584135179245968,-1.2364514109837073,0
403726,-0.44216204432792233,-0.07265381162675923,0
674110,-0.24962647790421472,0.8481289097197775,0
924660,-0.5250818589297636,0.1065379530847467,0
269000,-0.5262354809270509,0.6265612118578472,0
53208,0.5651378498888312,0.32868119846459415,0
867075,-0.681391193923983,-0.4802679740258025,0
528100,-0.5093296518537651,0.7672584064958263,0
396423,-0.026582679906685808,0.05127946905729859,0
441983,-0.0005526728082256298,0.5681857204300622,0
277693,-0.5707185404596505,-0.23918519430591587,0
858087,-0.08472618800857143,0.784680131370521,0
678851,-0.40073764996242417,-0.018598055798150596,0
948518,-0.452410931140128,-0.6127959560091275,0
444970,-0.5833692104156127,-0.7916886941599072,0
546586,-0.6838289339270915,-1.390731698763505,0
879303,-0.5977196963579108,0.012062509347539552,0
223037,-0.26167324281084364,0.09304412051320107,0
177771,-0.3620045399526101,1.0258209213123621,0
242033,-0.508871042938976,-0.07509755353021771,0
53824,1.0623933501090417,0.14138243339390844,0
140738,-0.6959489412294736,-1.122649097610613,0
597452,-0.5342755557953711,-1.1609314379558269,0
832856,0.16969747113227263,-0.11477713961193944,0
434603,-0.043267132748803436,-0.5529857045308306,0
189075,0.43891519111268834,0.8915650265188129,0
497885,-0.09475918825304404,-0.9204980959916272,0
145836,-0.3927942371749716,0.36019640656047985,0
527941,0.1991913627632035,-1.5843322603279655,0
149700,-0.5862852042513976,0.1065665331839744,0
274484,17.463503349411134,-2.1973728396201984,1
29333,-0.17072786624437625,0.36646554064049836,0
624400,0.6503208543991124,0.22068437101281513,0
69211,-0.35749369968235317,-0.9301451511687423,0
162894,-0.42222972486949006,1.3212199775959688,0
906989,-0.6435682376172913,-0.7243328048096593,0
129164,-0.5350286635270396,-0.427133618847292,0
766730,-0.2926502087183711,-0.7649241590499257,0
576954,-0.3267951968476025,0.653796922069229,0
471297,-0.07454449755799553,1.3787504406776732,0
956652,-0.47603381194942457,-1.3796039709292782,0
295888,-0.48003135948815495,0.023467424838363764,0
219553,-0.5436622690554302,0.6528462980680243,0
83240,0.23275004733000348,1.4151404937086467,0
738445,-0.1337414657241629,-0.07690364052714878,0
654292,-0.7043086441986189,-1.441200995330487,0
171388,-0.31925792560164906,0.5936369833119954,0
398938,-0.49319444367029025,-0.44105137497856495,0
943744,-0.18345144320762694,1.5582481536786699,0
307234,-0.9721107646694107,-1.3404050029241663,0
444072,-0.07309672514058112,1.0672424730204912,0
546830,-0.37916703274199115,1.112267188573129,0
807492,-0.7266023689379061,-1.6140721153317612,0
770068,-0.5357137309335562,-1.6792228466467845,0
160796,-0.5447265815416265,-1.5317675132236341,0
979241,-0.5807285823248916,-1.316155436785894,0
532288,1.8564125595063505,0.326808675798413,0
716706,-0.24901325447342773,-0.2653461051585574,0
817710,-0.7094994976689394,-1.6084653481791484,0
759499,-0.3962425053144919,1.1260086449250835,0
179128,-0.3289200436345008,0.6993507369170905,0
931089,0.21735138266308507,-1.4120861984744266,0
930516,1.27007892581618,-1.2904415442045427,0
814000,-0.5287152884607389,0.07454164591262366,0
912012,-0.46163668462158225,0.8064849713461865,0
48601,-0.4874404517462897,-0.5334100196480481,0
354740,-0.10000459169384683,-0.41926874182411433,0
172556,-0.35809870460326787,1.4172497434510472,0
621842,-0.27777192624113795,1.2350016547323028,0
287783,-0.6378834182904803,-1.2501589328802285,0
192843,-0.3588787385546429,-1.1020356480778306,0
661461,-0.5117251746103275,-0.29453533066423304,0
80395,-0.5143083039224838,-0.25502909748665437,0
302318,-0.4582266084628306,0.40693116160361276,0
327602,-0.7744752494783247,-1.5883026750728035,0
425598,-0.3311091731222676,1.382109207509604,0
768203,-0.3644695022696783,0.3990906630509104,0
809570,-0.6870295645544808,-0.8031386853821134,0
166254,1.6821919527158693,0.5543011983431636,0
180436,-0.4514214257658013,0.17556116215496567,0
298958,0.7493787930803049,-1.5947186380463725,0
821853,-0.7019027451057822,1.0619402987452116,0
133319,-0.45694193039825887,0.3389540316640195,0
902757,-0.7896332655284848,1.3384033356028875,0
197334,-0.5880565425523794,-0.24240986189465688,0
637286,-0.6133886248949499,-2.0014310962516557,0
670477,-0.5457029142733718,-1.057757107989122,0
414264,-0.008134428663885388,0.3940146077073815,0
886987,-0.17314409838251144,1.319147917096521,0
264362,0.16529172785689183,-1.1619206350370859,0
642359,-0.5594853029142407,1.3506530742093845,0
755463,-0.6424861995848961,-1.5397979276012619,0
14361,-0.5214810559370444,0.5276979518866077,0
37108,-0.22912027613323457,0.568753291727574,0
856345,-0.5645824518975397,-0.5777585345797384,0
679272,-0.4509894511859758,0.6299329111336843,0
255700,-0.5957304919107415,-0.19381042825536193,0
355095,0.6389601961816566,-0.6170892520723004,0
191452,0.4292092717324651,0.9255527309281141,0
274594,0.06103835602856913,1.7224490844798748,0
944738,-0.5188262019167194,-0.6390195750445486,0
825531,-0.6013237765162485,-0.9908568340419993,0
154133,0.9320820030539536,-1.5693349300531703,0
334123,-0.5462128720439042,-1.6924829705413154,0
653607,-0.6141978955827074,0.0328671985873323,0
107710,-0.49551799928952955,-0.8984611046950419,0
432940,-0.6591717540947059,-1.2428968796233646,0
163820,0.5691878570951087,-1.2535772712622975,0
521040,-0.3668976633179773,1.1651234526050092,0
127094,-0.3709408203274641,1.19000833683454,0
308491,-0.09678096538185772,0.29427199173859114,0
141709,0.01573461966563983,-1.0098623693238888,0
393128,-0.10678560341959016,0.8096139158216233,0
427662,-0.6577678147633991,-1.0703205052489349,0
371488,0.5924932417555282,1.7414985962814435,0
592551,-0.4859506300009881,-1.674878087360009,0
791856,-0.6235185324325904,-0.5993755189483164,0
728705,-0.7355991229662717,0.15926405018764955,0
497239,-0.5597304186028162,0.6913556501132169,0
630075,5.08589047503053,-0.871443799319682,1
218204,-0.5479313402837843,1.0027928703091589,0
849030,0.5959688686663158,-1.1812943183047047,0
868490,0.2991345654180959,-1.6058871906518473,0
21407,-0.6603945864155777,-0.07869697050436447,0
781285,-0.5924858214880504,-1.207236976287908,0
855817,-0.3700904099585386,-1.3020845850858922,0
874637,11.132788777402375,1.7854347958867802,1
876225,-0.4576285879145838,0.3115268382395872,0
809409,1.4951427330326463,-0.12531254489127652,0
113312,-0.22199787616590322,1.7011146295280928,0
41358,-0.34462356706049013,-0.04161855656027555,0
284661,-0.41071335652211505,-0.21066095839710738,0
272778,0.26292365896857955,-1.4952806703800012,0
910851,-0.6476034785341087,-1.086553952859917,0
306389,-0.12090258025420522,1.3860429470067361,0
699514,-0.7108899092645448,-1.211375444037145,0
352400,-0.3666378352090684,-1.1866547721774539,0
179964,-0.8915400948754241,1.2815404523902072,0
365802,-0.45891399262586025,0.009031546672897534,0
610593,-0.5081559814796492,-1.6038015350703212,0
824664,-0.2714022306649012,0.22995431319996237,0
749094,-0.4071552185833975,1.273160616752135,0
482310,-0.43690053748454644,0.20251454079999945,0
806884,-0.50363659460679,-0.6241670716924743,0
926205,-0.5850874798668415,1.2651532000405008,0
856782,0.08971220130564306,1.2216353063083591,0
23842,-0.5979056264761562,-0.34418191096198425,0
62917,-0.5953566275818326,0.6453939869229336,0
417465,-0.4782536909773868,-1.8815691944995263,0
103009,-0.5768655386746868,0.7296250770505355,0
922275,-0.41136361871113214,1.4206887479335915,0
412791,-0.6208317268528846,-1.6576284181469383,0
287986,0.6844269427138769,-0.38061967190310936,0
436461,-0.6231424223434355,-1.4842868273104752,0
440982,-0.5938471950873636,0.1167571456764978,0
676512,-0.2566176938333957,1.6152960877174203,0
821786,-0.4892224285836341,1.2498958883481253,0
825325,-0.3528318726190988,1.8603565905289394,0
636137,-0.47882741746920404,0.2092620691650484,0
955482,-0.6878780227245216,-0.581863728573286,0
235486,-0.3051925665699275,0.5244892669860042,0
740839,-0.481631615389454,0.977655614625644,0
232575,-0.3184810537172893,-0.33450553203545785,0
875659,-0.4624925470583853,-0.6754217763696451,0
890958,-0.44957944900606855,-0.10003825173214508,0
874857,0.1530437867868261,0.8312487938286036,0
471234,-0.6091333425756936,-0.7001368138114004,0
285287,4.927843576757755,-0.24193018633126875,0
540804,-0.509301988403997,-1.0714059662215283,0
809994,1.800288825059674,0.9856019371713931,0
847972,-0.4060068516054491,0.5440787840818273,0
936421,-0.47050546784813774,0.04903522934522681,0
246454,-0.4777707804714012,-1.429194337065474,0
297776,-0.3468946405745922,-0.3118464056407057,0
833902,-0.4690878228497897,0.6136760802794607,0
61991,1.3939603280653168,1.1346436287227903,0
511569,0.23956593194329634,1.216584996622795,0
866761,-0.3828263275627922,1.3354324039090097,0
192943,-0.2531167118734097,0.9256803166479101,0
857810,-0.4917748827611321,0.5582947181242426,0
417717,-0.27419391193762677,-0.3962208319405155,0
826634,-0.33015508778342395,-1.0146956372585814,0
897061,8.136317148470098,-1.2393645924597598,1
480656,-0.5259585974179344,-0.8459272794959114,0
741606,-0.4841702171284811,0.6933622285401362,0
393117,2.3118797917184892,-0.28690345802195655,0
186135,-0.5927040329787729,-1.030723016677725,0
626152,0.7486201888902984,0.5194650608063104,0
19876,-0.29866748395668113,0.6123518326808322,0
420233,-0.10076758543993941,-0.4388232125070419,0
462366,-0.020399625247724176,-0.4203230867663422,0
435426,-0.2504018837994298,0.6069020261047205,0
711401,0.4860907652017963,1.242683170994235,0
243869,-0.3875314716518966,-1.352194964232688,0
524383,-0.546849478889341,-1.341750340811358,0
626432,-0.5435492135423038,-0.9584930048729473,0
501222,-0.8941750344158472,-1.4481960539798382,0
675419,-0.46260760219986113,0.5835632256586482,0
833118,-0.7282422275980017,-1.4725719219103823,0
830490,-0.29893531972621323,-0.17855929903175163,0
264375,-0.4482771234786328,1.2978740478871797,0
442653,-0.06377626091842846,0.222979488090472,0
629136,-0.1918416761395417,-0.0783241481574416,0
702430,0.045395143788942015,1.052167592657797,0
440023,-0.7096189881456753,-0.5668309491117481,0
215164,-0.7318709879974943,-1.585672187327211,0
14268,-0.18928454348503854,0.40825110068995907,0
150450,-0.472775583755697,0.33869410039870473,0
552697,-0.5725775822422959,-1.1133820304128323,0
286281,-0.5408290723675858,-0.5525261100947148,0
204158,-0.5995147292132406,-0.7790062912772759,0
698365,-0.43929554229242496,0.39726850417286796,0
257209,0.5153467951192919,0.7445318978202874,0
795383,0.04330772051007006,-0.6243571539964295,0
638879,-0.3986630600919587,0.6744126069388502,0
537835,5.189271866264763,-1.2195349133358269,1
519768,-0.5227598543035814,0.03405989355466681,0
687720,-0.6274437166851808,-1.1236508302707435,0
439175,-0.3301086743408672,1.9171002691684529,0
740475,-0.49394328633302276,1.7004100751091349,0
602302,4.5133789904473245,1.6276419605361148,0
578037,-0.45017438249729014,0.8859046151517059,0
345061,-0.5217268507529463,0.28963580815653084,0
1249,-0.5431446819044365,0.0005845993329202914,0
732217,-0.5868362426240114,1.1447353403919653,0
7991,-0.9972591246903484,-0.045094374573693016,0
762265,-0.4767023513561187,1.5165721806289814,0
462037,-0.4396762928874948,-0.23803105075459322,0
811341,0.011313278343636029,-0.43058754073433164,0
77090,-0.17607457038622285,1.2650122222829705,0
518504,-1.0725200833894284,-0.467576247405319,0
171953,-0.10648700120053202,-0.9599951032171483,0
553537,-0.5500600431200318,0.15627520897442426,0
155953,-0.4594391982482247,0.44648839797003953,0
736439,0.5020785007238943,-0.795054426445686,0
843871,-0.5207990427251629,1.806182593799068,0
729340,0.9169394853437,-0.2491140896032547,0
45537,-0.09529477106593758,1.001549123147701,0
864714,0.31373545698286004,-1.3458043370828536,0
358648,-0.006438437975394527,0.6767784689434971,0
295038,-0.4623137048525246,0.3496663348012212,0
986422,-0.4401758352599282,0.8537999050080628,0
379856,-0.4540713794486336,-0.1916977913173886,0
21296,0.08287995786792227,0.37720493708221026,0
674334,-0.4190515233644176,-0.19564516904968757,0
795519,-0.6230725258978935,-0.18651825427837493,0
552167,0.020768801885882836,0.6868619772638865,0
773642,0.2696602522418946,0.26174938847518375,0
950489,-0.26772396288523714,0.7344066420940364,0
585151,-0.44161583347681727,1.3505580866566176,0
562049,-0.5914748571183281,-0.39717132554635154,0
647606,-0.3445756063253193,1.3943404881271828,0
305204,-0.5570153667505598,-0.7383851852308153,0
790519,-0.5272050998928538,-0.5242118490026332,0
297786,-0.4095611875385234,0.4438760844124101,0
387626,-0.3411340569974689,-0.161586761221354,0
929981,-0.46364142801638997,0.39160574379817176,0
974789,0.49193786882271934,-0.6756667819599677,0
990042,-0.49998860497150455,0.8317481027809069,0
183734,-0.6183236207532757,-0.39269825977894257,0
725284,-0.33657180642792267,1.460212521610687,0
939255,3.1040176318944397,1.0887411305479289,0
364747,-0.43233581327627846,-1.0947532550283736,0
890285,-0.2873045285972144,1.0119611705336216,0
627676,-0.5727685326026646,0.8514839470965473,0
956604,-0.41383898314237644,-0.6759861259581437,0
151891,0.15461342586564644,0.009384618238101538,0
536720,-0.3107231960419012,0.3847403452132889,0
10957,-0.49692482439439795,-1.3124054422326825,0
330810,-0.25468929384863886,1.099683743528285,0
206042,-0.5031810468287002,0.6382009102490068,0
485155,-0.30551223515558956,1.3662544172506177,0
956022,-0.4716183081236857,0.06223059129878,0
566030,-0.46407495582419295,-0.1292914373415679,0
806893,-0.30522032753354345,1.0923671296868547,0
613594,-0.6603187448384684,-0.9128899531214583,0
918843,1.5871434017320944,0.7104701660740205,0
444269,-0.42413937282740877,1.8441833914925987,0
87497,-0.37911523726246826,-1.1139020765642214,0
182612,0.6969576372075924,-1.0100277772785864,0
116224,0.4829962759515274,0.8887989010963064,0
732669,-0.45525101624064784,1.4991018739685613,0
74658,-0.6095831469328532,-0.5999343513445538,0
349659,-0.5160158290363306,-1.5504653019316381,0
517620,-0.272624650173708,-0.41863472115224043,0
507504,-0.500551908267602,1.4877012962550475,0
530747,-0.5417728039310138,-0.42509067548599283,0
889967,-0.41329811164929137,1.1514530340674072,0
68299,-0.6362975972235538,-1.3019496425293553,0
866738,0.3692092191262664,1.1772363921885785,0
227133,-0.46742399853476496,-0.4736120578179663,0
754606,4.521406984506818,-0.271138390125903,0
552912,2.06471324144782,1.1269909573795378,0
186840,-0.5362839105232963,0.0441506426639503,0
549143,-0.5303888943024494,0.2326451978439147,0
560543,0.19924184698435426,-1.1061072519783501,0
397291,-0.7900895014190188,-0.34017412364565736,0
638137,0.27740203861022833,0.6450673795239676,0
537093,-0.43033245020302674,1.5327568604074713,0
484979,-0.5540749533520225,0.17568144835767768,0
510871,-0.4420119285221252,1.8084290404782344,0
343354,-0.572593936373432,-1.5403402818547471,0
55465,-0.6341617590460507,-1.5496399538902224,0
262503,-0.5148238278865599,-0.39714380096737667,0
620974,-0.2980694571248489,2.2587384807703383,0
790089,-0.36677288876001934,-0.27600733312051834,0
311615,-0.37346870338453514,1.6030297479444235,0
475691,-0.5697700433259648,-0.10588305000127404,0
79060,-0.3810909910734967,0.9862963429534158,0
742448,-0.4037457631606332,-1.53366429638223,0
492232,-0.6956671983483058,-1.0275116697058777,0
24841,-0.38535393436861476,0.21081415214734955,0
327404,-0.22026285010555036,-0.23790412377223752,0
70215,-0.39936233406174815,1.014012292020951,0
959106,-0.2455523950269527,-0.2682046071228654,0
89443,-0.5764844833029387,0.04331196277489941,0
665722,-0.5292436116911279,-0.3313525006582235,0
495197,-0.5610844649089387,0.4057138670345552,0
700341,-0.5868816296358904,0.5463415997815878,0
361245,0.11109794920567671,0.6893324305656885,0
784438,-0.4313815736623067,1.2534718602686359,0
479868,-0.6519337774357864,-1.8280879696588344,0
501530,-0.5509951668801658,0.1677575480328381,0
946405,-0.26157660005696115,-1.3575368079046224,0
636851,-0.24372832802980957,-1.0276133043845868,0
297289,1.9461949817565638,0.7716790914870064,0
284220,0.11104978999136908,-0.07704798226430909,0
76764,-0.8969288135147642,-0.06081238764959607,0
962097,-0.6738268394340622,-1.0249137736482405,0
306761,-0.46993657524753096,0.6067380071658534,0
227579,-0.29437313586260067,-1.0201813790202205,0
55924,-0.46395812659975433,1.0911548401809494,0
512976,-0.4055666944326442,-0.4023961239177935,0
464495,-0.12574683943225448,0.6321464010308875,0
403606,-0.04293743301938645,1.1131322490657005,0
375487,-0.22082015036572153,1.1772564241942045,0
390606,-0.9797542190091124,-0.368752117915632,0
66912,0.18035019808799502,0.16942635349028273,0
861101,-0.6422509555997948,-0.7373709426235361,0
290620,-0.6151630559016678,-1.1975237818032463,0
706032,0.11344175803746331,1.1732834857412118,0
612563,-0.4489825324220971,1.0091234106323848,0
761738,-0.28508420135537443,1.4530090610902457,0
756905,0.17376895284187582,-0.7436725177895286,0
904149,-0.33865360946816525,1.2011084011151711,0
62320,-0.5401805014766559,-1.289834374057796,0
678304,-0.493507375833466,0.23456402388598835,0
491264,-0.32484616122660614,-0.6277837674467123,0
390423,-0.4529084137592318,-0.252760718255665,0
247012,-0.3744006682551706,-0.08759572088973025,0
632697,-0.17794954340583,1.6080612841007142,0
456246,-0.4699819503315476,1.3996841387211894,0
830147,-0.5283804072862922,-0.7784497909920323,0
32460,0.14690333459974486,1.3528584669102248,0
251964,-0.6088705068352517,-0.7977834470975613,0
611333,-0.5218890450349207,1.3233720771848652,0
710063,-0.5034911982756616,1.511590527312568,0
587117,-0.5774317074172082,-0.9655207367962765,0
7536,-0.2395568208746467,0.18088977614564797,0
850360,-0.5180466012193892,0.09001480491938013,0
132270,-0.00039896907264417783,-1.6652929686977318,0
738531,-0.36489019244274373,0.3742959973276119,0
851852,-0.9877801847359926,-0.5681047938111552,0
98655,-0.5839121086831245,-0.17101062088540472,0
383474,-0.051582579572785774,-0.9683042864528306,0
501331,-0.41625728642778587,1.3302872224754518,0
660661,6.1457932981809895,0.7941917274666747,1
666199,-0.4903686280978882,-0.664115613278553,0
108255,0.9051425254951668,1.455343443991377,0
2593,0.721102783247384,-0.43450602394982046,0
829857,-0.5902443010195844,-0.8514700416293408,0
973967,3.701413574252266,1.3393631242415533,0
148812,-0.23109016906405405,-1.7836890483793022,0
699155,-0.12660495662174062,1.5768689848410464,0
26910,-0.5889201508306489,-0.3164485339492936,0
640401,0.23116008135512103,0.02221845596826458,0
25672,-0.6871977800106153,-1.507303201333425,0
783006,-0.6883063130050886,-0.7031088183517916,0
664059,-0.6290312545625907,-0.21971454555930486,0
953552,-0.9946670505727765,1.3415098319807788,0
630566,-0.2683697934366528,-1.2010254898400137,0
334041,-0.49631092744292415,-0.11581338637689657,0
749164,-0.9658254326549762,0.32885375308302656,0
257225,1.2963955272878034,1.9393636845308415,0
189147,-0.5348289677865588,0.6775080904702392,0
839201,-0.5937449932780992,0.5543179004712898,0
121188,-0.4017907815190606,0.03614581940263564,0
854743,-0.48214273377758776,0.3043237597551143,0
673422,0.2570279395316484,-0.2821950403017665,0
881048,-0.5512339681558873,0.21617372708581203,0
594067,-0.4607224087784149,0.4339627646450803,0
792108,-0.8310910545495652,1.7588238919645245,0
404789,-0.4903196896515009,1.4275641680545126,0
559674,-0.09210418615296181,-0.09860790833908294,0
226595,5.436862991217593,-1.9408501082080674,1
753157,-0.6055513622566014,-1.0367595667505596,0
811816,-0.34331781008250456,1.3877018374507124,0
929761,-0.7372585073819262,-1.281732440348437,0
384971,-0.07910633401741834,-0.8068655602219904,0
899798,-0.21870717902411416,-0.3117594065009611,0
667278,-0.4839641981083696,-0.23171242139863107,0
662010,0.01645262562769918,0.8785182564358032,0
159423,-0.9868880680308529,0.6670873846772306,0
315858,-0.32536040299536373,1.5270255981618381,0
569790,0.2813940318580472,-0.9969703284183741,0
902663,-0.46319975727560214,0.9730718762637576,0
507356,0.8134294644489399,-1.2896803418273195,0
419266,-0.42229106342076345,-0.3473089504006395,0
354899,0.27071371175490194,0.07094563214172168,0
246846,-0.41488849638249536,0.6630114953656937,0
168129,0.9682252126606186,-0.5133024918281819,0
292544,0.5822878408344836,0.42626359245238415,0
278388,-0.5071647271380323,-1.4084311502780944,0
858681,-0.3171533364540271,1.218453927079537,0
871961,-0.5124877498173047,-0.318439695823358,0
332765,-0.42323697407427263,-0.39612248961326335,0
218937,-0.27590236907999777,1.4159422503283121,0
173959,-0.566175328065617,0.12359066351455975,0
715262,-0.1309886483790869,1.0563907541855715,0
769101,-0.5298318874765116,0.8626282854827794,0
213461,-0.7079849368565319,-1.3031049293854948,0
41451,-0.055822041020721996,0.45560427974242196,0
25449,2.9911689084820874,-0.045319638571970515,0
527612,-0.5776684704417855,0.04317339199163791,0
508737,-0.5086261617394151,0.5009314542695853,0
438388,-0.6171428553748435,-0.7831173375710923,0
338037,0.018330992007167188,0.6084681094992317,0
650252,-0.7229718348077337,-1.6303525339999814,0
701139,-0.26106496746803254,0.7525239344586321,0
899620,-0.5420670391434301,-1.2135272059035247,0
871930,-0.4106019459254701,0.044560336180361815,0
184862,0.06707882671679985,0.3959758691743442,0
820548,-0.49262817840278667,-1.6033372689639158,0
553703,-0.5755711573396326,-0.3775952372776153,0
221744,-0.43214683311435637,-1.3938565446899163,0
840365,0.4453711264718645,0.9578287203101641,0
850774,0.03327535321580633,1.3774086419685454,0
47372,-0.5795937987589028,-1.2564654379366689,0
621128,-0.5559271283585702,-0.501759681498707,0
718195,-0.6061038156253736,-0.8547406843154763,0
831822,-0.700283438808703,-1.1199824919704333,0
747783,-0.21907409039731776,1.2643366610266558,0
817692,-0.3116607796332129,0.8479998708513996,0
687608,0.2896917981082107,0.4976949622909607,0
590676,-0.6252430018891613,0.21700321534729078,0
618828,-0.5093201841468313,0.06032632647570181,0
444511,-0.5759798257450359,-1.8120906262405256,0
569511,-0.2870554621289721,0.6094266915235665,0
786119,-0.48065777809308424,1.4831863018095326,0
428379,6.655754975972323,-0.34040637562067344,1
957541,-0.1301341926766668,0.7437717765062338,0
511947,-0.6650671892697358,-1.4543140612821839,0
537281,-0.48801931776071444,-1.4046322426115292,0
441092,-0.6156430845016473,-2.0424126604010486,0
568830,-0.6323794617015971,-0.882601574584912,0
336556,-0.6113182066513412,1.7580020723832621,0
789065,-0.30116514359694685,1.0518608160848801,0
429123,-0.6553604125227337,-1.0925818138720294,0
480875,0.0567856695298981,1.5956966382818287,0
63991,0.1005564385735977,-1.8427090860034832,0
250853,-0.4933066378739512,1.460923911813359,0
162859,-0.6198312094281876,-0.6186719139797895,0
495372,-0.8218780638810553,0.2271093386538438,0
304519,-0.34750352160156056,0.4779112200757912,0
169004,0.6410131443934249,2.0521992044938937,0
963823,-1.0320512697189046,-0.08993253777405164,0
459827,-0.051785071039359296,0.6006025408518086,0
397615,0.7454559391395975,1.057279851222437,0
799906,-0.5083697630420233,0.3890845669647803,0
102540,-0.399987293110997,-0.7141349132555853,0
55707,-0.2191588712223406,0.1582884705269471,0
93676,-0.2939791216806253,-0.6223823452587245,0
983916,-0.21214160874958582,-0.18510156015554713,0
759046,-0.05968805112099502,-0.591029489896358,0
950433,-0.4017011727311618,-0.14450692793730213,0
887101,-0.30005386208216633,0.16124071593627662,0
519881,-0.349384526008783,1.1760457049224793,0
546867,1.296223686834693,-0.7403189272825533,0
289245,-0.47866186549159784,1.0667212488225746,0
789099,-0.3804070788205516,1.1889352279963918,0
607446,-0.5208127498054832,0.8033371386266399,0
53563,-0.5650334283537766,0.37170104320823283,0
484519,-0.593287800231855,-0.969586998932447,0
164234,-0.4867412807666351,1.1128263391488205,0
266987,-0.5437002573739736,1.004893284883342,0
213517,-0.8847528941462212,0.35140248334768676,0
73637,-0.5762005666876159,0.03211523854617417,0
452709,-0.5066963819923338,-0.5125134951173189,0
240863,-0.24801177951534645,0.03507852174683179,0
719153,-0.635200899436363,-1.10380647527568,0
2726,0.10360105297040832,-1.3788004269121834,0
930942,-0.3456937403435749,1.619600178664666,0
179679,-0.6267699595100129,-0.5215613367530415,0
146325,0.11687726153816277,0.19872007579616394,0
94478,-0.5469728183336405,0.10106673512393091,0
402657,-0.20652408408872328,0.38848282935957373,0
361146,7.9599403290945245,1.6359896282614723,1
327946,-0.4452225467569852,1.239044875092157,0
957848,-0.6664139664087224,1.2159858453118964,0
283012,-0.5094018105047471,-1.403419358837793,0
304700,-0.6852767708475497,-0.8472470367361953,0
487126,-0.4983432612571328,0.05971426205855687,0
24318,-0.4791680544084084,0.2873168511453185,0
174290,-0.09696106637110133,-0.6621185048204569,0
10036,-0.5784938695921429,1.2467055867267065,0
15276,-0.6096040774103227,-0.19350008490365872,0
464618,-0.7645372558819068,-0.6910278855503383,0
250328,-0.2647691249287125,-0.40093429401478514,0
640039,1.6618563266702906,-1.8566863204988195,0
492572,0.6656508230163475,-1.2033045549365966,0
94474,-0.19781349590506447,1.3219387826608433,0
998861,-0.4781663341382806,-1.417574781265423,0
241952,-0.6434288702671723,-0.3852122477802035,0
966291,-0.4174524746890892,1.2961679995261715,0
904701,-0.4759399603479194,-0.5163160857628253,0
186123,-0.6039727206729806,-1.516169358921684,0
889909,-0.36350916265465744,1.90434023115703,0
727005,-0.48278010299723434,1.657485201218053,0
715908,-0.5041077200142619,0.5091991437100841,0
502891,-0.24018800959273204,-1.1532431905678033,0
884288,-0.2865510109397239,1.223177365918101,0
962574,-0.45568095134693737,-1.1058755355182854,0
515166,-0.6740358867825671,-0.2866208839193496,0
33081,-0.04296461774590331,1.2752339936491839,0
108653,-0.3006106273015867,0.20247800913738886,0
925191,-0.4535730593800011,0.9991697245912139,0
61420,0.590667577486899,-1.5580793287445858,0
390865,-0.40044160591520017,0.6585672905927439,0
281283,1.9346483567290738,-0.9424386894041634,0
571616,-0.5864605449122259,-0.25874884629951345,0
482054,-0.21478414449970878,1.1404949165383906,0
64904,0.9775081275218535,-1.6771126931343183,0
305340,-0.37084505614024804,-0.9473788112873422,0
231249,-0.520746041499176,0.2616860801546453,0
861602,-0.5213160803380039,1.1245607522804768,0
51943,-0.6427474856692507,-1.6209919929171204,0
560785,-0.34462308604978525,0.19232083028087535,0
567902,0.7768629865264433,0.4100257828761482,0
131409,-0.27514245476030996,-1.1464166160754732,0
200965,0.9674317422557374,0.9470747380037937,0
214732,-0.44717810649984063,-0.5824707973128691,0
571341,0.7935499321035199,-1.0345241593245453,0
319381,-0.43167832559480684,0.17223460326078943,0
153152,0.5138671301063641,-0.5688177609064263,0
703140,0.12393868382579233,-0.0689850819667231,0
63823,-0.43016213018060834,0.1588431195530591,0
304290,-0.47977064554568827,-1.277692385488927,0
659254,-0.5627045903205182,-0.9647185571192705,0
574492,-0.44576161678704707,1.065888026401372,0
922384,-0.5597950857273326,-0.39539077326594463,0
773288,-0.5456086852047819,0.5828519839023305,0
88712,1.6176223790173065,1.8542283989726887,0
606103,3.9033583292495755,-0.23923978503337961,0
551394,-0.8543816324813022,-0.9152685245392596,0
795950,-0.5971694868658803,0.07699266747365657,0
728481,-0.41238447131069544,1.566845437630552,0
271886,-0.5770799264400996,-0.7522833757322712,0
272363,-0.5283771157321179,-0.7396869200793225,0
465770,-0.5249677508074031,-0.6384259269281454,0
681325,-0.585546637888351,-0.27032285646340276,0
191295,-0.3532454943035016,-0.618594345188359,0
435043,-0.5299284486907464,-0.4123965303603851,0
480930,-0.702286094445251,-1.6950235341982562,0
171227,-0.34095219102894364,-1.426359281419098,0
830017,-0.3992912692104,1.207843156866198,0
785597,5.833055900513583,1.5776198192201003,1
290998,0.6588417664720704,-0.35810676508638173,0
599359,-0.49605181066871595,0.5536276715918786,0
481119,-0.6753430212016024,-1.7303286472399877,0
904821,-0.3682579293432816,1.3592060742627126,0
683131,-0.5917626820733755,-0.3849123755211669,0
144352,-0.40330132052522416,1.0829595071885385,0
375834,-0.3931839671165242,-0.5692043641221496,0
759036,1.4222515787497907,-0.32303002345197585,0
577654,-0.5536198405891305,-0.19259633312250163,0
766007,-0.5848181929702435,-1.6071544418354908,0
344976,-0.5790727835238033,-1.207199202375995,0
15104,-0.5771746141644647,-0.2124443372754291,0
455504,-0.7362646631189629,-1.3350707532230428,0
376121,-0.640447699908997,1.562345601888617,0
391562,0.34169355029195525,-0.2538932976795747,0
627624,-0.18950466426196247,0.34150679307774484,0
711498,-0.30862950866145267,0.8183141826033551,0
666649,-0.7183125800684433,-1.3370466830911076,0
47933,0.2448117440043148,-0.9955935952560642,0
837120,-0.1967353369315354,1.4662764610170673,0
425873,0.285896184478743,0.3437172858348287,0
959934,-0.5524607141692033,-1.146451011766706,0
50512,-0.4232335109318895,0.17343249732686067,0
938055,-0.6012311520007484,-0.7788009656330772,0
806552,-0.17474125256503084,-1.0764748539355868,0
431178,-0.39630765561521414,-0.8658407998353094,0
225959,-0.6372154374516655,-0.37875325934590093,0
873584,-0.6083371649655211,-0.534470350431825,0
810740,-0.22070098391539658,-0.44425788022472745,0
396330,-0.49953333934106725,-0.4199125675307976,0
736964,-0.36892846085121306,1.7971193610669318,0
489951,-0.14626235649657832,0.4548356598258166,0
202148,7.930209036796415,1.122582607887108,1
651647,-0.2695267537949917,0.7943458376336443,0
87437,-0.47489604723634166,-0.7808733595578522,0
419301,0.124288055053517,-0.09706925369610225,0
428155,-0.6479213574832867,-0.7135479143868191,0
835516,0.04615722576390497,-1.2006898212424402,0
5061,-0.5403163909550788,-1.1085933466221756,0
649310,7.289758861537265,0.9466351015481438,1
530873,-0.6105893238354242,-0.6735627751957215,0
584354,-0.5515387896782101,-0.36140728119438187,0
640694,-0.664185317311011,1.814791920717423,0
53936,0.1253412096832805,1.0095981442117252,0
374598,-0.7839172347178991,1.1120252265262005,0
193903,-0.6468714256350138,-1.4674001645633579,0
218675,-0.357514184327403,1.4245264185025026,0
512258,11.739106114598261,-1.892407608348708,1
165397,-0.49235712007258015,0.9390025644826328,0
137087,-0.5698719872820422,0.26987860284744647,0
545592,-0.610302642835513,-0.21490457331320884,0
147626,-0.8871034149939757,-0.6411478997420641,0
416036,-0.4644314438026282,0.2130576869951119,0
532875,-0.44987192987135155,1.5597878172727373,0
693025,-0.5320509663843017,-1.8013390733115944,0
599139,-0.5002845637985872,0.540389752020718,0
101298,-0.5853196246731983,-0.07929956038843991,0
125188,-0.5978937824615682,-0.2341037488731912,0
959232,-0.4660491267389652,0.5901562561067771,0
614659,-0.17623904688400788,-1.9436727729092231,0
790040,-0.044576707286657316,0.7931157892261822,0
581272,-0.5479226558157181,-0.5804998745307434,0
986689,-0.3678011055275872,-0.16505800481113164,0
282497,-0.11244225021219645,1.074270412527695,0
25867,-0.08917574708945405,-0.9806565484980687,0
681129,-0.6436957318119049,-0.2108836734846806,0
287595,-0.349453879355323,-0.8640101143837867,0
54321,0.21745503777663694,1.3208186590200635,0
858197,-0.4876370367402541,0.10642941634046342,0
709965,-0.38407848212456336,-0.2714489584292032,0
589026,-0.1920616767194537,-1.7361823356600188,0
170538,-0.6994648452905516,0.7722391437739958,0
20160,-0.2526568140470402,-1.2769229312348338,0
866990,-0.08605032372216366,-0.28636382928579573,0
775981,-0.524489029002704,-0.16679218984691596,0
944670,-0.28251930717352786,0.19350969695832584,0
718692,-0.3940876056755519,-0.29948649037855213,0
898909,-0.5732530471038955,0.5510918963881684,0
931039,-0.3701287675400746,1.7712425208580183,0
438121,-0.5966063677178916,-0.47609831579803963,0
979501,-0.24900293156738604,0.11582982811452258,0
228352,-0.27705026028575824,-0.8878398941233188,0
833679,-0.5878046585205853,-0.4674233840173326,0
59643,0.005511005779181626,0.8756065755395462,0
800144,-0.3950133492278618,1.7834848496541982,0
244425,1.757693704611433,0.851526499863012,0
739297,-0.42206557000115275,-0.13792295460737544,0
253405,-0.615558800367989,-1.3838566907816214,0
528433,-0.42409347670535225,1.2152576986625943,0
78867,-0.6868655987874953,-1.4181055670428129,0
520212,-0.37123759401936635,-0.6437751143528061,0
398448,-0.5555870235511934,-0.2643251630813904,0
394740,-0.524320682781025,-1.162585599468026,0
461639,-0.41123443418026767,0.2946518060869508,0
324677,-0.2496204393038085,1.3070290472189128,0
597778,-0.7374081248598782,1.6983442331856275,0
566432,-0.1938803671031699,1.2317280239145965,0
630043,-0.3360796702162807,-1.0241574721728048,0
601056,1.6693314947471016,-0.24998435775494313,0
800655,-0.5757655694357194,-0.2467962554859722,0
758149,0.35757606947846315,-0.5688399415332498,0
731979,-0.6584218123789768,-0.665078849858115,0
13904,-0.5137220995564445,0.3914925376745326,0
419015,-0.38937827727499275,0.886250147488956,0
281679,-0.5206823972091869,0.6703171648876101,0
466601,-0.2344499056251033,1.0360021257170557,0
445302,17.42515907166988,0.2365194711135771,1
585822,-0.1971047820344137,-0.5541881657690803,0
460809,-0.5214068430918605,0.4348626653870128,0
319706,-0.7757499767507675,-1.3691666953498616,0
723291,-0.546401577406953,-0.9924753430234379,0
700919,-0.23776980064434294,-1.2743013575625022,0
928887,-0.5702003530770697,-0.47242240900025984,0
767061,-0.5608040982862676,-1.1218977303552868,0
228181,0.8298151521056131,0.23283629619810403,0
654861,-0.6819674000193061,-1.8449461115045276,0
267681,-0.540371688894688,-0.2864887484281879,0
125261,0.8714017207401645,0.4502100269137182,0
950257,0.42642142163321284,-1.713528657886665,0
674669,-0.4677828755914499,0.3289667022130073,0
174138,-0.5458747809968354,-0.2250903782408092,0
398237,-0.1243722273590384,-0.6769592835788127,0
882892,-0.0616285881351871,0.08179762152923345,0
188796,1.5551772335797531,0.7199832338353792,0
67951,12.996652068374166,-0.8652508190857094,1
152157,-0.19437230247307455,-1.1393403469455303,0
117722,-0.6623353353251795,-0.8709229640120376,0
477713,-0.47509771549759505,-1.6940129302281992,0
218087,-0.6068676270089571,0.037979936598563496,0
450874,-0.03279741397543372,0.8807971669209588,0
252363,-0.10395707910067109,1.2493455548491352,0
933352,0.9656201431864508,-1.6432798681725351,0
674774,-0.4450238177002205,-0.2608847852080474,0
619906,-0.37742448530225337,-1.1319902574082554,0
161290,-0.4293007794894256,-0.012385330132444724,0
473374,-0.5661571499061462,-0.5057347526648219,0
377726,-0.6039194031569155,-0.31062483434736915,0
336624,-0.029776864854501962,0.2974348415844136,0
57975,-0.5662018905449335,-0.7256793943324527,0
848547,-0.33215514510483013,1.173505523806829,0
620164,-0.590204255178656,-0.8327263180935948,0
283332,-0.39863934187975864,-0.233397434090793,0
769861,-0.30718820921906,1.6364539294575402,0
800272,-0.3478833454125067,-0.04609563054085788,0
626062,-0.5445139047705392,-0.3203280044086649,0
668554,-0.13826438867689764,0.5333913494053453,0
36250,-0.17729599564884996,1.5592134726687739,0
778012,-0.4169914391294148,-0.7907413697383953,0
886750,13.451941844593797,-1.2443528108564759,1
130255,-0.6465933713310483,-0.7897705966345113,0
547880,-0.3841455708163738,0.9154720514419872,0
420174,-0.8639700151827537,-0.740002881225536,0
206623,-0.5780667186196378,-1.2370888419848656,0
818427,-0.44469760542226944,-1.845127465353164,0
701564,-0.5805332176233783,0.37561941834818646,0
139903,-0.42552103032304395,1.538340448779373,0
860579,-0.16979870071139674,0.626999566065512,0
910350,-0.19908747547588662,0.05051086982235333,0
353106,0.4806724353309032,-0.0726246880223381,0
814766,3.5772420638694107,-1.0657144994221415,0
204986,-0.37654747620490403,-0.6754507618772756,0
786187,-0.5409113491804014,1.6354361325700637,0
368257,-0.5726629720962074,-1.155577437084559,0
682812,-0.24494384732922936,1.9132183560195284,0
571555,-0.686456205655916,0.8452592244667493,0
811753,-0.6183346583148398,-1.3699270352326753,0
101285,-0.36134860816952663,1.0722120594872542,0
603845,-0.18406349565920138,0.24433241889419843,0
421435,-0.5183672737982526,0.8789410776414529,0
617917,-0.5028040323163855,-0.29952045081877704,0
791921,-0.4323548759961403,1.7164259103152115,0
681344,11.100987644533703,-2.485905928150411,1
519149,-0.23393755916355458,1.4069797611122399,0
984123,-0.4142386162768509,1.2332915695752216,0
611116,-0.31217724436310135,0.3468195551370998,0
695051,0.12676270613645807,1.7348000953597527,0
521278,-0.49339449905545985,-0.5501646128788665,0
476840,-0.917137516820334,-0.8283800535019589,0
476067,-0.4456765555152524,0.5524655346944279,0
342832,-0.9752143212984951,-0.4756454480969117,0
142846,-0.9946771545574316,1.961446612371752,0
608357,-0.43546517100289855,0.627087780521402,0
859368,-0.5765868396351214,-1.5267845534852034,0
870009,-0.5358018375787118,-1.166947629458934,0
159078,-0.2004003307114399,1.3494836949853548,0
166110,-0.565968499929773,0.34064889255204056,0
310013,-0.5980889224772719,0.15764165347687906,0
426893,2.5483964776726484,0.7240767490410733,0
618385,-0.596905308622926,-0.10276637839069257,0
972478,0.05524674054320815,0.7574731298245241,0
771173,0.9758150322947361,0.8180983582756239,0
304523,-0.38111697516441895,-1.2373346387856126,0
487174,-0.46477045917097876,0.6999829919780755,0
209485,-0.5407962385649129,-1.1962756117283844,0
153588,1.0209241413176684,-0.5624134860158546,0
899968,-0.49906354054333496,0.6132235370906449,0
152237,2.5015203560890065,-0.2985167123626657,0
490179,1.9650632601539526,1.885865975944562,0
848847,-0.47749979366672446,1.5006531958758862,0
856342,-0.289975173841511,-1.6892962156791838,0
714702,-0.3936977509986963,0.908470485032847,0
570556,0.3640001606884117,0.6918886789365885,0
377493,9.090211267749758,3.8553504605745603,1
956331,-0.5703795905363763,-1.21907413772197,0
215466,-0.22426293397099914,0.5808635942473744,0
453239,-0.5116719862792636,-0.8283870831759467,0
206260,-0.6429836054436285,-0.7363961332503668,0
977662,-0.493251511629146,-1.2097922979593465,0
547181,-0.5644896131943401,-0.38669078742016433,0
459819,-0.5011477585503034,-0.40519744840002325,0
226842,-0.7237232062589949,-1.317273652325944,0
391815,-0.49051932953140986,-0.1633333830909128,0
743619,1.986320000193205,-0.17374446449546235,0
863807,4.773102991113701,2.746257234990826,0
75054,-0.34101099610917723,0.455899284819341,0
555063,-0.2376691681282425,-0.08788207103731757,0
929121,-0.4511678399169902,-0.2818108466672712,0
230815,-0.48527776175514714,0.5746701363240049,0
71529,-0.4457063214847855,-0.8889175933895427,0
820572,-0.3282858587499903,1.144670330315633,0
291778,-0.20195918667202423,0.44748925459183836,0
16557,0.8444929732483424,1.5038454471704612,0
888273,-0.6763389620421453,-0.011961226030321513,0
130360,4.998963933296611,-0.8997885114683992,0
410448,-0.6919205602131822,-0.9511939597720296,0
813380,1.9050701365095248,-1.548068805884672,0
809225,-0.5313333506388281,1.3730916979026244,0
376389,-0.42767714677183805,0.07854415059294538,0
884626,-0.5435488804878164,-0.41034352442233,0
55866,-0.44026769129945675,1.2555163423766462,0
205507,-0.5379260450175619,0.06307589035474226,0
876462,-0.5944529051578867,-1.2889870227946822,0
706219,-0.7031537922816508,-0.7004737805388355,0
64885,0.13328156885791842,0.7388953232459411,0
82789,-0.49183598864303063,0.08944720537434152,0
439260,0.43088441912447295,1.0455734411690383,0
521901,-0.25678989280551584,-1.4152845407915629,0
93882,-0.3162163677379748,0.9496483791740795,0
920899,-0.36921256485410053,0.31883971652115756,0
50214,-0.29777336072740895,-1.3184144278506795,0
665964,-0.3363234116723081,0.8362341549366316,0
988592,-0.5486013034831392,-1.5392064367769376,0
449709,16.584677789730875,-2.7487544575304184,1
663157,-0.6124943256287053,-0.7039033132246134,0
161816,-0.3766465885255085,0.012240984535747715,0
838095,-0.5541643127183458,-0.7595960089466592,0
934986,-0.40126012857281546,1.2855662523791356,0
479391,0.5560800188030837,1.2738486422268038,0
748459,-0.3610991612004308,0.5873708717081103,0
224928,-0.3164489997781031,-0.6900248041840467,0
17000,-0.6891612668148169,0.7106713070548383,0
63716,7.00938455312462,0.48614947535394953,1
557952,-0.6695959406299901,-1.1618263156904767,0
696030,-0.4352839464013667,0.8852635915047911,0
101874,-0.47109554948615784,0.5042141885647025,0
423163,-0.3211384419271494,0.47823735485191526,0
104496,-0.5478447728299878,-0.8065096963552675,0
336692,-0.4230271076078367,1.4027477779334336,0
389820,-0.3911303846296755,0.2815798396913908,0
60222,-0.6024067494069554,-1.7425021893534456,0
574615,0.06945030262047265,-1.6449492327773592,0
421946,1.7062595926696265,-0.0649720798460692,0
621572,-0.6133074623155577,-1.1116540647013393,0
439124,-0.17442250096285591,0.5752853615611202,0
177397,-0.33453215631398314,0.46615031632613163,0
334244,-0.3055772336598663,-2.0687904479647155,0
5029,-0.49979264625214875,0.4826152996732337,0
637670,1.5381840566311755,-0.9919897412455866,0
895469,-0.5269052575911778,-1.13399029778715,0
875509,-0.06607038787336647,-0.6675424370555598,0
221535,-0.5445606274242285,-0.17113571448434992,0
120612,0.19556682242911685,0.8620109714946416,0
481956,-0.299329026740298,0.878551382841353,0
765562,-0.5075545336425464,0.3062993734102499,0
691139,0.3103867294632597,0.3801440110233885,0
217380,1.1188037572473557,-0.07490164240191763,0
189663,-0.5044962344188226,-0.03423891183524272,0
840900,-0.5519036538882746,-0.23672354029220574,0
291004,15.377833567859431,0.26127180589474613,1
914825,-0.1266829555698724,-0.6803518440553399,0
925216,-0.6207542553248427,-0.9851892127793086,0
774698,-0.5531027771019521,0.5684910326762721,0
187116,-0.9615486611161322,-0.011211695026008389,0
984253,-0.2832162732965914,1.0023835606321667,0
223711,-0.6090902766873544,-0.9097404845245974,0
963927,3.6218162014659065,-0.06860146023178237,0
478506,-0.3214740479177084,-0.898327922357907,0
113109,-0.755853609495126,-1.0968317839631112,0
141339,-0.6312937362822161,-1.476675516085542,0
82089,-0.11264481235029128,0.7726009285803609,0
517572,0.6468814272987161,-0.6338248351922865,0
538564,0.4994058777859908,0.9526938671779229,0
233072,0.09956033782158555,0.6517787930485683,0
450235,-0.3384827436287919,-1.3324767984639965,0
835430,-0.13249872814421204,0.5646045133290362,0
881761,-0.5836294324788186,0.2269367378073351,0
212046,-0.601336965862147,-1.3324342698672393,0
696677,0.28033016392147636,0.7473952597811591,0
235856,-0.7572452911039154,1.114406399508423,0
79261,-0.4202438503503281,0.3463118886920989,0
39610,-0.7452510975939398,-0.6381028001372703,0
126286,-0.42516704253592646,1.1647343157041483,0
515956,-0.2322262920366947,0.6331673853141437,0
873028,-0.5230653043300881,-1.2805591665138434,0
310084,-0.3683686128806541,0.5998105514819795,0
259550,-0.4678433501352854,-0.5775017305724742,0
734453,-0.38724867919501993,0.2648584511576702,0
164021,0.1704163964413672,-1.9092685888666403,0
863109,-0.6848911480114755,-1.8620475517123887,0
109646,-0.5247882936914463,-0.5054037677978284,0
804707,-0.6009536626442082,0.970670001666609,0
161297,-0.4472534894013483,-0.48408006170767376,0
896155,-0.5482222730674087,-1.3180233101319216,0
459872,-0.3114198631742383,1.0059887484438796,0
966696,-0.11353224443006604,1.0033352643007571,0
481402,-0.5880835937146536,-1.3629141173773447,0
717020,0.577630111141473,0.4980763840779354,0
176928,-0.5311298214198389,1.2641166496318816,0
161135,-0.4854838513860901,-1.7057987995967365,0
919633,-0.20991010757877085,1.2155825812094028,0
188351,17.234517560318242,0.9477734649736415,1
609931,0.08230689530074,0.5139678591971131,0
913644,-0.2651448728878645,-0.24300151247122007,0
691445,-0.06599292901172368,-0.49921133573896104,0
782535,-0.5185543524128807,-1.4158948007401488,0
845785,-0.0724139309043612,0.2184154487582373,0
503992,-0.4077868184032281,0.6499688675915412,0
500564,-0.16973156100391884,-0.9647497345619622,0
868669,5.655971470638008,-1.6295562559469787,1
666154,0.7822395407003371,-2.0354455880477405,0
152808,-0.5779316925173299,1.2470845819732321,0
297690,-0.596762386000862,-0.9497001769577348,0
777903,-0.63702349195903,-1.6074812334051727,0
211620,-0.4863129905081903,0.4754342480144152,0
680786,0.9920915244755631,1.236357727780145,0
3266,-0.6621665427322303,0.1545568870451503,0
678179,0.02356324770337156,1.099776795120328,0
581907,-0.4910690367799443,0.7490595134220902,0
826891,-0.5570118542950666,-1.2873712214083728,0
956410,-0.3708519370729067,0.95289323060334,0
335395,-0.3581634084443134,-1.548017530237208,0
771594,-0.638804576429836,-1.7824011556580537,0
602219,0.03707584881496183,-0.7163217953531967,0
685781,-0.850681827340834,-1.1945606536414606,0
791772,-0.0335159744213535,0.9032888050480578,0
296017,1.206277331594792,-1.2504023700654123,0
983131,-0.743836952898303,-1.6153813635120282,0
31825,-0.19152575259027196,1.0593722232120995,0
675078,-0.7411562056433013,-1.4110773287158112,0
387773,-0.45262382512273996,1.1227213695717295,0
428894,-0.17608669012358422,0.30058163308061825,0
59841,-0.3084882691843892,0.8365333276108827,0
683684,-0.3604818068154228,-0.5140803776031883,0
175673,0.9088343174097417,1.3743645899938295,0
110733,-0.18298177239697008,0.1565987634280179,0
306788,-0.3950328040892652,0.18358946063991893,0
99377,-0.6644601942996428,-0.9200041218730313,0
910314,-0.349887626222042,1.3171418735225886,0
172133,-1.0724273889448348,-0.2297690798301077,0
289673,-0.5961461058992628,-0.2802129943888572,0
68404,-0.5289198779449138,-1.445283882672404,0
452159,-0.419163258096438,1.3157034772277179,0
237915,-0.5505596364595926,0.17167166801308198,0
179966,-0.5616888218548941,-0.29066789444948304,0
671357,-0.6558564369768635,-0.7713311054321552,0
455391,-0.12692357355471467,-1.3565853734976419,0
53568,0.28548761300387315,1.2756688740761402,0
103869,-0.2811585085347977,1.1951973719563778,0
32485,-0.6175926017847632,-0.7248032497670454,0
255970,0.44759052762972773,1.321560354191094,0
497459,-0.9494990016788913,-0.6059657337074984,0
338894,0.1231632269904203,-0.8005212968249769,0
985405,-0.615795982286213,-0.9649538408003406,0
952299,1.4558612921179581,0.5527943156792083,0
254996,-0.5115193331020546,0.11062697198052256,0
905304,-0.23602356204836786,0.8322014189335415,0
376202,-0.16966839568210682,1.5367990610400026,0
521765,-0.48799920376113154,0.8741589610665702,0
155905,-0.2840113730820644,-0.569848039910549,0
635485,-0.448328570693589,0.7809552393249627,0
845861,-0.5842741894376728,0.9811176559353006,0
124943,-0.6078012769283316,0.6306218012724636,0
509808,-0.46386253283451545,1.3567966811342478,0
204447,2.286965631287966,1.2659709695028276,0
856533,-0.6798991745798564,-1.0408403053153978,0
237579,-0.14930978292942193,-1.5671502256724599,0
294458,-0.516761308841718,-0.8984004546129218,0
258808,-0.6813414855717258,-1.387304523521103,0
829357,-0.6992732743143842,-1.548615117882377,0
458368,-0.6804928949020628,-0.9784039241989647,0
178081,-0.496836023755514,-0.7717295790483413,0
866303,-0.6377586456179994,-0.6885656576853648,0
200422,2.234786312706603,-0.1149602060875993,0
912068,-0.2730299069412628,-1.0703637623810702,0
576701,-0.45705384492084533,1.0726310407348143,0
134135,-0.5173480169007647,-0.8185751585039761,0
827580,0.15370504709351315,-1.2387204288205231,0
949631,-0.3934933624339387,0.26330702835370773,0
687646,-0.36696889754207473,1.5345574557097807,0
716482,-0.3703588548797963,0.682782771692348,0
303258,-0.5728421574797833,-1.1978652249389665,0
972904,-0.42619659488108924,-0.17470526587846816,0
125784,2.833956471304437,0.08429722875680647,0
89177,-0.2739370591061224,0.8511443686232413,0
611036,-0.6328548528340368,-1.0337282040229827,0
398585,-0.2715085271855124,1.9886013903408277,0
410681,0.511096786389351,0.40689203732405754,0
530102,-0.6780544266766028,-0.20047403086325824,0
259137,-0.10759620273098514,1.7934955572952034,0
347745,-0.47232436608320516,-1.2910571830849114,0
265419,-0.30004824235678873,-1.058617439672489,0
994714,-0.46289896379473866,-0.16129231079327533,0
982279,-0.5822253986772913,0.2850088875823161,0
552864,-0.4640401510015149,1.1177653726297787,0
771933,17.73583785979967,1.9469444045967055,1
685475,-0.45903736399816014,-0.27437671740787717,0
776021,-0.030071303106989616,0.3522659324477183,0
382633,-0.3626956908011734,0.7763004862044156,0
954171,-0.5998954498176727,0.340732471633631,0
788430,0.06552338899437492,0.9265009437256722,0
578049,-0.5644328589148768,-0.8149901840242332,0
911871,-0.4515910863165409,-0.6562201144229197,0
736996,-0.24941841616014707,-0.008020710420506168,0
755341,-0.5588196655251723,-0.30267067330309244,0
541160,-0.5226435266082928,0.7713017762496139,0
541421,-0.35302462917042526,-1.359245757503916,0
598735,-0.43340210975388976,-1.2928891402126714,0
45420,0.35013087884920163,1.003076013214306,0
265887,-0.5700769320974853,-0.8230050099023358,0
709954,0.20487697809824135,-1.0616454910405575,0
913145,1.1329050090609283,-1.1583803822346894,0
510555,0.883589104134528,1.7992932102610106,0
596215,-0.39385149843011713,-0.92457766451814,0
658710,-0.51365163728216,0.6598041212121302,0
160825,-0.4327258019513789,0.3889664324873757,0
262161,-0.46851128742314063,0.3669753931909706,0
492002,0.027537108729150942,-0.9595861096047154,0
371329,-0.2511627380716554,1.1970947164895884,0
59464,0.18767533712464513,2.187769406144293,0
235086,-0.41670597633659884,1.169532525782508,0
179661,0.5315044083398628,0.5540642770509016,0
556223,-0.49261193186942304,1.364430626871177,0
115532,-0.6024592887924973,-0.46193265234744413,0
177642,-0.6087815870539331,-1.4338222692725895,0
144551,-0.6050162183114585,-0.6530872308617048,0
735356,-0.7823196386403025,-0.2542612247738452,0
551159,-0.5839045139557683,-1.3357655070231913,0
952453,2.023662242757116,0.3649515212262427,0
283414,-0.43880266956161257,0.3478788619998861,0
181220,-0.45761653376108336,-0.5761080882683801,0
906794,-0.04678976773322839,-0.920704317080935,0
446862,5.226585992750426,2.1142038239748864,1
681048,-0.525777729077398,0.23290682598363244,0
8301,-0.5787201234713925,-0.07498532439112293,0
12609,-0.05511699674597442,-0.9903338722518844,0
423244,-0.47780200401589806,0.13358055164785096,0
248292,-0.6425811222498143,-0.5111610048559769,0
12984,0.6563756359504068,-0.7063309818979934,0
696707,-0.6320989166310567,-1.3394746862770452,0
221536,-0.5558025651569456,-0.29324929038453484,0
319932,2.1331618557206338,0.6066173745411807,0
899147,-0.43148992371986916,0.7282177080325811,0
464068,5.756099081987236,1.1307115909267618,1
959302,-0.20100380765255269,0.7128629869636174,0
909872,-0.6576421487138685,-0.940499368183985,0
921111,0.04773662089927105,1.9574334716503758,0
162014,1.7646516276635855,0.6211080770375458,0
842570,-0.48530100549747807,-1.0692643163830116,0
518877,0.908519910604489,0.12166592368531387,0
36277,-0.5759516533118058,0.11506714623716056,0
255083,0.030855689205099013,0.3036769498977491,0
115403,-0.44422046521163217,-0.20178611873925,0
527922,-0.6166129210353144,0.14523038877017513,0
893424,-0.5198473669515996,0.5336477249698317,0
239643,2.675287050459416,-1.7462786763896032,0
293004,-0.38599251819203895,0.7556955689534526,0
212156,-0.29062360496059053,0.09285946735212376,0
109619,0.561837021639287,-0.2936834842261849,0
742709,0.8794368644093008,0.8089633072809295,0
946799,-0.39535315475442323,0.4551620947358815,0
6451,-0.27140580331800446,1.271758587348112,0
205194,-0.5370498795847237,-0.16901152122673452,0
788575,-0.48365220482642063,0.7138745786346103,0
461033,-0.5831909366144141,0.7317748921730782,0
931048,-0.5748862406422284,1.3321302202233662,0
822776,0.02832268759680615,0.38321281452355216,0
465336,-0.7136699052878647,-1.8195217945020536,0
615800,-0.7334834538273431,0.5945597546496831,0
814472,-0.5672537469007203,-0.6899986467876321,0
484465,-0.29433695738448334,-1.400673302650331,0
380250,-0.3407290520851558,1.3122336057797261,0
324829,-0.3070578485066465,-0.7935684378095402,0
986446,-0.5848455067588728,-0.458010920530955,0
731118,-0.43030550141870627,1.3089247402578386,0
245080,-0.17728945243128738,-0.9178320826637001,0
577541,-0.6941701491084254,2.4374984423350115,0
111251,-0.6751504199116222,0.23646921272675328,0
403658,-0.38354104096275554,0.5285246685824946,0
392311,-0.6443637062738194,0.08216370383866532,0
972682,-0.49699307451913693,-0.2756814164952413,0
769974,-0.45378163018524614,-1.2698409341418682,0
909070,-0.39094628083442895,0.4795114935538347,0
316094,-0.35662087746608373,-0.35949155014891915,0
302045,14.490273865038484,-1.9089372411200596,1
370658,-0.47660210205414244,-0.8067679963059179,0
965091,-0.5230687477174663,0.6223034267643944,0
677933,-0.6365483690990019,-1.0120628476084033,0
265819,-0.35194701734072276,-1.2512997049908026,0
133523,-0.6892263546897947,-1.089144192490742,0
592842,-0.25534759092904025,-1.0302910398488325,0
553700,-0.48850419863396594,0.708895578610737,0
184906,-0.3530089187526538,-1.4745201972451423,0
936125,-0.5781216142347332,-0.7706397942618689,0
129722,-0.2845936248618106,0.33721423516730215,0
819291,-0.2579563868834181,-0.07651865679429483,0
459957,-0.46481637758850813,-0.5126328079380789,0
159950,-0.4170151066812214,0.8760233217729746,0
993334,-0.6525801068098382,-0.840431352373787,0
116867,-0.36729336758119707,1.3971732490869813,0
276746,-0.4322769500318135,-0.4762972650566026,0
825632,-0.5175217018674344,0.6412205935243701,0
195459,3.993149888028568,-0.7502356879245049,0
552049,-0.5436885197572274,-0.048136042372886864,0
549463,6.116330646719052,1.7813491204957346,1
174426,-0.44185253684272724,-0.48218437013958815,0
530824,-0.6440405252320236,-0.9040358315459986,0
903715,-0.48015051874056075,-0.293661774381344,0
489202,-0.40448637700424667,0.9723842746935568,0
3351,-0.42507067231104195,0.7417840184937597,0
158646,-0.6116695964368576,-1.0879942211452442,0
168199,-0.11191968778474089,0.1903033780306925,0
358764,-0.676957181080659,-0.7670999624468856,0
401993,0.005303032471524426,0.5863836939572409,0
85777,-0.462988299899664,-0.605459166145791,0
343884,-0.37798598419808765,-0.004174515464841608,0
644941,-0.5243886690207621,-0.45244573244594066,0
369627,0.5089580735785451,0.6455008391020882,0
756960,-0.3687408755945607,-0.2312352195578748,0
265757,-0.759762744908946,-1.550641875875399,0
780126,2.4814976828014186,1.1138155266111287,0
92683,-0.6183095127862607,-0.39008022994356134,0
359005,-0.4861235907419569,-0.5701015441317422,0
180817,-0.0784014165482024,-0.305302825074696,0
596573,0.06845445223014021,-0.3595441624818765,0
730834,-0.5252897139432563,0.17093640096283733,0
310425,0.9382417786227442,0.9310054034133086,0
487975,-0.124733778545397,1.5815733965641783,0
293199,-0.34146192259885444,-0.04159983749429028,0
252078,0.019842889863819883,0.6430049383382631,0
36306,-0.8137442040853906,0.11322276064657577,0
845564,-0.5860995884109051,-0.6922554293268095,0
44736,-0.45809810651133653,-1.2807335351679037,0
650975,-0.57272480965281,-0.6093405591357864,0
101493,-0.6679201922206873,-1.5582470946330211,0
258360,-0.4552392447221503,-1.3636382005691636,0
49639,-0.4120281348735747,-0.49508273027578514,0
69404,0.2712834704128714,-1.4639155006249174,0
921987,-0.1854688884885267,0.5795989111911654,0
336381,-0.5870954502754983,-0.9723685017893097,0
8020,-0.45361239452427105,1.4009376508582236,0
424,-0.3651575947673054,0.8756272910667151,0
314462,-0.5921585023263237,0.19669600945728746,0
661956,-0.6479299528663818,-1.2930265365894489,0
365274,-1.053468388831176,0.21844240833469364,0
185802,-0.8431975349228238,-0.8302789121788945,0
780113,-0.45348459166410254,1.1493446859071306,0
701483,-0.3719710125558962,0.1322681411468821,0
777181,-0.3647166596894485,0.3671294101845875,0
824882,-0.6283336373579598,-0.29838338830310385,0
443081,-0.44809999230488023,-0.19512167683402667,0
2602,12.110972099441739,-1.3898105054569747,1
163863,-0.5717369443371658,0.8738640171521715,0
316375,1.6766103428211065,0.965533149053142,0
943202,-0.5670936556823974,0.4770799915105121,0
418821,-0.3948742800870527,0.7488276506291175,0
82741,0.027226019883459775,0.959115064731854,0
607507,-1.0489984336662814,-0.39692620957643654,0
724623,-0.5878167356405266,-1.338253534144668,0
620504,1.6028387580379253,-1.2512066847366574,0
527622,-0.540690086496793,0.5953429744719747,0
200010,-0.3556302914652273,-1.9912781479259345,0
221580,-0.13539774214257275,0.3751427069805173,0
69886,0.5299586941760561,1.4627967089496547,0
626178,0.08049521280508316,0.7296204725724293,0
24712,-1.1456896810634358,-0.41567065990738816,0
954671,-0.46678379440983225,-0.009462103365529268,0
219282,-0.488405485585041,1.025920887929451,0
329043,-0.29848665488022663,-0.8904772379644941,0
587739,-0.5718091644544178,-1.2329696931288967,0
898187,-0.780997240888493,1.386391882091229,0
577208,-0.5977252581139835,-0.2979020234038026,0
942522,0.4304148010558546,-1.0030240812305897,0
546600,-0.6345697273187142,2.278089996424309,0
644807,0.18913365817770975,1.5198516964633066,0
238750,-0.11987192376342064,1.2480353696250417,0
937041,-0.8359168174528474,0.18602741236012155,0
481908,18.803577514084893,-1.3953966696230118,1
205935,-0.5536470440155828,-1.4085259711039961,0
241933,-0.30632162869312374,-1.049912701822319,0
433451,-0.2186543441122653,1.1201322591432739,0
971312,-0.6394094197316705,-0.6494388441093002,0
394774,-0.09687086896865989,0.666526022415194,0
901873,-0.28406372205322494,0.2791816072554476,0
526625,-0.4122774994940826,0.6945855592101842,0
737182,-0.3820673222389777,-1.068371587974155,0
591486,-0.11976040580484526,-0.45279171886866193,0
313844,-0.39469018559084296,-1.243892105974019,0
860867,-0.6754350396009736,-1.4567335946687052,0
323160,0.7214583850667955,0.4498623152678178,0
685363,-0.4639905889266995,0.9464130574554578,0
279071,-0.11071809090373239,0.6542430649325331,0
628696,-0.3289162699797099,1.3922185955362785,0
753916,1.2384655545476333,-1.1169232424685713,0
804834,5.1915808910313235,0.12981674397671664,1
883794,-0.4976490535452172,-0.0789892350634537,0
165244,0.008678193381155209,1.6035455866445527,0
97282,-0.8478351147258925,0.47345777912934167,0
700582,-0.33765827683341293,1.427858937167512,0
830305,1.069956358921287,1.0401062258985396,0
601035,-0.39010177001102747,-0.14867207141682173,0
154124,-0.5190456870495915,1.2356600462710015,0
184961,-0.4558940571062426,1.6835132249576121,0
715045,-0.33600542248696663,1.483919691260913,0
103964,-0.5245222729916148,0.1686294991922454,0
911483,-0.026378551075859142,1.1387287896601728,0
611690,0.35402191900922736,0.20276785413989074,0
641849,-0.619810969933411,-1.2691596179226863,0
601847,0.20752739834906897,0.8244497244290547,0
243715,-0.5800876227560092,-1.3546783296573985,0
692857,-0.5745662872707069,-0.15483675556902898,0
779022,-0.5033424762618394,0.21168981282000218,0
231293,0.10390603145545838,1.3462862014955788,0
509977,-0.19451688923796853,0.7672092666120361,0
517643,-0.016199491138372654,0.5956528172367757,0
819413,-0.4017086555055347,-0.5914227990274796,0
949525,-0.4297215239103169,0.5986489883663458,0
69154,-0.2859332472613064,1.436371628995018,0
128164,-0.6389805437746416,-0.3769075335249995,0
688471,0.7514863658478437,-0.24099541833226848,0
306497,-0.2930698348769482,0.1888059533405307,0
666842,-0.4574716438351437,-0.48889619906846177,0
806276,-0.5174702126560657,0.5041934662477718,0
880614,-0.713998307372851,-1.461733029948142,0
141136,-0.15930467822489736,-1.061072329114719,0
350825,-0.062277334451387584,1.4312886242764034,0
112104,-0.4472063750721869,0.29585389017682856,0
54904,-0.3738281648293271,1.4637067971876,0
976711,-0.5355888570090518,-1.3147227237368528,0
252521,-0.5502975750627711,-1.0462134585285638,0
977726,-0.06467761717975624,-1.2781126563145104,0
692818,-0.6830512328781653,-1.878156036931408,0
35407,-0.4477590479809924,1.3965752874842108,0
231663,-0.5804313240583698,-0.8521664164567608,0
956249,-0.13616641182678427,0.7495886591021075,0
990103,-0.9730404518086359,-0.1608399943113581,0
771768,1.6307188838190543,-0.6696382903512664,0
220323,-0.4459103607219789,1.400510020911239,0
688510,-0.5226111034381491,-0.8208363397281999,0
503428,-0.03422890740044356,-0.022325749511774788,0
846111,-0.5978948044935546,-0.6622108078528688,0
20733,-0.6536227256802974,-1.0269165733008656,0
775507,-0.2766891965841497,-1.454037608209369,0
920105,-0.004250866386607308,-0.1055761265589583,0
389176,0.22339241481451222,-0.3581546671311389,0
711096,-0.5048453535581064,-0.8354491360129027,0
135223,-0.4043083256222433,-0.19451813233299967,0
811342,-0.39724595825079695,-0.015001423838343693,0
5586,-0.533299231057758,0.7640288856511678,0
491431,-0.44921729385418446,-0.3694676624120823,0
894199,-0.4646064839947751,-0.7163955278207353,0
822293,-0.5068432014819372,0.26853536409539663,0
771627,-0.43193096069558884,-0.9665173776327227,0
608569,-0.6793964908470964,-0.4891846604531919,0
863891,0.3521988601180967,-1.0980905481103764,0
927846,-0.14092211068346272,0.7191576788769788,0
304117,-0.9024019640829347,-0.1806936455261692,0
991326,-0.030617189307968983,-0.2294650660029719,0
315268,-0.542206849058796,-1.4529539625516643,0
419114,0.822726125307004,-0.10022115700111424,0
68016,-0.5078666799292888,-0.013736519619627902,0
42467,-0.49536253544284153,-1.4037164786859113,0
185213,-0.4150095387392068,0.04997591662707733,0
102613,-0.5032102778821047,0.6639043721698948,0
701510,-0.25241234940204077,-0.41181202028005554,0
51804,-0.6937576166165546,-1.2785020774739249,0
94642,-0.4177975798776959,1.5811801417885378,0
856156,1.2003923431584715,-1.4536998902017355,0
353637,-0.691600302106211,-0.7659565309246829,0
717997,4.468765636473974,1.2784745817937633,0
568383,0.3083835986386984,1.2779676283507098,0
758292,-0.4516158806341119,-1.4524981492778,0
918223,-0.45558781577119895,-0.7708864039890112,0
542707,-0.5355798352135303,-0.7905697016000162,0
593082,1.9747041033120072,0.8678985615561854,0
18476,-0.47956203844406237,0.294924808936748,0
667835,0.28529062909802927,-0.6655477474289591,0
392099,-0.5201821267513747,-1.5081008608209083,0
489092,-0.5824961296828524,0.6698890507743892,0
564040,-0.5101039704056611,-0.5193751997585117,0
510755,-0.526733365276305,-1.2711857295547597,0
798720,0.09676798977439023,0.39882657032199187,0
771522,-0.33847372907588835,0.7540097890987834,0
64251,-0.22222140035798918,1.254628445141253,0
24468,6.603083319190566,-2.656389300180138,1
947795,-0.590277802882478,-0.5680098602306992,0
563064,0.2093513962612594,1.0478359276943086,0
572024,-0.4822784291005893,0.980443444005198,0
955116,-0.5015574591145451,1.543929455999923,0
173602,-0.46255941471024503,-0.08278210087538927,0
492330,-0.32768266666842166,0.28293438314548836,0
971864,-0.10820999032809211,0.42074773225946743,0
375154,-1.0069228851175211,0.2557020842544649,0
966874,-0.6596766010811266,-1.507475738625413,0
290219,-0.44611027808165404,1.516526428392605,0
604323,-0.3105057494673338,-1.3693322205228504,0
556270,-0.6715856860595092,0.3772220887478903,0
176028,-0.5849783617765223,-0.5835239631074653,0
374247,-0.3140423393921234,0.4040602369203516,0
113426,-0.9901793017928155,0.46114376592878037,0
767499,-0.057900160836086886,-0.7071599272062049,0
46786,-0.08363951543194122,0.41593889341453977,0
783965,-0.2904688088527692,1.9600232353674905,0
430338,-0.5911081325492443,-0.8080913913152786,0
875724,-0.5895566440773482,-0.42342484108327627,0
137989,-0.34499954749633516,-0.6265308554610487,0
5160,-0.19173503739712533,0.6551182321313802,0
232109,-0.5358226272028681,-0.89803558065219,0
601342,-0.5770622149827981,-1.6516927188132267,0
395859,-1.0570421962717669,-0.6400617968339432,0
752472,-0.15259493677465943,0.08008549099477089,0
858565,1.112209947695406,1.038684569770619,0
941660,-0.6199006661768193,-0.7384564834783184,0
989490,-0.6151116566333888,-1.0055030831787752,0
678100,-0.4158218751058358,0.4428395969306062,0
206433,-0.6849385836078032,-1.6456453303359972,0
183812,-1.0927817287311703,0.8525934161320804,0
578648,-0.4923314285530449,-0.6615805412390927,0
576559,1.0365251329197653,0.3449546718992052,0
510644,-0.3389477437197957,1.3384531438088985,0
677408,-0.5372250841688553,-0.9018954444075565,0
337678,-0.19573631290852408,0.28167009630911916,0
886605,-0.1572487698635988,-1.4563036901573712,0
542773,-0.49025971621614217,0.5393691653098641,0
454189,-0.8943560718161813,1.5101454223117665,0
956040,-0.23748350148368658,0.8485900228906986,0
997751,-0.3288233316118108,-0.39119003711616424,0
554934,-0.6663409301174912,-0.9809595456386219,0
629928,-0.24294256207768675,1.2438582745476385,0
828507,-0.484051536321428,-0.6349469926087967,0
558402,-0.44737055888658017,0.21381904304753885,0
21472,-0.5778440560735297,-0.187516002521903,0
111071,-0.33459055287618894,-0.5286189479698884,0
976430,-0.1944810001674867,1.5389405152122124,0
755127,-0.3376911886192972,0.0783528750985606,0
156848,-0.33184522599462263,-0.5408494294722681,0
30768,-0.2108199259721414,0.4688441268761495,0
546969,-0.3286206111945851,-0.08251213726501255,0
31380,-0.4712879979519501,0.6232323956519553,0
283112,-0.23581369587192522,0.6651440535550656,0
729688,-0.3745215513319396,0.6413857738212462,0
595463,-0.6419830651585337,-0.6143708387383898,0
978821,3.0871738371372146,0.15161947061287762,0
828447,-0.3366603706786291,0.5924230229452503,0
385554,-0.7823864423280157,0.9676450588801842,0
73904,-0.30997301611173395,-1.6191975467056736,0
534951,-0.29668372007432436,-1.0681546198516028,0
516418,-0.5617096120879728,-1.5117520127222352,0
181198,-0.6407136877930157,-0.9987574777057087,0
84955,-0.34283853017611704,0.11099631388217367,0
224354,3.013631354174854,-1.9894740006678409,0
678792,-0.6526171612493091,-0.748011941370933,0
289277,-0.4816928766061686,-0.24847350245256247,0
687034,-0.4930472016235658,-0.9267740490017482,0
224229,-0.10799844025172585,-1.5438607187362694,0
38052,-0.04695087069002447,0.04421146953176228,0
410562,0.5923755908178613,-4.854864822060001,0
803840,-0.41164987641904616,1.8276501378674062,0
180524,-0.5643559470434915,-0.6207932338879778,0
921576,-0.4539290954025661,-0.7227698912084572,0
818430,-0.5791911397869761,-0.1658135411257537,0
658794,-0.5116335488104122,-0.9730816751987327,0
676284,12.479667454566295,-0.540832781164201,1
181433,-0.6063722599440695,-0.9189172574523201,0
483150,-0.4321522213465872,0.32165456698440786,0
419435,-0.504913824915494,0.6888749301941182,0
607376,-0.4866009205268537,1.2329526840025742,0
452451,-0.5774331349878578,-1.1781268126150062,0
275183,-0.6817578392011885,-0.7825613379043502,0
851724,-0.6904178550102512,-0.9862876440220426,0
707156,-0.30075732416275497,0.6488554979291145,0
258311,-0.29202654754865587,1.6375186212236947,0
283609,-0.6559064670553225,-1.8326047718128835,0
539953,-0.1701066617218275,0.4893904214054697,0
183003,-0.6221904829396075,-1.3155372360193764,0
412322,-0.11393611011329498,-0.4059677636405814,0
539906,-0.45307031102246614,-0.2104760250700458,0
417467,-0.0944151545663858,0.9581881728120922,0
467355,-0.5421301545122416,-0.6049180978165776,0
654208,-0.16832607318931164,0.6661531228241444,0
177109,-0.9185580198571236,-0.9755019494532721,0
396133,-0.6553736701369054,-0.8107768430301324,0
103219,-0.4492173588118109,1.2446818521601029,0
505352,-0.48707173134686976,1.4897167584851732,0
713175,0.20358821088345577,-0.919613657500277,0
297975,-0.5170672825252552,1.3070765761366478,0
742747,-0.4170229911545868,0.22938427953576174,0
500378,-0.3017736762700877,-0.2133272158591773,0
118647,1.747637293096857,1.4743811584792008,0
253205,-0.5719662220099228,-0.8663508051075717,0
46047,-0.21099364371840243,0.6878160971786317,0
177770,-0.5723389350436997,-0.16921216186223623,0
485559,-0.5149685088342204,0.6335407598735749,0
648696,-0.2049937770455733,-1.1475519543290833,0
262906,-0.366518620976255,-0.4469389886469821,0
527907,-0.46231005633799355,0.5586301057305555,0
423417,-0.5180165992479119,-0.4259147703376299,0
975199,-0.5995786584839875,-0.45883483106842543,0
177025,-0.4972052338936649,0.12076383527271832,0
868925,-0.69447450147154,-1.2388657683898685,0
126238,-0.38624316763877076,0.29905227783124844,0
438920,-0.4400779714210589,1.2000330745681589,0
757284,-0.6259035759317356,-0.29673783512245455,0
123279,0.17216061487973905,1.4892837234450949,0
974989,-0.0026721578153888243,1.5138571534605674,0
885854,1.3054889291669687,0.16330545224331555,0
12787,-0.5817310975469399,-0.763922360088625,0
718965,-0.752274226884277,1.2005648401951012,0
691854,-0.2261554873056333,-0.6764234722515333,0
344833,0.5704709895161683,-1.0276287541390772,0
374210,0.4162254199876335,0.31602115986397017,0
114159,-0.6474917382466302,-1.914714446889096,0
333417,-0.4940731522537439,0.9504904904928845,0
728987,-0.6892682901627255,0.6562552566870328,0
75704,-0.5417357932050233,-1.8588415977576644,0
858833,-0.6519584847042508,-0.6976707156049432,0
168250,-0.5995750512137914,-0.8022369369393997,0
540470,-0.5258070269885977,0.567867744822518,0
977284,8.305369111383314,2.528433458685794,1
436384,-0.42790750738516786,-0.8543479629698667,0
548954,-0.001296572480105576,0.688208553995436,0
206159,2.1873571423126315,1.6813864982214968,0
941459,-0.6222085505572191,-0.27558195091767634,0
187615,-0.8575285414963754,-0.2536630010283852,0
737199,-0.012092291482940451,-0.6765978801761477,0
551736,-0.3002756313578115,-0.07883917584975833,0
401404,-0.2559293216817934,-1.416490422934773,0
683302,-0.5301937802643113,-0.49545772857947407,0
582020,-0.3990581366572356,-0.42324851459084906,0
833862,-0.4991128731461045,0.12877852955514454,0
269976,-0.5233490119240514,0.4903091161657691,0
194571,0.43266351585564683,-1.2451661444825375,0
581453,3.800645173171988,-0.8726302101850227,0
826654,-0.6132650402339901,-1.7866512418896008,0
124654,-0.3121159877264641,-0.04786178263532186,0
298011,-0.2095987882006293,-1.3221782917597475,0
682302,-0.5575737965195051,0.2243329114334462,0
538435,-0.7081764512286501,-1.5371794760300572,0
52111,-0.2738270729196381,-0.48635144607450925,0
540981,-0.5196078347295233,0.630299480742235,0
940606,-0.39782326713020943,0.16757636304384851,0
251488,0.9581071722988111,-0.1549988372788929,0
399707,18.965682843273605,1.9731438498327019,1
578411,-0.2611586014329565,0.17017806019544726,0
821866,-0.8518019409115318,-0.3727326352668508,0
286357,-0.5169236821932768,0.6744131049856558,0
243087,-0.5292305515970364,0.9044584039577389,0
807972,-0.11158929182548204,0.19555916056930164,0
84953,-0.24881285690265365,-1.8023351486256307,0
723894,-0.12230771061797975,-0.9472636882701234,0
962347,-0.4533693820927536,-0.9021723269944812,0
86748,-0.6131873779135033,-1.0378431246724322,0
428570,-0.5304627094670675,0.35690777217554437,0
185235,-0.3948433172314707,0.48780912858467196,0
100801,0.23963735724487817,0.45182747181951344,0
264556,-0.014641050162981478,0.04889557056447432,0
558681,-0.5950888274065639,-1.2178933105838108,0
602823,-0.5380412182213211,-1.1534474247687765,0
378706,-0.06728173952864343,-0.12056160264506625,0
783799,2.090137664738671,0.0410201989138968,0
400289,-0.47714098895202883,-0.5824438417164625,0
66798,-0.3156046961578583,0.14994984836514022,0
935665,-0.20092072591291865,1.3590403939057718,0
870116,1.126710856523435,0.7337511372654102,0
851487,-0.6086770142120631,-0.5898499705055038,0
788404,0.2685444797931676,0.021909868014561452,0
289380,-0.5880657953544101,-1.235423419437143,0
280822,-0.16312593924725843,0.7646132188388666,0
533420,-0.19853299612018452,0.6216836634447023,0
597344,-0.5263633417786092,-0.35323527133309485,0
858078,-0.45833253008459823,0.9393761032990369,0
246877,-0.25002236391491445,0.8467908253235078,0
215839,12.075462102616108,-1.0048522928814423,1
900711,-0.10489935531259507,1.1324074674281297,0
832476,-0.45261470814244764,0.30719882415872407,0
188885,-0.6302872026136196,-1.0242278906694506,0
113866,-0.5559452514908687,-0.2113383084578185,0
701861,-0.5812769747588532,0.6090977732054346,0
846226,1.2088985117483946,-0.6210917495818932,0
82017,-0.5877104146138935,-0.44919164304350373,0
113552,-0.10146346345234637,1.462000090491374,0
151561,4.895050053852396,-0.38660042941633865,0
752778,-0.5164258501497,1.7166969373429237,0
205222,-0.559944758144652,0.4955472830601968,0
263460,0.029663143465249977,1.1445591685098147,0
936926,-0.5713917547507259,0.5488631841417004,0
385584,-0.6998461515441801,-1.0334644826750115,0
187024,-0.5895319863847868,-0.1707534512896447,0
733708,-0.6444392444432301,-0.4809759363157292,0
603479,-0.2871522798183597,-1.0637020988766737,0
403682,4.943226299804808,-0.6061914621350426,0
821590,-0.6043711780256256,-0.13913969218080177,0
749191,-0.8584268486901141,0.6252874712682066,0
680905,-0.36526414510393507,0.20249019356958814,0
958750,-0.4059442690659135,1.7552312050046996,0
703397,0.12221867241528399,-0.8216461420490352,0
957229,0.20331754174592395,-0.13143771012337174,0
396943,-0.6012993633481202,-0.8609550772376283,0
537150,-0.5462954342178149,-1.4496734728591814,0
500839,-0.38264922590863504,-0.9369061527073638,0
366595,-0.458694650101112,0.11031357291916916,0
473038,0.4188340508678917,0.6787592811726731,0
136580,0.5005708402203545,-0.22406549043049676,0
664900,-0.031043527244870164,0.27728473758246264,0
218746,-0.3980290490400307,-0.027741511095702564,0
698107,-0.5145632820717779,-1.1894405927117113,0
675512,-0.44130225073563656,1.0350335815988632,0
927370,0.5196253147930256,-0.8590615252767748,0
40631,-0.4948873360045573,1.2239544933729032,0
237653,-0.5920474373595639,-0.10922426228394749,0
550466,-0.5596163904511087,-0.33292340381458313,0
958642,-0.5989291812082593,-1.0446871249036498,0
853174,-0.5865150188101638,-2.254333384419193,0
529445,1.0645140886819549,1.1696296141099307,0
614069,-0.6048614961648758,-0.8316923339112497,0
88241,-0.22704202257164366,-1.2908841757355576,0
555440,-0.4097105817771848,1.0139127372759544,0
325264,-0.552757199094379,0.5612450723522812,0
903702,-0.1275037336787421,0.7104039979894635,0
581493,-0.46465985862109394,0.9151253033257349,0
94349,-0.9375979460688353,-0.7762203718055148,0
986723,2.5292491930350343,1.420023794552304,0
650848,-0.09288666761902147,1.0459609448293592,0
517578,-0.21936951412062025,0.7995726421983522,0
444558,-0.4469325812731496,0.9684821835093078,0
262436,2.357679085385047,2.3516841945642506,0
672027,-0.30555194562736615,1.5290282199833904,0
171410,-0.5196743266745034,0.7644166692148443,0
7774,0.15827570055903104,0.3174622767482656,0
88227,-0.6588518375589811,-1.5788029841916527,0
974167,-0.4838858531759293,1.9997941802321066,0
513510,-0.36012305923670307,-0.8045058013825979,0
23894,-0.4454707041448103,0.9292053244767897,0
851991,-0.8466344397551042,1.9527651083386388,0
987001,-0.5931805051067619,-0.8580871478491535,0
763564,-0.5305009624179834,-1.2522879243169656,0
827393,1.3581614518993936,-1.079683460018824,0
180197,-0.5871688886049149,-1.2483811510553278,0
988291,-0.16523340168847278,0.5262375961800814,0
482409,-0.4114347829828636,0.8388856863796159,0
468262,0.07615358509097757,1.2737007641058464,0
598614,-0.7032815790321584,-0.9033481832090322,0
349295,-0.6444813890294289,-0.664572436331302,0
562155,0.893755596892569,1.0392399214758437,0
720133,-0.405836462390043,0.2632848189679138,0
701354,-0.40791097882743355,-0.5447169030052804,0
405824,-0.5067229697123166,0.21733581895315385,0
924609,1.6299610103078102,1.869325157148963,0
986080,-0.6594606575896207,1.206826779367885,0
623852,-0.027059694902718805,-1.7289307802719118,0
114774,-0.6478709524072986,-0.3772906960189427,0
693624,-0.18435458815187447,2.0358110587048444,0
990300,-0.48597213005464357,-0.13174089023573746,0
868558,-0.6022366023351825,0.18176112067126785,0
23658,-0.16536446669299118,0.18792589850111113,0
236716,-0.0627857731616566,1.4667089580290347,0
669851,-0.5973370222509777,-1.9250054429570802,0
771837,-0.18979759394714488,0.09758032800257473,0
313134,-0.4880072755399851,-1.420985456016459,0
134260,-0.6185585901892058,-1.9292273562506914,0
487799,-0.25833915641308725,0.8063950932020266,0
900990,-0.9027767223536579,-0.5589296352041553,0
418355,0.12937853381274647,-1.2488015907568826,0
174966,-0.48154402873371427,-0.12238806049157987,0
910906,4.564691116020162,2.0464710023289485,0
339380,0.04801122812476149,0.3017829201032839,0
147352,-0.09437217045187397,0.09786948976583015,0
533230,-0.5971571759934279,-0.056901608930483696,0
253110,-0.38640887827321274,1.3547153610408234,0
832438,-0.32732506429916164,1.131394065895059,0
729289,0.23953443644170347,-0.9560541453856102,0
545713,-0.5735676722862175,-1.146427252729122,0
860883,4.238111469602616,1.0062630276303322,0
773303,0.678929766962175,-0.9878660631050121,0
209499,-0.42915269901373904,-1.1764005607311898,0
984797,-0.7576080382857036,-1.2764398185737758,0
817181,0.12716385737291663,0.8817290774132253,0
677294,-0.49268835790965004,0.6063559816295688,0
607585,-0.29101943878394393,1.3820819600576393,0
243444,-0.444299187384412,1.0043358489519882,0
356715,-0.4950123100785665,-0.22210110785055331,0
487139,-0.6081792453412562,0.7613997570702267,0
30806,0.5386828003393298,0.8813397995292974,0
952936,-0.6266584464935246,-1.1513960559265843,0
686859,-0.6702524783149827,-1.3528914768433447,0
844369,-0.34510293891010185,1.4743911190025762,0
756087,-0.1088401095155528,1.1709156256516036,0
738236,-0.6447573025524539,-1.4441517289596826,0
864796,0.6574391226778826,0.08132490851013559,0
163733,-0.42379612474235073,-0.5182278699421529,0
66466,-0.5601828830546479,-1.2482172567172454,0
348036,-0.5481613404741894,-1.5650184310509674,0
556742,-0.3950054629344367,-1.5900964625026526,0
153527,-0.37120849831854935,1.0635900479119071,0
695552,-0.5320174121196344,0.3295036697869727,0
140326,-0.6740314226493767,1.0826563837625707,0
24158,0.2415696428570212,-1.9770459133656375,0
446443,0.6645997581978642,-0.47061294064909764,0
968389,0.39920468186590297,-0.5845456192600356,0
254934,-0.03430953387177919,1.095493527169464,0
805443,-0.5968263707980835,-1.136260193894349,0
999026,2.497506670465182,0.9904779498346372,0
23620,-0.6086427838903101,-0.5637747373437374,0
835496,-0.4918840740689489,-0.3031559627285992,0
280628,-0.2362488599435472,-0.2792204165603883,0
472253,-0.45950330312070964,-0.20878851609991572,0
904985,-0.14474499536373184,1.2371026186473275,0
523937,-0.03995679627436047,0.44328974096416923,0
266544,-0.6249465503223827,-0.33272804707551107,0
586768,-0.6802021476277694,-1.000452763248374,0
480503,-0.6282881943799142,-1.3418629608761243,0
706526,1.4678411398206326,0.5338717224972277,0
814976,1.4799256093052586,0.5061589838663004,0
34431,-0.5227508495740125,-1.5263743823369071,0
860095,-0.4195226039007911,0.6848233073951804,0
894797,-0.14196164584982066,-1.3241865414694889,0
208747,0.028517570569193927,-0.4748351636453124,0
379116,-0.5509977483211492,0.02689105978946308,0
846212,-0.6464905830656292,-0.6160255972769452,0
511702,-0.5943307072676264,0.13259569279312533,0
532826,-0.30637262249531455,0.9039688814339993,0
594606,-0.052344049125184915,1.0547074124772207,0
710723,0.5490731011242149,1.047436901021584,0
666572,-0.701449229507837,-0.7756157030208651,0
761689,0.3740914832836351,-0.3734504559873642,0
778599,-0.6456584213848094,-1.179373856407615,0
926976,-0.32079975994146537,-0.3880485618055741,0
46802,-0.725580435752875,-1.603201580120669,0
324452,-0.5555737400650329,-1.1887749660044307,0
376629,0.05826630271307202,0.5122448153979074,0
542551,0.7324286294154887,-1.205863747564837,0
513763,-0.5050196940387085,0.9318689190983606,0
830315,0.6334006667464166,-0.9555823314637711,0
489102,-0.5689703317170527,-0.5604786667626361,0
862032,-0.49806759586678473,0.4185464878755311,0
772979,-0.606884130769863,-1.7021174831093187,0
323680,-0.5765631708948402,-0.26472465051166566,0
558407,-0.5898283131115579,-0.8063525042578542,0
416126,-0.6861155115791343,-0.943409833170686,0
538511,-0.49012690678185955,-0.631312237871039,0
419836,-0.5160018302460334,-1.3682428890624896,0
68974,-0.9456216847204434,0.7645767799321407,0
973474,-0.6184194852528152,-1.3054510436054891,0
805503,-0.5299437572712842,0.3360596549476727,0
521954,-0.5130395583250122,0.6773392929751457,0
311121,-0.562250541138572,-0.28473905345821,0
431947,-0.5613173718392538,-0.7199061734641375,0
487013,-0.87678930550387,0.10360263362546503,0
773144,-0.4773584517309991,-0.19073071055762275,0
657331,0.31850564703670714,-0.40599928554402026,0
150751,-0.055001852606507334,1.0040205515409417,0
478322,-0.5772213612530769,-1.017499385655483,0
564694,4.278648249923206,-1.739145536921332,0
689769,0.26586755954051133,1.1216048329664008,0
256337,3.9298846358377584,0.8364555015693159,0
393208,1.882430711374251,-0.8921453373570283,0
423340,-0.7459518277362348,-0.13664633141950486,0
674848,-0.7119097283452261,-0.7625911957367444,0
159904,4.754729732292474,0.6928147989472075,0
137733,-0.3182172378875008,-1.5634699362530786,0
778880,-0.48168565608702707,-1.0032429722978813,0
441537,-0.6792463717320458,-1.6134232037920262,0
624086,-0.6471677848158607,-0.9371184474468397,0
613052,-0.24127850768283152,0.6798839440029971,0
768307,-0.4052968586216867,-0.01787286597072634,0
162309,-0.28194488248248867,-0.4563807714711455,0
929312,-0.5990826004618023,-1.4450224711140323,0
2224,-0.5100854781704749,1.0489224717087187,0
87580,-0.08477589585004519,0.14464980702153082,0
37680,-0.412683944970742,1.4368158823739157,0
570960,-0.7082210214126697,-1.5789177886405208,0
937338,-0.8040667843468119,-1.2163210778581564,0
224605,-0.4368324993218059,0.27987032935353434,0
592089,-0.4457443078914024,-1.220607760401013,0
660041,1.2608341582371043,1.4104165350396325,0
215533,0.8114523852152928,0.1792687468009819,0
743034,-0.35851115712643017,1.1756334795106733,0
890377,-0.6630128030466709,-1.5335098616304594,0
113327,-0.3582501332927703,-0.1273512750452531,0
514523,-0.39348758996888056,1.0605233876178763,0
240466,-0.3054940067072794,1.451348862427503,0
768483,-0.5288036739409614,-0.6438169162120879,0
595401,-0.5467027390261555,0.30842344428568247,0
826188,-0.21350463477391438,0.43236955773826824,0
463745,0.8695786275681723,0.9720665699146118,0
142577,-0.42164393850897713,-0.25743802169396734,0
68170,-0.6529699404976494,-1.3872867886627602,0
55998,-0.3370765685884924,1.5478368377336833,0
81811,-0.2924793412869891,-0.008205142630047476,0
673771,-0.4742814680594149,0.5204485838808035,0
843567,-0.46563797610709673,0.8992731786168809,0
622325,1.8451756390125056,-0.5685452794181188,0
276628,-0.5301945599636244,0.12219066941027143,0
63528,3.127651141500131,0.6723197408498076,0
301783,-0.5986223442177344,-0.658436711812798,0
614788,-0.6054524405129813,-1.173157302520241,0
348785,-0.1437226351835889,0.25844827691403227,0
411309,-0.5564933695771853,-0.5646307851398364,0
580013,-0.8442025771467685,1.2034814027441412,0
93815,-0.5129184707492921,1.0974892501510658,0
539698,-0.24175172997370822,1.8694487421944377,0
275612,0.8903426923813338,1.6643975972296032,0
747590,-0.4143464341724295,-0.9966654348233573,0
852874,-0.5701881827281512,-0.3860644970702659,0
518431,-0.6235512807621776,-0.6279753424821614,0
746111,-0.565078645171325,-1.0893740779022225,0
889871,-0.032045849353080025,-1.1571693248074044,0
366976,-0.665532261191935,-1.6252802935809851,0
802789,-0.7005891233558894,-0.022887452736692005,0
915078,-0.2942749458379994,0.5387925286157625,0
365718,-0.5239726392302789,-0.2812369438391817,0
593726,-0.2165228689486255,0.7683664762582734,0
303713,-0.4643097898772427,0.6494354852965382,0
634623,-0.9858481675416457,1.1327165088044278,0
35332,-0.554544606529586,-0.21649251908676662,0
982426,0.7410613557113547,0.5890341343567692,0
301624,-0.5669650566587349,0.45985458993973133,0
901308,-0.16909698426109976,-1.0764488882711072,0
526877,-0.09812807256472973,-1.0189044364535762,0
141624,-0.45226492745444064,0.542669284523803,0
187278,-0.5891927363060192,-0.4110239762185776,0
957433,-0.5631478666055534,-0.7120302461536243,0
29447,-0.5718168623878231,0.6747900574245183,0
409555,-0.3801897832472221,0.4421474834880833,0
83703,-0.33746788440622566,0.28032714561657585,0
494518,-0.4482152101318557,0.8578190964078476,0
760478,-0.09041650849325576,1.1379875978908505,0
276371,-0.5189977606080086,-0.3510368038141427,0
602723,-0.2870075537885323,1.8528335823388233,0
560762,-0.3243244951150068,0.5081838009261669,0
530113,-0.17043498022808487,1.7668522952564423,0
409545,-0.5127996906549376,-0.10766700285891227,0
977228,-0.14591640745827072,0.9743244242661214,0
346260,-0.6135864871794839,-0.22110025178452364,0
970638,-0.6068525788282805,-1.436155831134624,0
330366,-0.5248576546255808,-0.7673420648748244,0
558923,-0.25622879037560015,-1.0070150732676773,0
843270,-0.06901665837224713,0.6378423521397734,0
739399,-0.21735711376445072,-1.0503819217572068,0
652504,-0.7280611668543051,-0.5720899698504441,0
981129,-0.5583994459395636,0.37571184201622365,0
646480,-0.37801451659016333,0.6483844591992017,0
206887,-0.5910971038411523,-1.5328379009344006,0
357170,-0.4616259209296451,0.5296109993834373,0
321239,-0.8613280490416346,0.6239419450639746,0
274284,-0.06202321312483347,0.6729347730322026,0
257944,-0.07812709502921746,0.7991904090876574,0
965650,-0.27803831698597553,0.903317081646915,0
148853,0.7744301095740098,-0.20802032286556424,0
430327,-0.4508428992554763,1.264359656336303,0
188366,3.064198104067708,1.0039607844864358,0
752251,0.30018527234606224,-0.7240070346925326,0
356276,-1.019240990436776,-0.1609973923440867,0
272123,-0.6710754214226107,-1.151613704014353,0
54489,-0.44494012685085205,-1.191309275053127,0
688524,-0.6515660654049634,-1.2879165597810902,0
986271,-0.6066885699305693,0.6753240772274026,0
781452,-0.33963052754399825,0.14716080918495678,0
825526,2.5164306995311314,-0.6438902810718198,0
404586,-0.48363093281952474,-0.28150164376673115,0
954526,-0.20740027202265032,1.1950055940480324,0
746212,-0.9554057283703569,1.0098648536991777,0
487429,-0.6400638668468956,-1.583676546021592,0
908845,-0.510543447248956,0.6832913902507572,0
415593,-0.5483491231288586,0.45750052423125087,0
828902,-0.20456198006764376,-0.7109836600905594,0
140117,-0.4903607101056742,1.1126418175491235,0
823269,-0.43359127195174896,1.3881972572397858,0
784467,-0.7004280178029677,-0.7577323747843421,0
258534,0.1712282581711965,-1.1434622284104214,0
473545,-0.48790396486942517,0.07408661330192258,0
857805,-0.5702686176922093,-1.0239580472070038,0
509150,-0.5459007538823172,-0.5377111423054047,0
251456,-0.5165278512648076,0.21590403166855424,0
633392,-0.2977271373774021,1.2755272679103913,0
1886,-0.2850065833618972,-0.20868640247628556,0
546181,-0.22326076988391802,1.0947714846576684,0
629120,-0.02124361387288245,1.014307449307926,0
901205,1.5325329580333071,1.3539093958345942,0
556931,-0.6003809707846375,-2.069795045375932,0
309220,-0.5367253256779837,-0.23698379006350026,0
316354,-0.9277799003749169,1.0229765978584302,0
471245,1.4959370171872368,-0.6819603091380906,0
707813,1.5620621000768196,1.6096596837843584,0
361120,-0.5924476099367864,-0.3700150013925427,0
980833,-0.6618652691118415,-0.6591263901369258,0
541719,-0.449557298817095,0.5541448743739426,0
551645,-0.6171034144308379,-0.7742682238136627,0
668699,-0.1995866369296823,-0.4223190988409346,0
810980,-0.5104059105233747,0.7519854805545012,0
833141,-0.6180682477533772,-0.8963225936399861,0
58131,-0.6749901667509701,-0.9489314030549357,0
833114,-0.408826616139446,0.6864767240189726,0
97331,-0.5832823685931903,-0.44832777826579107,0
629877,-0.48170432562105236,0.39330874074221067,0
970245,0.816484425740538,-0.5604871460768828,0
760177,-0.6757489355246982,-0.6279294337561633,0
24011,-0.5931238967877606,-1.1688321492342577,0
198854,-0.4187904992251307,-0.6253638406111897,0
108766,-0.06355976639561771,-0.9334508157897248,0
163368,-0.38256192107821707,0.783503265368375,0
525232,-0.5192883259021533,-0.9011261394334037,0
429099,0.36405862315649956,1.3774256311770288,0
752932,-0.4178281910414379,-1.2403947961513497,0
622303,-0.4262106310056894,-0.44887732200896774,0
471034,-0.4096378060859325,0.5576792693065438,0
495749,-0.6074386309427697,-0.362868684136141,0
806077,0.06607381739005352,-0.5279915890478709,0
761948,-0.26727590376075255,-0.21748584328002818,0
932325,0.4136519135345451,-0.5428343435782006,0
49325,-0.20597011665622758,0.7483195131414154,0
817729,-0.1453423612009114,-0.030750688502177274,0
199086,-0.47670568269422736,1.2966101016787732,0
66129,-0.6939958552589252,-1.4828044310863944,0
583934,0.01484050749055762,0.5777594624712425,0
248577,-0.5560079094013283,0.6361866803007171,0
410482,-0.5556758894946588,0.8367929379301049,0
172373,-0.003887578049473374,0.12442301069666185,0
563906,-0.6484452475540688,-1.8006972755231456,0
23878,1.8870414909914732,2.0441870634992396,0
682885,-0.645643898235742,-0.8291896297403828,0
383602,-0.6134968760809729,-0.8840587719884584,0
157179,-0.04255879517484822,1.4763566672236854,0
864357,-0.38791906280852856,1.7500513602361503,0
351085,-0.5406821123033236,0.05981718123316963,0
413054,-0.3360818523543,-0.08301049936333908,0
855005,-0.6104697692056622,-0.9690500473853406,0
477162,-0.5916616163015437,-1.043932033230161,0
533532,-0.713930388266006,-0.9548449499528722,0
7151,-0.33196223455224083,1.329358310076538,0
896714,-0.4789843424695339,-0.3108978686236008,0
766791,-0.7897540464850249,1.4777860263686247,0
463893,-0.5861362238910462,-0.9476054055071493,0
587262,-0.5554844067306609,0.5772963560896278,0
567942,-0.43800908946415595,-0.6235216878728834,0
364073,1.8322469418835092,-1.7316952684401066,0
669326,12.063755878266821,-2.0885419522246007,1
523726,-0.30673333346086373,0.31884388612238057,0
49551,-0.5648675956428433,-0.409293034380133,0
79870,-0.6999746783065518,-0.9800560702632645,0
483201,-0.5861422933128873,-0.5023641028951119,0
524252,-0.6622620806708784,-1.1981272384216408,0
703784,-0.17637694036188906,1.3019192496947838,0
508484,-0.5316090695440787,-0.19438168972660447,0
167793,0.6715970497984627,-0.5566749391066732,0
660430,-0.1305143682042221,-1.5738410023992935,0
784935,-0.44598943062121227,0.711702218368592,0
607993,5.779197784735688,0.2483299061646981,1
582743,-0.5927363166769122,-1.681253274620474,0
7687,-0.18809009206950023,-0.5836589005746197,0
908724,-0.33183679565439167,0.39167414377208853,0
326546,2.6854690874044485,-0.8040474542378466,0
230684,-0.4594071175168085,0.42290092630065157,0
809137,-0.49279607475983883,-0.049374599333976546,0
653753,-0.21811988688296727,0.9314979428900166,0
120368,-0.5968004529527597,0.4400899225212625,0
463583,0.7667754973131575,0.8115302843004104,0
369269,-0.5944357393697353,-0.30559000380085305,0
144290,-0.5811276909031861,-0.7820876015331661,0
537825,0.7386931762811962,-0.3262471690073479,0
988980,-0.21625879428515796,0.30421749200219683,0
73654,0.714428997838223,-0.6827956865971695,0
890477,0.09279878461554192,0.5507522099095562,0
571311,-0.6279947048738637,-1.073297974421217,0
111009,-0.277167326515072,0.637239151706748,0
99360,-0.0986369877082828,-0.39512598707520225,0
161364,-0.3590251899753866,0.37485262640632455,0
939149,-0.11551926293859881,-0.5016764428274834,0
589327,-0.1032069351288425,0.015559393757873928,0
728353,-0.39461567081288373,1.4587780802439863,0
863931,-0.1255055086832674,0.30815071820070156,0
309901,-0.4069234962932161,1.8663176052445696,0
646382,-0.6980634458174013,-0.9609953351504571,0
702723,0.5307863771623104,0.15363090374653804,0
983932,-0.4621798741583604,1.1972157292749501,0
792658,0.4149431595872865,0.639537363963583,0
201513,-0.5858216473906599,-0.9076468488537619,0
143594,0.47629650780582355,0.7341795233704476,0
281020,-0.14158848770315155,-1.1031229743104662,0
272367,1.426949056285677,-0.3064726951545707,0
99160,2.7533008415931395,-1.7522545836006282,0
975074,-0.48645385303944333,0.09098210738317034,0
468117,0.5631500006232807,-0.3701975071569268,0
516200,-0.41581462308140965,1.1523928392616691,0
964962,0.32405302285803594,0.5008616411688871,0
416785,-0.6787321339591226,-1.2220129532981563,0
259913,4.179860451478121,-1.4199411130706414,0
136269,-0.5852584059923397,-0.9589989264092115,0
471804,-0.3966193877400106,1.3017363812114449,0
23963,-0.5559914493025243,-0.5656753873380277,0
685758,-0.1725345505118593,1.1718957119322526,0
79602,12.136143164220966,-2.1240602033072338,1
471336,-0.40884061296314306,1.1738302404335974,0
440836,-0.6175495495335789,-0.5388690699620374,0
87382,5.790458164887333,1.0164866603020604,1
270399,-0.029959281149245412,1.5235432707895498,0
890289,0.003285375430586503,-1.0263588125434855,0
714563,-0.544518377897371,0.5392495326665305,0
941989,-0.060029529605245914,0.8769551193437862,0
201137,-0.2533842967688209,-0.8480576774773563,0
94579,-0.5473588925015878,0.4998916162325167,0
633871,-0.442627952935011,1.4556461686424202,0
464547,-0.5114242976596216,-0.07858359866442094,0
528651,-0.5316431343162981,0.23517884201641912,0
891391,0.5912239486503703,0.8903703904934401,0
159072,-0.3491016032084492,1.1417916414333131,0
45903,-0.29058107947972067,-1.1224463632126522,0
477030,-0.4241138281705901,1.7311378099440018,0
616265,6.089316723893291,1.416934795431959,1
754575,-0.43644816949641907,0.32429874094689476,0
657242,-0.6320750880270241,-1.0674326030440315,0
570059,-0.5314363468655418,0.870157226305067,0
593290,-0.5505726628691905,0.6984830300822032,0
757880,-0.5650892257215511,-0.2335174627999465,0
226931,-0.5219005136551099,-0.5412886045789157,0
73315,-0.6493840014326913,-1.1016920014722489,0
604895,-0.3579482189652143,0.7699572002942542,0
437366,-0.3906521836493179,-1.0419955470685902,0
242074,-0.1479513554775265,0.43600750027233703,0
578567,-0.5253469170492974,-0.9283552875168443,0
534252,-0.4700028717962478,-0.5631723635377077,0
92213,-0.5318935961759457,-1.3285205986560182,0
868343,-0.4465076833384714,-0.37887931458041857,0
729322,1.4036883384101033,-1.4464967509345943,0
935051,-0.366285252511707,0.5444734098641065,0
329029,-0.5005649401178981,0.758618596889175,0
739830,-0.5954980778413667,-0.8759242472170412,0
448766,-0.3332048941232563,1.4778636700088712,0
630347,-0.5021690417539056,0.29025626273038224,0
625412,-0.5247317733451675,-0.8237443000781665,0
887119,-0.1416778658761774,1.2719653196998695,0
296364,-0.10644615756817101,0.8713693142682785,0
490041,-0.4386049583555757,1.458500947217217,0
408988,-0.42773793419685985,1.540397316462818,0
819985,0.11644166471869795,0.6606220514300952,0
31496,-0.45459307624488454,1.4960014571665647,0
614730,-0.8664422416426938,0.2603257551088144,0
454294,-0.5033360550678109,0.9569342070805936,0
138550,-0.474324270735108,-0.7010486739349748,0
216499,-0.3629177657302371,1.4124661949000283,0
688574,-0.3698817014854282,-1.0755126088396727,0
720206,-0.9729290844232428,1.1771219862031785,0
195348,-0.5093963036896741,1.36914971842614,0
692136,-0.04515744437547914,0.7610027646157819,0
187856,-0.044751408871745946,0.27458406379134404,0
17898,-0.4849848743201714,-0.4034670837145639,0
273318,-0.5907344365647059,0.23277037188063207,0
264483,0.26446857208422964,1.1507066728289348,0
476732,-0.34721656956818403,1.1047958781607519,0
282615,-0.5809638156697011,-0.8280117470964576,0
976263,-0.058375327626773894,-0.3815716169278059,0
337260,-0.39261953427605994,0.4076563993756768,0
190236,1.5554268222845367,-1.2715314117527605,0
917553,-0.61052905208486,0.4143304735250658,0
622686,0.039411919018228006,-0.5528824531537282,0
992076,0.30439099733164693,-0.5713500037061848,0
966588,0.563457551634204,1.156294786940111,0
238795,-0.4414546973417715,0.920133421823588,0
391216,-0.514122065230958,0.7037677675980729,0
903528,-0.5370641300227482,0.21366131857358472,0
929164,-0.2723870446009219,-0.01784100526949601,0
304597,-0.37463911895293284,0.11005291464489185,0
557093,-0.4056383615500686,1.0906343543907264,0
660281,-0.9265328893199731,-1.173839603818825,0
417322,-0.43533655645323294,-1.610836233622792,0
787335,-0.7314802527834809,0.8963484916620219,0
564381,-0.8918157102872561,-0.5463514638104486,0
561983,1.9997828447857977,1.1808194963138672,0
949367,-0.4635666922769858,0.3541195659873924,0
86250,-0.4143907727503899,1.380918411437732,0
874913,-0.5223913073128855,1.1456849708373222,0
188027,-0.2227095322045873,1.4701404899885893,0
874916,0.20474692061855174,-0.6262794846259352,0
290423,-0.45265607874653685,-0.6789089791483209,0
390536,-0.47345540605414865,-1.3806100023065677,0
655698,-0.16709513230026365,0.7466436237592464,0
417691,-0.5031166317827223,0.09633083043036604,0
538204,-0.44349490096928373,0.4900950416528739,0
751910,-0.43472452018868163,-1.4684024370975255,0
603524,0.1549157735455728,-0.41286977130237795,0
343926,-0.39645008542407273,0.9228975765603662,0
821330,-0.5357683727868401,-1.439888083817422,0
931001,-0.4213090569625362,1.2388536251116162,0
251415,-0.17719118156698893,1.326379048222057,0
42180,-0.21880868219096333,0.6394983083074791,0
787316,-0.6601964204453802,-0.9445177525405188,0
128687,-0.4772253755148244,-0.6009968243905758,0
804670,-0.440975890476503,-0.6794623207926566,0
397616,15.834243365320434,-2.8887363297769553,1
22876,-0.4803997684707556,0.027595049517448525,0
308246,-0.5218190100332927,1.2294374423707928,0
547814,-0.5246717811799678,-1.5518194899646807,0
170943,0.6966607607035591,0.10029330471108143,0
761055,-0.5372886901244867,-1.0234384836492494,0
512294,-0.5428245821175252,0.5220961280841342,0
22480,4.075574205166115,-1.11659646468603,0
325051,-0.3690021855797837,-0.26263796461299305,0
967078,-0.5013355350745047,0.485368179144047,0
401212,-0.5084431317552245,0.6431692573112711,0
836135,-0.7229734294088194,-1.4503583826870272,0
843799,-0.4710302869657122,0.2809531114063235,0
34588,0.12266823913078537,0.9351089730891822,0
807246,-0.5508155063985891,-0.9042686499058675,0
782446,-0.37982657087527155,0.7951843858253175,0
441203,-0.8162571096695596,1.680467585642392,0
716675,-0.6173382496108706,-1.2626245409722838,0
94973,-0.3648338113021593,1.359197149648259,0
606683,0.39975798801517326,1.99424325713634,0
751259,-0.6205567781121245,-0.0652968940134953,0
416721,-0.5505935529794528,-1.0195703813340977,0
595384,-0.18548254166292394,-0.14421805101379884,0
972585,-0.5901939097687,-0.5228585879712152,0
576000,-0.5694795921547255,-0.6517328453653487,0
61078,-0.5279484436150083,0.44854546609336005,0
544313,-0.4294260558719065,1.3343694070653556,0
127088,-0.2821751799308377,1.2128900603636459,0
31122,-0.35357671954324793,-1.6232536663209103,0
474282,-0.9335830044279524,-0.36999712002115,0
703955,-0.9986721858617951,0.6159341695828094,0
110784,0.429872692626493,0.3593783840432314,0
862708,-0.5953058032051878,-0.30750464015269724,0
447941,0.701742990010842,-1.422563671331286,0
937387,-0.5348362923582093,1.2792936229415766,0
492950,-0.4548302762170575,-1.4772021251643233,0
136046,-0.1907744278135791,-1.5972312624195235,0
367635,-0.2977682665079009,-0.05983149242299104,0
356079,-0.6912984443804826,-0.34076174061677045,0
16093,0.40829804104920575,-0.651316986489716,0
405887,-0.03057766437298539,-0.5701408436142943,0
904983,-0.06721577743577578,0.43600508176598585,0
71268,-0.5017582402685441,-0.684548054430532,0
656091,0.06972573742917673,0.8525611593602633,0
18507,-0.2584274540442807,-0.41490273503254627,0
886266,-0.011853251564328171,0.3509277604102857,0
500416,0.047410415509559316,1.9074295562427777,0
19152,-0.7527795012249794,-1.3102276633443335,0
587475,-0.4968381001908632,0.41092567468055796,0
202747,-0.666166887790983,-1.4180657044228204,0
990079,-0.443544983702585,1.05558209741212,0
252111,0.19839730374469225,1.1289389946742103,0
798287,-0.7909848101116549,2.0134278321176247,0
684947,-0.5562374180708888,0.6058735545897442,0
384359,1.3392083376344133,1.1028392347889435,0
158479,-0.0515880574816843,1.211388404181083,0
443805,9.329357855935783,-0.18658153442284353,1
410139,-0.327365451381079,1.6261373391077145,0
631716,-0.5746133294376506,-0.7254859313582563,0
32337,-0.41817201610963484,1.4914341140436407,0
151126,-0.576992290165227,0.033608419743869196,0
476831,-0.5411422226776285,-0.8989137649047977,0
379204,-0.57044117742429,-0.3034777131573164,0
958635,-0.5757929621333557,-0.38268748399081803,0
141726,-0.3878193824686898,0.625133421772888,0
43708,-0.48600769935440785,0.579179525937964,0
357970,0.035951662620838966,-0.39905310543319106,0
968333,-0.6532326256080104,-0.5425182301807828,0
419236,-0.6513093074994938,0.26980737415903217,0
997850,-0.5334943624274786,-0.16892855858368833,0
3822,-0.3934425731916989,-0.0042732947114921755,0
397116,-0.3394206343801714,1.478198355300036,0
807473,-0.3459505652735809,1.336280401833715,0
453225,-0.6478406363561896,-0.35463712846100304,0
825420,1.126880577718191,-1.9634418598586831,0
817077,-0.5193424746899576,0.7326001978260601,0
908374,0.5270156129130558,-1.2118617934641676,0
300788,-0.32226451897621755,0.6308678281922434,0
218065,-0.8234332065323008,0.9189549961142995,0
951737,-0.5021006564388532,1.5489594707059784,0
603145,-0.3865009998102595,0.825595549040578,0
200777,-0.443477644713642,-1.3289490745727015,0
579731,-0.41447133160671606,0.692137079853108,0
933708,-0.45241025873497315,0.9932174921625923,0
560587,-0.6239924878289672,-0.19681115148971354,0
152653,-0.22993279970556557,-0.06427608818552952,0
43158,0.2854145240144397,1.352394538740628,0
443829,-0.573174963437746,-0.6003680827422838,0
31861,-0.32053433757191335,-0.5972161083177856,0
447388,-0.5054502800612969,0.43609632866605624,0
2792,-0.11483555838198414,0.5973600267659311,0
238851,-0.5153118926800667,0.21918839982951993,0
228447,0.4958387236345295,0.9799798872259042,0
821432,-0.44183794279387734,1.4539630225138547,0
151347,-0.42395324523115463,0.19219392598710014,0
740507,-0.5625434870590488,-0.2654700256266483,0
4331,-0.2914866358444829,0.6913022074456213,0
108618,-0.349250178677505,-0.39717658524638644,0
322277,-0.21287866296616412,0.7546548155067829,0
413009,0.025700941772622648,1.4207678775604378,0
796308,-0.1753404655584786,1.2188278234061742,0
178060,-0.37611543948847603,-1.0974579324060596,0
236937,3.037595456628745,-0.46617032962908894,0
301709,-0.7729279601856682,-1.2342500856652954,0
25129,5.180209185272311,-2.1861935480745474,1
117608,-0.2457053790545335,-1.1989707256042181,0
456043,-0.6206014204805945,-0.14700067887040127,0
981696,-0.3202134601172644,0.5245388342145851,0
45960,3.1959671270015506,-1.0176567408955786,0
909992,1.0408944265241362,-1.511811186383353,0
785533,-0.6650910368271531,-0.01633420500876473,0
30175,0.5583993765261779,1.9019497401866705,0
37588,0.8297722802533765,-0.29621771538099295,0
545241,-0.12331923119270952,0.1685922141473666,0
380644,-0.47988290336894085,0.9590681687535272,0
49359,-0.42420907457217166,-5.619882041857907,0
242177,-0.6975450073406797,-1.6676475775311155,0
203873,0.020334892221228976,0.5635004410797656,0
912264,-0.4845967288051799,1.5944840787863743,0
255007,-0.5241886656023603,-0.43086151043042437,0
990942,-0.49861634608012545,-0.3741822376158433,0
180334,-0.5514126189508007,-0.6510682943685225,0
93948,-0.6784431651629205,-0.929037576176771,0
481012,-1.0042546189681822,-0.06046935918549932,0
545558,-0.4654326311000994,1.0119221307919442,0
902864,-0.42076233179698597,1.63065652312408,0
277263,-0.5402179845618895,0.28076788287270654,0
961321,-0.4987611445448875,1.047701069593292,0
571060,0.717440457507378,-0.27684055294662135,0
79730,-0.23146947830042866,0.33225165703931686,0
138015,-0.5251207498359836,0.0035773735634765003,0
358769,1.4103080823892045,-1.973054043452633,0
779327,-0.424004627567316,-0.8879187453383993,0
438722,-0.5596025549282192,0.2919194495193358,0
576511,-0.3810097665734688,0.14275517662936524,0
163309,-0.6188593780646646,0.6192085933207889,0
889013,-0.6008350063090084,-1.5561423051615373,0
753275,0.764211641368097,-0.4066010028823888,0
150195,0.3390240658523359,-1.0566445189126559,0
331538,-0.7228557873311519,1.4147051055564224,0
992131,-0.12237993594825843,-0.1317851104082944,0
747220,-0.18636434524241305,1.6114036400178884,0
242605,-0.4620777590430308,0.7657885430919671,0
292230,-0.48182220928432473,1.0001314599564017,0
196710,-0.9141888374198145,0.10429940658650062,0
401645,-0.3698490025513009,1.0461117386307035,0
213484,0.37824013803703405,0.3953277622803717,0
146516,-0.10652776456510407,-0.03637032354996907,0
13149,-0.38162160017631713,1.214572150848145,0
878566,-0.48270852891027183,-0.9422654515380342,0
475328,-0.26938348595713707,1.628218108404929,0
737820,0.7988519234844773,1.0526270917046823,0
770047,-0.6310660393891171,-0.7040897481779015,0
121641,-0.544500694573864,0.7159128701552456,0
649467,-0.018369738730600504,0.767112859089109,0
845908,-0.454326216679818,0.8648102724048446,0
522277,-1.044143331645565,0.16493394564840153,0
727454,-0.6132649068331638,-0.05344379915011909,0
97096,-0.2754778521084816,1.4155923131326058,0
179082,-0.541285848683626,1.014236587080354,0
73889,-0.5591205729653099,-0.14991912847915412,0
543510,-0.9933815741213814,0.07670609569684093,0
882101,-0.3923746507469416,-4.414344488112991,0
612419,-0.47553138462808,0.35480947383988853,0
922596,-0.4032791210555239,-0.8775534560023666,0
258086,16.246302894593477,3.1615362085382586,1
781629,-0.6670071666882283,-0.9255248396147747,0
757177,0.09054571547796696,1.2585824753575452,0
826270,-0.5703132380763661,0.6771650700316166,0
236331,-0.5319214101027453,0.09895689257981571,0
171534,-0.4750300669684406,0.5531664747721781,0
986624,-0.16347247584684063,1.543343638803528,0
687256,4.972241548921023,1.504737247381586,0
594550,-0.4470289291118425,0.9786919843063712,0
945377,-0.3192719377159332,-0.5020172536684662,0
719053,0.1327399002965263,-1.5743095797534146,0
502587,-0.6296854070074146,-0.7518592883793349,0
573807,0.07620884780015864,-1.5044813437706266,0
522454,0.03544671361028152,-1.2126709280878971,0
663098,-0.21395846624590284,1.435972351024208,0
961975,-0.47958114412131225,1.3640758256497674,0
611774,-0.050971018335178704,1.3527508519375577,0
464273,-0.5931598969471995,-0.6367116196915075,0
239204,-0.3409396096675814,-0.1761337113365804,0
724844,-0.4510514643303368,0.14754468613993632,0
68131,0.08700801434757366,-0.9421824940001382,0
896127,0.04377620390089358,-0.7136814262235274,0
201022,-0.3081978755853019,-0.33217194682429974,0
706578,-0.24715807187040043,-0.36280749752611013,0
2780,-1.136825433793427,-0.6337686623569632,0
489415,-0.5525223457658306,0.21093347035251275,0
842154,18.87447066861048,1.2863466241145256,1
965459,-0.28945007205033535,-0.5532765994455022,0
421748,-0.6615286504528818,-1.2394639823311084,0
448176,-0.557166385344525,0.1688834050846722,0
275289,-0.05566329313055459,-0.8781090898805658,0
336428,-0.3463870774305881,-0.8685646259221937,0
89747,-0.5510793298478229,-1.0631549508511997,0
513551,-0.5777951328274011,-0.6502428454812059,0
800648,4.375757461293223,-2.0400802653297254,0
8045,-0.4949602552831303,-1.0400461108645638,0
582582,-0.5370636345486293,-0.20426245091038933,0
489712,-0.4905871725506172,-2.0453974894992766,0
695864,-0.46611441388808433,1.1714567959042528,0
887035,-0.298413530544976,1.226874950000555,0
12010,-0.5107406597055613,-0.18578629129013705,0
176478,-0.41651216167374244,1.1026508012974827,0
380730,-0.44327952980945695,0.20934032847193654,0
106676,-0.5329085986719878,0.5040945743914,0
588388,-0.6042294788668833,0.4559183590888982,0
106264,-0.33323145667725557,0.524546617186747,0
774473,-0.45163913224819274,1.0697547857318872,0
26642,1.187335019708137,-0.25622200580246035,0
241452,-0.6914771237203847,-0.8486846911235885,0
419515,-0.5309953246672637,0.6107162935870966,0
108870,1.7754062526867842,-1.1997819420758604,0
641089,0.17553049358331974,-1.201688952045543,0
318105,-0.5353116278729404,-0.6321506516746229,0
537135,-1.0804758714995215,-0.6711758462976791,0
425914,-0.7702377528428033,0.9796230256686534,0
879574,1.7534896198985002,0.5988282642953966,0
941642,-0.4504977550862416,-1.3279749839952748,0
438103,-0.7748526671669215,0.8876668973085255,0
657436,-0.4232688671622626,1.1610034398473394,0
139661,-0.5755056083234179,-0.9333175809867431,0
7054,-0.6182493404321586,1.285243802740384,0
363528,-0.4819962119281965,0.26978528012680486,0
998936,-0.5581079887376451,-0.39459577299235005,0
106599,-0.4760373652981895,0.7942258761960198,0
756118,-0.6884682033140039,-1.3455970893841807,0
974935,0.341909785347421,1.337368422569161,0
728107,-0.5320399954413195,0.3679872361508269,0
905396,-0.3262184761618508,-1.0029977027447832,0
706140,2.178457402218307,1.487752764416121,0
287508,-0.48776561398865154,-1.4772893279574397,0
854934,-0.5577524852784629,-1.229977051984651,0
626893,-0.5959843882542575,-1.2797513681363593,0
162473,-0.49805519308412344,1.2773585774604317,0
895696,-0.35807615700767886,0.37347117711561895,0
236065,-0.19439772214107823,0.9594073784982579,0
545795,-0.9743413482923058,0.24886448760582153,0
483340,-0.6669878201628001,0.08091710384781599,0
218748,0.6948822281378022,1.2014815814946669,0
601206,-0.8494059208490251,1.7453822542009485,0
408439,-0.5876658626183214,-0.11129842179549411,0
955126,-0.5436053606671089,0.2849150835925176,0
798570,-0.5169979580613561,-1.369604198769179,0
74812,-0.4672934769272986,1.3915955642708342,0
680328,-0.5873171004639063,-0.3474446472280025,0
821323,-0.526162554209561,1.2261526214991716,0
232191,-0.5094733577955678,0.3432094858530664,0
357065,-1.0513094249751358,0.4342266594206687,0
179918,2.749182649690276,-0.03148220082658479,0
966462,-0.7790640325712705,0.933703800605004,0
245180,-0.9545513431625704,-0.2737180853294338,0
588875,-1.0900816319967868,-0.40998432543255076,0
393587,-0.40876998527417363,-2.239003015026526,0
992778,-0.50562822613701,0.34061969080865384,0
71304,0.3014601523176317,-0.7747797189115471,0
215202,-0.09702587383112203,-0.19084741737544697,0
971661,0.7634696808729722,-1.2833321701717322,0
447411,0.13034208025485952,0.32953405135876884,0
112168,-0.554794362844519,-0.48459967161240974,0
247558,-0.3469205141319798,0.17702062103716942,0
863305,-0.15085123577090365,-1.320782043280207,0
462132,-0.29839259911554705,1.3396564845896524,0
199095,-0.24425149572074153,-1.2650122117765963,0
938215,-0.6171762232663648,-0.5035838047880573,0
548359,12.275919688394994,0.5672640521043363,1
721794,-0.45357615540244245,-0.5284277076175007,0
729249,-0.24113666795955396,1.2351718916897731,0
35702,-0.5231661778437122,0.3713387850628543,0
581475,-0.6037961979967158,-1.6917051246565036,0
931009,0.5692902876507421,-1.4422247795675034,0
508195,-0.451472685942105,0.6568411623281653,0
479437,-0.529314987330278,-0.10911615721071523,0
156443,-0.2778829934647023,0.004761403212607193,0
533544,-0.4587098275973938,0.6601534001138981,0
318219,4.598885297906659,0.23477962453377219,0
157094,-0.5136353541702672,-0.019897296036092766,0
63007,0.20068658907567413,1.2598813940544278,0
174601,-0.49247229302315637,-0.7250917050508167,0
676409,-0.5394736502030841,0.22149675295282178,0
11122,3.7459110513766625,2.0590297242310966,0
609413,-0.601433330268924,-1.36221390919567,0
870613,-0.24254939486891974,0.8487660281199416,0
661069,-0.411593986146363,0.9265138619393406,0
535260,-0.6233393019980086,-1.0190914012266463,0
841807,-0.7310678796933939,0.5075389505661159,0
63408,-0.45366906184603945,1.345954560572862,0
116976,-0.5006591937151585,-1.0432148579882476,0
31053,-0.4538736653288991,1.9268067248112932,0
530698,-0.36245328532003784,2.073573275101268,0
196929,-0.5707661047049039,-1.186167966785149,0
914430,0.09209450505366393,0.4636992556970043,0
963232,0.6114865240030322,0.8529889304251377,0
594356,-0.3540860036337497,-1.0282531108610187,0
602731,-0.2739311396927495,0.6448319834634906,0
399909,-0.4585186193418929,1.364284133309243,0
601219,-0.5938074160753047,-1.028592974702886,0
887669,-0.628258934214199,-1.1336481118730843,0
890897,0.45429007742131694,-1.907918372599977,0
55472,-0.24021844089951905,1.639121680626061,0
136988,-0.4827294531690154,0.2526909961651462,0
210803,-0.49270669306309167,-0.06976407169932893,0
283097,-0.20904111886230176,1.0843258752614036,0
520966,-0.557737921559262,-0.0025400896167665334,0
484011,-0.5767359472103585,-0.7711363726675126,0
24908,-0.6730920161619621,-1.7279533954521316,0
837305,-0.366916673336323,-1.3327801580907908,0
918735,-0.4626843041249191,1.3438104295647602,0
863115,-0.5751927930884511,1.3229393212548344,0
565716,-0.42277423881604015,0.8557562124234144,0
374878,-0.4806021592309582,0.6508579627895672,0
160595,-0.3317976408172973,0.9230848085227956,0
367261,-0.2790766296083936,0.6274732141331344,0
896884,-0.4051251718611616,-0.5837772490012377,0
518747,0.8828268667320353,1.3153904886931906,0
103410,1.4239949326180832,1.2612878318569962,0
704435,2.221006164361472,1.2305239164660429,0
659727,-0.5178153716309783,0.1249106410767004,0
607900,-0.6015732677508635,-0.06519784076241716,0
240438,-0.40316281758383277,0.6932061260332756,0
761889,-0.4600251193894402,1.1272492606177762,0
218032,-0.1783548686879651,-0.7016274242475732,0
232222,-0.5000257234050375,0.8240835702953683,0
736000,-0.47421929929802314,-0.04065910050631243,0
508869,-0.3785131072764741,-1.5961063935240112,0
228110,1.930539425051586,1.0857549906854351,0
738723,-0.3482402439342148,0.8905133717687846,0
700204,0.3663343260299725,1.1439673456127168,0
83823,-0.43978628786779667,-1.550258643665918,0
394113,-0.20434235304357762,0.14198858896767866,0
340132,-0.6757203264084417,-1.4981837549742423,0
326540,-0.661402022302919,-0.6249285457216366,0
43603,-0.5809813480849535,-1.3818353619648929,0
687912,-0.3929718884193736,-0.4035530996386119,0
456984,-0.5905622410711548,0.5263834810145153,0
440717,-0.6807723755892007,-0.7741854902392115,0
524592,-0.37600686301355,1.3050672615958776,0
558097,0.9849585778415413,-0.29492109557492563,0
418428,-0.4365028195873028,-0.5376278599387413,0
594415,-0.5852570902501552,0.04131246667916925,0
261560,-0.39995152291425334,-0.743277047316061,0
699423,-0.4225919443311843,1.5777485947698286,0
586807,0.030847723764535265,1.196368351502501,0
529975,-0.4360247042576281,0.5566533596297978,0
565611,-0.4115835451013566,0.42096488409980815,0
983937,-0.5563076931379631,-0.937129009414707,0
987883,-0.430862741318188,1.9944897410878888,0
725242,-0.2856948745828881,0.30683581073079375,0
989304,-0.35884672595754835,1.1570179610271107,0
955226,-0.7870328396473713,1.599992601553473,0
188614,-0.6264828182389411,0.15007496267633189,0
123428,-0.18451207555832935,0.975442490971943,0
604442,-0.6089842175635117,-1.3642193634649507,0
807327,-0.519196399767973,-0.8942377171866549,0
31031,-0.43303194604026557,-0.8368442309845275,0
190451,-0.49769233157212917,0.06060361995909487,0
550617,-0.2966267996752567,-0.796333415102799,0
228356,3.4828019169595317,1.0394343369533028,0
553522,0.26476824244994684,0.030377995452050416,0
726680,-0.6664681375811721,-1.657683252995808,0
339247,-0.18685548775116662,0.6334934708274319,0
265626,-0.7118554967178113,-0.9985204210006475,0
833317,-0.38156359048666066,0.29901636286718447,0
154404,-0.4311045248597036,0.009695668335443936,0
677158,-0.39115840246715533,1.4931443408126248,0
70390,-0.5123828801642101,0.7919133841170215,0
101235,0.7430341068676487,-0.14324891141121035,0
481619,-0.47359106004173634,0.13231981166998028,0
1389,-0.45146486009582176,-0.8857018583185899,0
819771,-0.05129305157760818,0.012398797636544015,0
965425,-0.5923483489455811,-0.5919385195844927,0
423368,-0.6870493216447353,-1.1712149558055065,0
301504,-0.5713063072102644,-1.2765472196671575,0
791621,-0.49001677676395894,-1.767958401456855,0
714685,-0.12683646138400548,-1.0932134693770093,0
433970,5.9254809054388,-1.8164945070890743,1
576894,-0.5517306498973804,-0.33606144086337014,0
230397,-0.6853991547174785,-0.6166111658614726,0
414620,0.05787394796719249,1.669046358982409,0
991633,-0.7264047421691876,-1.261070186926307,0
822424,-0.49424835709402287,0.07176719757412037,0
291893,0.9052279919295854,0.9949552208510825,0
853709,-0.6952944488717746,1.6783748020864568,0
733174,-0.3238219081413962,0.02329253115081667,0
911011,-0.18112680523129165,-0.34017973544413704,0
490173,-0.6180157505401364,-0.2162634629988506,0
873123,1.3581509428189902,0.16825449106096035,0
447848,1.3780121429849497,1.512726637396089,0
58933,-0.17746680475582277,0.12611135995713468,0
692565,-0.5752772847259003,-0.6447895634934919,0
506860,-0.6703237692237275,-0.9428758612146568,0
11320,-1.009725506688185,0.30188884501591984,0
819770,-0.45925834070671245,0.7730471712496799,0
178767,0.04554363855282997,1.404895068358544,0
386418,0.3671859062384056,0.918239007723831,0
920650,-0.2669374371535689,0.7278566354215432,0
472938,0.038418360755340976,-0.6792711290986821,0
197112,1.8477574944135768,-1.2450677725710833,0
138554,0.996520731066858,-1.4896720534104324,0
305610,-0.6635290253054676,-0.16015823170705643,0
821150,-0.2056696157851071,0.49346366841919725,0
567241,-0.3744650364416626,0.8086585864452057,0
634489,-0.5731569696432263,-1.178139851687546,0
898444,-0.5063581345062889,-0.534750733453604,0
670312,-0.5680246145430767,0.38404775302036553,0
889821,-0.1879088673321717,-1.4545927630619162,0
153601,-0.1912096177952659,0.8900708227991619,0
793814,0.7937567796631997,0.4246644911709797,0
488333,-0.4158595276935212,1.3273612839241882,0
751801,-0.5629427669907288,-0.906995415898431,0
429450,-0.38930974648338396,1.2890848522512484,0
531022,-0.5892414957223807,0.9488735493993045,0
497048,-0.6543610314064483,1.76421473177123,0
203614,-0.6213213537339496,-0.5955336027578213,0
122475,0.6887006696519481,0.5116890064273072,0
180307,-0.0365477231413644,1.6756809985976182,0
811902,-0.24737868259028087,-0.10645205603968903,0
287528,-0.7970126265115802,0.5450437607697448,0
43810,-0.30517801273960016,1.7586856684884706,0
174688,1.4048999796593715,-0.10019662333932453,0
54484,-0.7046430465898781,-1.4513487690475282,0
658419,0.3797551471682217,-1.3734846569784258,0
225636,-0.22333342240543547,0.2173797228200557,0
839591,-0.16478846536097813,-0.10647626259123334,0
487143,-0.49629180739190737,-0.22385193639514625,0
919039,-0.428578410369998,0.5268371375011668,0
186941,-0.548522109567329,-0.008338303333326021,0
39708,0.8040164098366109,-1.7153027005065977,0
636881,-0.5870148125414514,0.39073909188038336,0
742419,-0.46601247404473023,-0.3061746980619421,0
984820,-0.3569729553829475,1.00592579375707,0
917183,6.2609831885879546,0.8601580654047216,1
962473,-0.6359794730092632,-1.1178124641696117,0
70105,-0.2519190289570365,-0.2631257941550201,0
956319,0.7983882458961752,-1.2306202324009956,0
649747,-0.2699977358952257,1.4174129859801852,0
339343,-0.9524675768444841,0.3752113566815546,0
345053,-0.9903084806420865,0.11217438206093423,0
133291,13.75286166213992,2.421689537294553,1
412626,-0.3367684650490145,1.0055359402484938,0
879580,-0.5350033305039944,-0.4369657290370311,0
325654,-0.28577552989960314,0.4428186686666031,0
743948,-0.46871984225854063,-1.0796142399879531,0
878019,-0.9616601606869063,-0.9640171864930416,0
892943,3.424422874021752,0.7134933772318895,0
521111,-0.4390802537523726,0.06536733084588378,0
324853,-0.14707754958548863,0.48188296494792804,0
524534,-0.2903655992837883,1.0359281149556945,0
119632,-0.48069585120766195,-0.9562521453949648,0
614430,-0.524276028171321,-1.3550714816551717,0
731055,-0.46009236638436907,-0.5426022384703012,0
992100,-0.6141769629491941,-1.8034280360568895,0
27111,-0.6637788883026796,-1.2133632479027565,0
175821,-0.495374500063887,-0.42848451580912505,0
825467,-0.3808677896151117,1.0748744107546904,0
221963,-1.101074205364553,-0.6833674884329055,0
421166,0.36610815141096026,-0.6072317479784095,0
143505,-0.6806679696529427,-1.4999774584495749,0
578870,1.2923218878445242,-0.9950721117367604,0
781601,0.6930521120564512,0.8526726670829483,0
64231,-0.2658351569511633,-0.9279231336924956,0
720098,0.6131772711607109,-0.13323668792793752,0
200753,-0.036789518666910104,-0.7508226059356874,0
854697,-0.4337142581284377,-0.7003423727382246,0
239852,-0.12373024904878953,0.3201644424406717,0
371051,-0.21185214663086854,0.3425175368945573,0
446091,3.938663680105531,-0.9391229941316883,0
544656,-0.3166580558206121,0.6070867232908961,0
66561,-0.6262201442239901,1.065643660373091,0
564239,-0.39230214922795464,-1.0738272588902642,0
779595,-0.5216023206315429,-0.27778364867324584,0
773781,0.15796335900101713,-0.483219003439621,0
445624,-0.5245267308356002,0.6222100798192556,0
595928,-0.3016734580617368,-1.7335976290611104,0
339731,-0.5766846628203437,-0.2864986086089703,0
206676,-0.4675093315340083,-1.735815080727137,0
856004,-0.6084418637734031,-1.3427535114525644,0
40871,1.6241673650286053,-0.23654171981354585,0
229012,-0.5654134555951053,-1.595198178224212,0
979359,-0.2177411685319346,1.2389596531244609,0
486299,-0.5160782311270584,0.9698637416354091,0
732529,-0.5325904153806867,-1.107997192559938,0
61999,-0.3318536832787228,0.5873012818439092,0
226101,-0.5322123380611306,1.3684146935822197,0
184247,-0.44466129350242667,1.3081982035369866,0
798670,-0.47181367463931795,-4.736902172388347,0
361446,-0.20943918932793543,1.3168539606779748,0
568060,-0.0034719655268827697,-0.3478045435479966,0
117043,-0.5416328883340202,-1.047257221426085,0
825549,-0.05112781647266719,0.08460273036311611,0
42832,1.1413005614270237,1.9742608100832804,0
757730,-0.5294654002003643,-0.9805122772583313,0
195826,1.6570915204939412,1.9084541165232956,0
394512,-0.4097219292504114,1.1759079174042033,0
658518,-0.6155511123282169,-1.4527344889049854,0
625127,-0.49809241939476967,-0.4739552527535418,0
734750,-0.3734860607523055,1.1841966538113728,0
823003,-0.5582855133486219,0.9660097882423351,0
416781,-0.47790805417234355,1.1014619097586449,0
180040,-0.34641326096063446,-1.5855036194568457,0
51958,-0.14806229916704872,0.6814584085557936,0
749006,-0.4850403147564324,0.5837233128930079,0
891430,-0.49655869410051484,-0.3447359938353896,0
676486,-0.7893369067594668,-1.4119096566794485,0
840650,0.033070673197058295,-0.3327120456372343,0
317890,-0.4232493254010197,1.8012510419422354,0
301721,-0.41198972214334223,-0.7506512877483585,0
805691,-0.4435705636389871,0.9938820278753931,0
167716,-0.32014974379881855,-1.0187626532770415,0
105016,-0.19434456615832413,-1.0908933023084786,0
424626,-0.5368535916231075,0.15050495677829145,0
739004,-0.5021185326513335,-0.6333505132242592,0
412698,-0.40641610232864867,0.8241409167953992,0
878058,-0.23325803859470545,0.567361557805829,0
746619,-0.42938152056236795,-0.5870784315358812,0
363406,-0.6059421917136063,-1.5418772857612015,0
376168,-0.39273508862941897,-1.1858384550827163,0
596829,-0.5831052087233142,-0.8165284658855382,0
285421,0.3099309263538154,0.32246283632361145,0
109056,-0.48728383334421027,-1.2768785109550957,0
464914,-0.5514398279565461,-1.4947738131537591,0
929448,-0.454160832390009,-0.01806110566620582,0
553792,0.23118676298307886,0.2649450548102971,0
909005,-0.5768668039053856,-0.28333895650924756,0
559242,-0.10104151392213924,-0.9584792057732958,0
197840,-0.6161608052173199,-0.579562758991536,0
137429,0.38405730341838623,-2.051332482714574,0
307250,-0.4648256034083487,1.5729240295381492,0
898047,-0.16155126117113672,1.924073021713934,0
921309,-0.5874914940011797,-1.416074841564403,0
165462,-0.47489652112776354,0.142312782399769,0
150738,-0.7035493281084277,-1.2018708436829526,0
421380,-1.0317418969638221,1.2998796189467747,0
583740,-0.47846269010428905,1.0412479375361101,0
48080,-0.5027729724161559,-0.5642608044820632,0
891806,0.5593069581520275,1.3888277453026354,0
130771,-0.5090076262707629,0.24635041740924288,0
305620,-0.6293710981288991,-0.13590663647197165,0
849904,-0.25802682161757934,0.3405858416638132,0
666295,-0.4064302244089015,1.2685236051080653,0
976410,-0.9728615605520617,-1.1775110947656469,0
348190,-0.5059575618064528,0.013071624178505726,0
835906,-0.5251618401297976,0.6295950641481891,0
83542,-0.26432131110336504,0.8718006230455455,0
652184,-0.30524333138554915,1.1691325249853617,0
622131,-0.09148953105214755,0.7849508634619203,0
828002,-0.41232652677529275,1.2376588493183092,0
313317,-0.3836759518244622,0.56886640991446,0
946281,-0.5344144892161488,-1.7906244089733143,0
427475,3.8901986667559267,-1.991921390938068,0
995762,0.05799501340272677,-0.6608374475225167,0
431674,-0.36004107545138225,1.2225909479921742,0
549811,-0.361218460789143,1.2940586612695675,0
443618,-0.5412442757342746,-1.3764915443143226,0
676852,3.3784061707110227,1.529542915133314,0
482809,-0.024751228107759562,1.1378903915627832,0
183313,-0.3861384575963857,0.9544979023709509,0
332840,-0.5281218424627497,0.6140880936344524,0
524131,0.08977768899025106,1.5709120969737518,0
613487,-0.6121069603093536,0.10127760459221406,0
221968,-0.7016691189402902,-1.2051942080561997,0
126038,0.08343477722610422,-0.6622014920350409,0
412252,-0.4925261270435724,0.2946945808754999,0
750875,-0.5229280916498691,-0.3123395654034414,0
705816,0.11279120970826566,1.6261189270433736,0
633571,2.4399542512004895,0.6651466869451453,0
832532,1.6655421045184369,0.21487425137633578,0
922411,-0.33910089269265686,-0.28523451109153614,0
889292,-0.57619017790373,0.002762750598185085,0
160871,-0.029304909651860667,1.0683222606858949,0
623676,-1.0494789088254475,0.027238494366848134,0
89219,-1.0387587988699494,-0.0056378159868565045,0
128758,-0.6054681520980778,-1.4513216293728184,0
817379,-0.376868647423892,-0.7815950892739972,0
352059,-0.4080940654873408,1.3872602628538735,0
185848,-0.6843890671175628,-1.705890715502922,0
310120,0.661025073095697,0.965183656583951,0
493213,-0.42725461912130924,-0.10369940727335261,0
202220,-0.4157989379900137,0.9443563727297526,0
829429,0.0011329889527042375,1.6446317719982029,0
607379,0.38535401828343224,1.0871224633104968,0
511461,-0.22010876261819293,-1.117182968695177,0
427587,-0.4913380894151002,0.9115320909285559,0
597765,-0.33677778501992245,-0.7536815902825091,0
162554,-0.4111843406519814,1.6464803316152588,0
442706,-0.3060793428624584,0.6531374962858356,0
928110,1.3301116674840685,0.3028389706108021,0
782547,7.022850937475836,2.10802260378226,1
864589,-0.9477462108821134,-0.5302434328858444,0
763100,-0.599059784672229,-0.938528555300599,0
985084,0.6191532438396204,-0.1378805125761997,0
974403,-0.5946706221162351,-0.16012784043671113,0
814290,-0.6902393251868829,-0.964023286038316,0
234018,-0.5203388240651426,-0.5657385203136119,0
870790,7.075046522445312,1.8465071156289545,1
268492,-0.5183704547649223,0.9567524127242348,0
349032,-0.46528467058220707,0.08385211669597578,0
339931,0.20622905826590054,1.1689031267702819,0
524501,-0.3715186298143182,0.9597360992916574,0
556382,-0.6965188069768875,-0.7408165905416644,0
385530,-0.5284672978702979,-1.0129381155419221,0
30757,-0.5634863406629487,-0.13395936118962537,0
119627,-0.7115832551529438,-1.1178541523290466,0
604486,-0.11699893544199728,1.4788685582829046,0
440463,-0.6533940510124842,-0.7422072638432444,0
535240,-0.3456992603201022,0.5847539674190022,0
290144,-0.523608239334008,0.7050454531456986,0
967792,-0.15646601563348067,1.568886909864833,0
154279,-0.08571025331283301,0.948030805995466,0
667223,-0.44105954122283614,-0.257066759506856,0
966369,-0.5187748627480944,-0.5017450477554123,0
977230,0.2159457976556088,1.512525310571788,0
283870,0.9696485165050941,1.0496929032916995,0
489169,-0.5557277636315006,1.0083928032420124,0
582195,-0.639171793698313,-1.1973148700868619,0
318989,-0.5597686225651853,-1.1934852878208362,0
953653,-0.10164644488266619,0.6770109398322354,0
418106,-0.480112659432326,-0.38645966564418893,0
697482,-0.6726420604593919,-1.071361228096547,0
840407,0.23165287930483092,0.28624095801268934,0
73503,-0.5275534323965857,0.541261905740152,0
261555,-0.4895319712936431,0.8236976489286906,0
228937,-0.3902973389372792,-3.369784365104088,0
58547,-0.7064477289936681,-0.6138393296653283,0
694332,-0.2966520994479242,-1.6576145270296754,0
581688,-0.1649796260785512,0.8334384131146415,0
851356,-0.5260454541914739,0.08828496776085921,0
244428,-0.4662189648604192,0.24907267054347293,0
721625,2.0415833660951503,-0.7915485349045617,0
540672,-0.4001893111929556,1.6088462993517163,0
943584,0.23635450217622322,-0.1310976484609323,0
685872,-0.5890761019886825,-1.7621992089111105,0
382403,-0.47694006990169546,0.7838239201706702,0
185178,-0.34184565196413547,0.7320324088997938,0
884750,-0.7240028028717049,-1.8182329392601442,0
985451,-0.5203776339969552,0.4680370520770257,0
120148,-0.5253838494826146,0.22566070274158057,0
943426,-0.46822053717143264,-0.23346229833484738,0
886103,-0.6830699493846891,-1.60103595948571,0
395996,-0.31524478353983115,-0.655036134498979,0
550170,5.480219586183989,1.2300341211268893,1
25903,-0.524415736580453,0.41662267670184416,0
291566,0.5758393830589619,-0.006410339711444296,0
915324,-0.5321022546124199,0.7373397500566623,0
577454,-0.19707467874951456,-0.5322358414547814,0
338095,1.7592887171672615,0.3172894072628408,0
245968,0.4800676309197793,-0.35387919736356366,0
440511,-0.37306545690703746,-0.20472671132624112,0
587273,-1.0163125454164725,-0.7989525451715238,0
494817,-0.48995591456137766,-0.43881377627949486,0
60559,-0.5804915788832733,-1.715641813884131,0
791477,-0.431758722683188,0.3680922449665783,0
431838,-0.47913077810170734,1.3393183842613405,0
119826,-0.5518747997688404,0.07284247417492992,0
784040,-0.10284520495294994,0.6608073029861968,0
103252,0.3460604845350872,-0.5874681694722714,0
451663,-1.0410788174982069,0.2270540736800795,0
878167,-0.48167941952964477,1.4259876464728187,0
556263,-0.48985803300809433,0.30395466534318405,0
442359,-0.15718728122785702,1.237319025761033,0
642633,-0.6036379749135546,0.029673831880661417,0
750997,-0.3492057551183473,0.5059217804489685,0
633840,0.13813061466873447,0.7963048428535491,0
908021,-0.5746613093077546,-0.3714458498157908,0
453732,-0.6449461100201065,-1.2828394972406467,0
532139,-0.5006725424912994,0.6064054833717764,0
895462,-0.30050061109578147,1.2685622265311165,0
496003,-0.06636422983977078,0.837283058754798,0
940027,-0.45007194086544555,1.322244691007028,0
817397,0.04318598164739435,0.17805143437851534,0
53419,-0.29702761568345737,1.0978030071548495,0
518701,-0.4443416825991557,0.850847317702978,0
692501,-0.4490998440095738,0.7289312039537988,0
178199,-0.3038903096790104,-0.3970420425081518,0
549827,-0.49159082226665607,1.106971860006608,0
283808,5.994822763024478,-2.044930700874035,1
154435,-0.6076492701712926,-0.9905092436760355,0
463124,-0.45579131547901836,1.2370598724465285,0
552608,-0.45567930827080766,0.18957903983884125,0
341460,5.4064472605692835,-1.528436158600849,1
951409,-0.4397976597350049,-0.01024620814417122,0
654730,-0.5201154941816015,0.26220841631732406,0
599471,-0.341190991160715,-0.7442221484929783,0
396972,-0.4601589744844964,0.12739054188219953,0
501443,0.44590562458735694,0.47733307910396056,0
722086,-0.23117435478769172,0.8972709134724495,0
393233,-0.36054869802250683,-1.4352361094582229,0
949898,-0.44949815620763334,0.3182439144513238,0
123461,-0.6146989692616575,-0.6659467031618314,0
520877,-0.5216637785263818,0.1833688041052141,0
614178,-0.6299189590162462,-0.027035804439183568,0
247945,-0.675877300003862,-0.7215605116883744,0
520419,-0.6750607750388434,-1.4755924650803047,0
612088,-0.615506525207131,-0.8496757537774039,0
737090,-0.5280074004242234,-1.009106091265737,0
125908,-0.21028349488223544,-0.10453781223094098,0
164908,-0.618414725619338,-1.1552795025816174,0
567954,-0.39168691843179704,1.4947602969736782,0
703898,-0.562928200555578,0.21792139175779557,0
579805,-0.40855129319960737,1.6013203303839643,0
235540,0.020983359249190897,0.8236875847482837,0
342645,-0.63401097257396,-1.2023332592588047,0
535386,-0.19924639620987675,0.9308648764591507,0
997256,1.088515475729488,-0.17621641028045154,0
613130,-0.5396260714577908,-0.7729197598719966,0
929680,-0.4309084545519811,1.0462012202185467,0
995541,-0.4608596141282132,-0.17303715639901096,0
260457,-0.5201223361502963,1.5365831341477099,0
604431,-0.6370070799214358,-0.6207096577536922,0
969073,-0.05039394272220858,1.4100957612603424,0
96900,0.08904989143227302,1.2592700145417735,0
551827,-0.6589487354998635,-1.0611437395813876,0
771328,-0.6612863282087682,-0.30530098517774285,0
818842,-0.3109200755117167,-1.4661508212528842,0
798871,-0.5420029712258717,-1.3197589093891255,0
750664,0.5793552400414131,0.4808985776477291,0
651082,4.0089193885494785,0.632952038471056,0
398484,-0.4534355058516426,0.8552316290766432,0
726357,-0.5366941621097362,-1.1954035538746695,0
894004,0.968777695662897,1.0548668072641076,0
518925,-0.5034104186768259,0.14643507225984276,0
148659,-0.548030680235661,-0.3935776006928889,0
396842,-0.44044529035244645,0.8853348108039981,0
822147,-0.5544776126806675,0.391791823685335,0
705283,-0.5302958209532174,1.4213053719327517,0
61298,-0.5831866592126833,-1.2856469078357944,0
166577,-0.5270177721695658,0.5816345381869272,0
769870,0.3309902644817484,-0.14901396709737874,0
435059,3.3958665482778017,-2.3986290476894947,0
672492,-0.5892477442633092,-0.7213868619562824,0
622668,-0.22563059821150683,1.6506907537153024,0
963024,-0.5889021045035311,0.05212592874548848,0
500660,-0.6850771448872425,-0.37280788855481894,0
252307,-0.3733829275134969,0.08232314673949889,0
656180,-0.6080935057409209,-1.8003203409267534,0
994315,1.0976445953656127,0.3091321977649124,0
597918,-0.6024164784375995,-0.48024898369212177,0
398873,-0.6669168870485414,-1.3382617857794148,0
408431,2.4511102859234803,1.5206118795960482,0
792582,0.433905683156856,0.33777304697863825,0
586076,1.6868100324978599,-0.11798592442616651,0
472485,0.6618172183385822,0.3246609982571308,0
648319,-0.06801906711989487,0.8248868488113673,0
573168,-0.2539765361548079,0.8520526285708325,0
531211,6.268477239161214,1.1559923328554447,1
346228,-0.36269805397038635,-1.161276937923474,0
339592,2.782072702360747,1.082277887227017,0
924485,-0.60298827095822,0.3872956432334592,0
748438,-0.5216709085761941,0.4812566730289064,0
896664,-0.6443794533825842,-0.6335822017418166,0
347093,1.0016261109429843,0.7209204272802283,0
780132,-0.278527298645739,-0.9056603657584923,0
157641,0.0785512689271196,0.035176893146920775,0
738513,-0.4263308662266774,-1.0237465551213725,0
4777,-0.612840915630731,-1.8741693360227119,0
700255,-0.044704500339447575,1.6968284436456618,0
35585,-0.49850662630940223,-0.6547804820848606,0
863361,-0.6664170675848362,-1.3568637078812917,0
39936,-0.47446974378781526,0.8313355363928723,0
323340,-0.11262434877733321,-0.06561198081559001,0
556212,-0.4392533178479865,1.0371752727914776,0
551710,-0.6087072138069418,-1.456017763418944,0
864379,-0.2203828223538164,0.6265729525836761,0
431428,-0.6061406478267016,-1.168819205980609,0
391796,-0.10641668527424128,1.0816130164167699,0
858244,-0.6106262432432457,-0.47872771241892154,0
233009,-0.6365366590093129,-1.0311317760346084,0
418320,-0.2968391465443092,1.155321581827114,0
975549,-0.48016432318094276,0.6845873680190862,0
948066,-0.5269929969067205,-0.28499005811419076,0
279278,0.17122743211314057,0.661161820639198,0
783221,-0.47544078978833293,1.7035802942524507,0
902356,-0.5539131756141324,0.7628154899409854,0
989989,-0.5660334257831142,0.0697271090073464,0
666830,-0.45659950823020923,0.5439084831423533,0
914108,-0.11371223088696132,0.3653895711395205,0
280303,2.326292868515075,0.9087118986486364,0
780767,-1.0051311788836077,-0.2411777460360215,0
235137,-0.5168672397405225,0.13767579487105325,0
516344,-0.8962296318306632,1.311072553532407,0
612763,-0.7188014723175901,-1.5845878878344302,0
273763,-0.38892829051046046,-1.3440627884584613,0
739352,0.15286628110463749,1.204230326504174,0
812168,-0.1398628971534414,0.8602405610552222,0
596077,-0.3491056331047461,1.2035528011540069,0
250868,10.379384353215068,1.7868806602228664,1
149248,-0.5090384834180924,0.06798552879357606,0
136990,-0.535310628630814,0.04275773683742374,0
807505,-0.1550895090639591,1.2023010569301547,0
760452,-0.04768778265845334,-1.3118529782128958,0
546919,-0.2962217503913726,-0.11558080567715633,0
331668,-0.3631869910871624,-0.9361734105002144,0
534311,-0.32033036852939584,1.2576319549559245,0
621834,-0.2623911716757101,-0.621169266275109,0
285558,-0.35194578510911795,-0.9698859032790892,0
588872,-0.31284812303131454,1.5737712343002381,0
701956,-0.4974208096778068,0.014598770949359241,0
515065,1.740924942424302,1.182981855388415,0
841780,0.01171673573327904,0.3819225307822005,0
761434,-0.5673078197964366,0.23259423658225728,0
718250,-0.5767971545578175,-0.16858934855890476,0
95536,-0.6048442177145449,-0.1641634254017755,0
816720,-0.4007839334612607,0.5304281365889886,0
920849,-0.5041248888498356,0.2598382195728256,0
341860,6.546121917923632,-0.24135208213874337,1
750234,9.920643939748148,0.7411451779589509,1
579680,-0.36760691703428844,0.12266082852942738,0
368893,1.678707445754968,-1.6336637621419452,0
539250,-0.20993178716683375,-0.16079869272486863,0
925944,1.8751813513494613,-0.9890837406463338,0
751988,-0.5536662807080209,0.3114325358986478,0
834298,2.98157736009307,1.1090789278222384,0
802685,-0.3988803365807151,0.9763455829189873,0
827606,-0.017263138809983578,0.41282414863639744,0
948765,-0.6573767917712582,-0.7037821867943227,0
16676,-0.3333050555062507,1.3342371575888778,0
403669,-0.26665251284630886,1.0282441132276274,0
339027,-0.2429886754989227,1.5919212489668433,0
800691,-0.8676392217086234,1.1788995813642797,0
836232,0.12735138705849391,-1.5630209777574178,0
306128,-0.42300609275849965,1.9993890976049722,0
989483,0.4629137818774225,1.1796219868490465,0
105165,-0.4650837578706204,1.2679755366507799,0
319876,14.233630225657377,-3.009168661547093,1
719971,-0.3168766125351199,-1.1602709911490017,0
538174,-0.4975946805632992,-0.8566343503576931,0
329702,-0.1280246018187908,-0.4030253922786392,0
654503,-0.5407501802692607,-1.8224650170182173,0
883466,-0.4227264033015135,1.4808839904821296,0
497907,-0.5877207941889114,-1.8175751866384997,0
887115,-0.15523266744556624,-1.0269709362186101,0
963880,-0.4555806487115238,0.03004003127959615,0
136015,-0.5051633398484191,-0.3668578980030892,0
249066,-0.6171640306562448,-1.7208181085916958,0
413940,-0.7964449517090715,0.8664017995204202,0
43062,-0.5042019661448824,-0.0008793066934644623,0
246341,-0.48904165611577133,-1.1792645410754254,0
690980,-1.1019182806811552,0.7392077257649157,0
161620,0.5780748636150026,-1.4302851101407015,0
9715,-0.702182658501127,-1.5683516652476786,0
72876,0.21612329783549306,-1.1340780668029833,0
811535,-0.5671138677712129,-0.39669984322516144,0
887240,3.260882553683272,1.432963323800549,0
224257,-0.563399544790529,-0.6978560212196052,0
544207,-0.27289174713952274,1.5799478499203676,0
278113,-0.5734369458303754,-0.8715625073016051,0
293048,-0.4124656251647357,0.24041928510052143,0
298922,-0.47448632876884544,0.48937752736882273,0
426964,-0.44629088150492124,-0.5970426098858997,0
141594,2.190638644105619,0.995684945004608,0
596795,-0.49111621987460985,1.165127021225402,0
357884,-0.6092640519494584,-2.0600349777507563,0
385800,-0.6936160030361589,-0.7281935558498254,0
653621,-0.6102642097403183,-1.595342683595237,0
962835,0.22429386086993075,0.7422981493309102,0
163201,0.679844962969199,-1.45132206379677,0
149339,-0.4401719982897304,1.6646674253714662,0
525996,4.442318060269643,-1.0692482963260896,0
942583,-0.6025582456791145,0.6183236404362505,0
216775,0.07727887502246927,-0.5828735032234933,0
700078,-0.2968109360523928,-0.5944191793539172,0
181592,0.04626691502667699,-1.4053467321666486,0
585558,-0.9688004749921388,0.8066232893952773,0
532379,-0.38295263193048035,0.21584333242260148,0
460686,0.43803556334985444,-0.8722495956918067,0
701850,-0.13456843558713594,0.560936596450043,0
914980,-0.5074581190977214,-0.7476923273170795,0
733103,-0.6245634193034661,-1.552606876878931,0
855574,-0.39456551744356905,-0.12262321793194425,0
702863,-0.11439211515257004,-1.3406081317948841,0
82839,-0.6378670208134427,-0.8950065184402253,0
500531,-0.36084062900010244,0.6362464055982309,0
646264,-0.33759256146027083,1.2228117327806487,0
993357,-0.4137483867241967,-0.9762296737919453,0
273607,-0.4169799602105118,-1.083805871038074,0
75033,-0.6268622469467431,-1.2055840655139587,0
85477,-0.02298846659094021,0.5810372452806429,0
402654,-0.468037778197444,-0.46288756111494894,0
941879,-0.5744308164044243,0.41728339922970004,0
691762,0.08837924925709154,1.6076072278546993,0
486897,-0.4155311648794773,0.6567539754033345,0
647415,1.4164395090867319,-1.0358171442595225,0
907755,-0.44497231122932385,1.691236733428489,0
431680,2.616296903578265,-0.21335526633835777,0
414789,-0.5902027595647746,-1.2017731194910315,0
694760,-0.272699096900522,0.42499020375576396,0
578183,-0.44428814941334793,0.3662362316852196,0
809123,-0.4727243909617748,0.533439988196771,0
609736,-0.32408473483424216,0.2843768783883931,0
499081,-0.7319316452387252,0.011656361066168191,0
206318,-0.5078576273829334,0.5774267034961149,0
59334,1.4493614698402748,0.6737701067271001,0
227918,-0.31862848554594037,-0.5281034798360965,0
667721,-0.395060112952634,-0.7998286133845866,0
514964,0.28782905126761177,0.718995962845166,0
862976,-0.4801768776347359,-0.5411415510862096,0
283628,-0.8931964158694978,1.8243467569978757,0
608003,-0.5359099654085695,-0.3016438431793431,0
677213,-0.2684976112936622,0.3361461416474835,0
644069,-0.31660935073282054,-1.5624682937228465,0
303926,-0.6092241805548111,-0.6763973471362693,0
374040,-0.6047457989211076,-0.9543981439118602,0
134207,-0.6756941751027935,-0.9427605313464053,0
354689,-0.4036784295410247,-1.8623177104369437,0
502555,-0.5840136672146643,-0.23316891487710928,0
927289,-0.36129662531338985,0.7523736219865781,0
57723,1.4007684209506028,0.4277849495348503,0
455311,-0.06030796644882685,-1.0841397792282224,0
47854,-0.6638611001127624,-1.7532057561010732,0
890865,2.956647702465969,1.4237742266627247,0
754480,-0.45589804267034273,-1.1379308220569706,0
462764,-0.23857307011205967,0.7669084737497289,0
525399,-0.4825096608310684,-0.6030961302489009,0
394947,-0.5301395773232279,0.22066433116655407,0
606920,-0.08380965369523728,0.0020021069441341537,0
838682,-0.4520416752191087,-0.6410335255484481,0
468039,-0.33053230083570045,0.6815924683021054,0
653189,-0.7926940282721872,-0.4038315990811424,0
569060,-0.679766251003315,1.0958825589589754,0
909308,0.15956704374662461,1.1266042495526916,0
965824,-0.10440206328738001,0.11899782108297054,0
800717,-0.4898584373758515,1.098182017062789,0
802189,0.22519817596495398,1.2245591594126548,0
15887,-0.3073713999522902,0.49829044984911297,0
807398,-0.5461389500910653,-0.5227385281407618,0
552889,0.35641390514813864,-1.4166923451321853,0
445819,-0.43349228295182707,0.2542421249654496,0
859638,-0.47068747962390806,-0.5951261202008709,0
519028,-0.4284783515909229,1.5531969473186649,0
916585,-0.6687828597385869,-1.181989729709524,0
723638,-0.6401226851650591,-0.4954521644601692,0
739164,-0.05340112075742499,1.1861061857167714,0
822926,-0.5579213787920406,0.5690704544284206,0
837958,-0.087436012952995,-0.05718322754504872,0
777522,-0.37276510328534856,0.46687450895319316,0
932364,3.606515018693399,1.0691654105747601,0
835093,-0.4944437852011305,1.1763376226275002,0
884732,-0.3838739668794685,1.0079568716067064,0
764584,-0.9520939508104964,-1.0165536016569103,0
539956,0.3198950187390619,-0.6000763069449253,0
475162,-0.6608680392606169,-0.825810479463171,0
910050,-0.20102014038127958,0.9635008141952948,0
311624,-1.00702332224096,1.6982316244363658,0
881595,-0.4613093798633154,1.5838397293948259,0
871119,3.172458171177427,-1.6007892146400027,0
261484,-0.6037279425062851,-0.7447142428816,0
650822,2.0522463080764233,0.05113912016383195,0
81897,-0.2460015294031502,0.41935208979785027,0
854449,-0.5037912912779527,-0.5838461518435248,0
921347,-0.9524073434495791,1.459771992259704,0
815552,-1.0313802772684422,0.0025009013658754834,0
756335,-0.6567220349877441,-1.6476310891957142,0
217056,0.8796940312887371,1.5033093001241804,0
346021,-0.35663342672431,1.6044676837193492,0
146321,-0.6142617073892315,-0.5004886686411213,0
771764,-0.987589341126363,-0.42970073615595833,0
732575,0.536685778035283,-0.47345862158026103,0
793816,-0.6141439673081196,-0.4427349725982691,0
372942,-0.6735709566233508,-0.6543046633456173,0
857707,-0.3426299230565381,1.0166486255134919,0
599943,-0.16302786438950406,-0.2913979711786975,0
209067,-0.4603983476053088,-1.0618470408628493,0
905658,-0.4354085135680169,0.6202113174032383,0
564715,-0.03562051777517025,-1.3028671118449218,0
426896,-0.607489396866943,-0.41122449994431204,0
15513,-0.4685180172857198,-0.43942665473940506,0
683438,-0.2952075225234961,-0.20365507325170193,0
45637,-0.5463649450510293,-1.1905257292769085,0
310734,0.689147000871698,1.5866872411768338,0
584657,-0.3045531897316484,1.2050150898815184,0
813631,-0.6897038045065744,-1.6982630394583227,0
673805,-0.388990823610026,1.7726989430387048,0
650801,5.260428954633928,1.5038658589843845,1
534343,-0.44285278124570093,-0.47416458690334606,0
534865,-0.5425169702955971,0.6412914194010174,0
141737,2.8826196352713906,-1.0615710097305697,0
547768,-0.6263479517143283,-1.170494451508045,0
941597,-0.5858675551812403,-1.4966500597175312,0
760300,-0.4786387141794074,0.7075322304776397,0
657915,-0.5100460986765277,-0.5147693705159864,0
159591,1.0582145347394423,-0.3584207808932241,0
515485,-0.24377409223131238,0.04939797251583939,0
336793,-0.342461363383693,-0.6172168284148418,0
786340,-0.7304229992723673,-1.4847878089192412,0
79179,-0.5980791044381168,-1.3008658974892313,0
230911,-0.7191023532531852,-1.9627437441628688,0
750155,2.3655712379349616,-0.6242765935864588,0
625377,-0.5501708481099397,0.8967404065317032,0
151474,-0.3334633965112185,-0.6836266236244269,0
913015,-0.7467276842431718,-1.2645661939902182,0
842019,-0.36608822374301797,0.575660284579289,0
606651,0.05184244200616128,1.4046285157718839,0
645724,-0.6443798481498593,-0.9055216317698204,0
336063,-0.18377090805024857,1.0472849092711825,0
515804,-0.5261022628934588,0.8809535323697592,0
877176,0.12025364190124621,1.7201531832903882,0
390824,-0.6405324802884281,-0.46314955871013097,0
854716,0.8004460103587692,-0.9691541293241643,0
695485,-0.286167347674601,1.4103238495447121,0
951707,-0.2258824623485877,1.175678531720375,0
758336,-0.4807098596406285,2.0041194402009754,0
541409,-0.4128243800419014,0.9102006161493026,0
97992,-0.533658578440171,-1.0503732598779554,0
823716,0.9803988014871944,1.1440156264003165,0
34599,0.3761478667405444,0.5486233010326032,0
95190,-0.4064765901484953,1.724003646922332,0
693869,0.21488074703491267,0.9468581696064214,0
720722,-0.496799897689385,0.6117645442996741,0
67769,-0.2714581817106526,1.363110156145933,0
994733,-0.5405414068007249,-1.3467782949868419,0
462270,-0.4918004698769622,1.0073081178271706,0
946345,-0.5425580634760105,-0.13693339918348008,0
282735,-0.46748090749909577,0.7899489203128922,0
79937,-0.7273463356239476,2.1546559385833826,0
1814,-1.081216635387,-0.47213091217495745,0
802459,-0.8078959800404768,-0.8726541006716805,0
620194,-0.6083014893874964,1.0607206644095866,0
368471,-0.557160404360811,-0.6992676555858992,0
421134,-0.17206450308747537,1.773825374696252,0
473681,-0.1976290353059647,-1.3259798816159478,0
364032,-0.5595378788902858,-0.3469560357290908,0
41443,-0.624414031922989,-1.0278669807548797,0
204284,-0.31835414034498094,0.4375900870132929,0
967969,-0.20081430169311132,-0.0640077263703089,0
40451,-0.5969732760512755,-1.033603082018048,0
848830,-0.6005284865552006,-0.2638265989203424,0
261094,-0.5428625196445026,-1.6514041025809627,0
183805,-0.3563665959796568,0.7193384525310196,0
587230,-0.7695937756881576,-0.9213729394147527,0
492068,-0.2261516678511755,0.7237559019432009,0
726138,0.3011853078871726,1.5073035352712603,0
953537,-0.6775249231486651,-0.1569116804123107,0
636561,-0.43949536900824215,0.3407962471829227,0
942368,-0.5128190287093106,-0.21357575044669078,0
717717,-0.10461887651437542,0.5121363196639352,0
230086,-0.41366754852683846,-0.36935691084785494,0
674919,-0.012678214876227965,0.43595117238295295,0
846253,-0.5354255734323886,0.09392562301300196,0
515964,0.18593808575110815,0.5134357956282952,0
257865,-0.4822872700645175,1.2825608034346412,0
94437,-0.42547293675580156,1.7061488473075384,0
652218,-0.32595334765926504,1.2787138491958439,0
569195,-0.43837271451966037,1.3424384714192965,0
50231,-0.04960463120464135,1.2578889986078317,0
953049,-0.4076067017891307,0.3715204279826674,0
686261,-0.493920578718791,-0.04960697528730385,0
209503,2.9461854118768254,-1.1659985487025342,0
479489,-0.06137736963901367,-0.1677939778314972,0
789811,-0.5249729274677392,1.4945293683456513,0
942732,-0.6926922694798674,-1.402670436298346,0
451797,-0.28969011526081834,0.8441785498461044,0
601164,-0.5600582574739708,-0.9764254945643551,0
711524,-0.08546842357268115,-1.4480187790651686,0
961005,0.40504450679169557,0.2656669432226587,0
358731,-0.5991206942054138,-1.105686530961705,0
464994,-0.5562936234699256,-0.7813075443097799,0
443326,-0.48244090166815956,0.7282781159865076,0
907568,5.573167802262209,0.36542515861699426,1
805166,-0.9665418896562303,-0.48669164641466134,0
648863,-0.3429006760187916,1.3791451909106887,0
838560,-1.105608050986282,-1.3653720448485767,0
674554,-0.5438085130079486,-0.034655734274727276,0
125648,-0.8684636216654686,0.011683636105738303,0
614970,-0.46630711836356237,-0.1085399586723235,0
814437,-0.4754055759688501,1.145818747332382,0
660201,3.2420259360516455,0.9379627586883839,0
491801,-0.05540401474447524,1.231232859643464,0
236234,-0.6591928754116163,-1.2906877091745252,0
55688,-0.5461609691307076,0.697476995907874,0
893922,-0.4883558349277635,0.6690506966113052,0
366694,-0.45956226657612287,-0.942482231779168,0
675417,-0.4568670411926387,0.2635135352687053,0
162876,-0.9042373672559316,-0.4147917869495674,0
322792,-0.6071463008137065,-0.17058572054149732,0
32034,-0.5292857839380489,0.14631232689310436,0
605762,-0.5522425254764473,-1.266995031062897,0
390297,0.6498483724595902,-1.6154962746415662,0
447200,-0.6537303484556057,-1.1255388432246052,0
695499,-0.7998476980551115,1.2358806296016287,0
908663,-0.5859832723839528,-1.0893379570017176,0
84166,-0.4687235061389475,0.372823916949056,0
508614,5.090974250835274,0.9535925117714739,0
780385,-0.6379454816035417,-0.1743620308047284,0
311142,5.332962990392861,0.004190533773694115,1
95481,-0.418544166184528,0.5930956312785238,0
241767,-0.4461965530362996,-0.16285270895028703,0
924105,-0.687136706749893,-1.5263754602868793,0
305343,-0.6544936722164498,-1.6820429242271993,0
656815,0.19380719168836671,-0.8007595418299647,0
418906,-0.6571761504295116,0.029189640310338386,0
501649,-0.15862008255885557,-1.000048253054771,0
46269,-0.6248617057911794,-0.95815309299636,0
721175,0.1877109394649661,0.5827974211228543,0
417664,-0.217503411451423,0.3559274159894189,0
155211,-0.6280570940590369,0.0525474633537589,0
357634,-0.4607267337366876,0.7072070244628473,0
103691,0.9127047444203238,0.6429605553346411,0
113780,-0.5330785966356935,-1.2324550680956905,0
769405,0.15710116173474784,1.1974899932664282,0
624289,0.3314475494520718,-1.1744392355238413,0
688895,-0.047892839640784564,0.016771931559494496,0
599022,-0.4811493294961821,-0.37894082888281705,0
234970,-0.5575365140608816,-1.0179230604902698,0
739419,1.9947362019861077,-0.3262844552004109,0
734381,-0.40206546231521056,-0.8840844556119324,0
502059,-0.3081210893469081,0.23258784979293684,0
746583,-0.2433366557974789,1.343235085277648,0
597636,-0.5052884268077252,-0.009881706835553714,0
951967,-0.5384134470196508,-0.24682589496553328,0
852085,-0.39483764053665976,-0.8936202478487825,0
892911,-0.4114574098078845,-0.28221699241481235,0
516965,-0.42163728882953866,-0.2768574467119407,0
446856,-0.6572609193448027,0.39675657981709284,0
498927,-0.0388315922022774,0.6727988360643118,0
924642,-0.5617159281959233,-2.898126397257134,0
26898,-1.0088928969514193,-0.641978919302043,0
444837,-0.5648075713099417,-0.5709403650300199,0
731232,-0.405012135682949,-1.1931492655345737,0
113801,0.24961143278591105,0.39980271873448814,0
940721,-0.36317748320679927,1.761047503530841,0
132026,-0.01357580946467089,1.5708584632502518,0
13622,-0.7033595447858534,-2.039931741248741,0
972529,-0.5867864580291672,-0.10826118089493862,0
683767,-0.7716541136958956,-1.3131971167411212,0
457039,-0.5233510350491123,0.3984133002043823,0
462097,0.649855195884714,-1.2786507334479864,0
971928,-0.6926299388482607,-0.7805627790252874,0
561986,-0.45238248186644725,0.3064424981473396,0
392587,-0.8084666058804122,-0.050398671637863324,0
401037,-0.5734663034011968,-0.3374427967144201,0
432131,-0.3629906451813022,-0.5605316803370544,0
278392,2.5922516407290543,0.7618717274911055,0
752514,-0.5690049783227631,-0.7057651050990245,0
429520,-0.38581908444930074,-0.37335222822378394,0
230361,-0.4230062235890019,-0.24571367829309157,0
484163,-0.6683359609412435,-1.084535798399737,0
772464,-0.8728835803222338,0.7262382693208922,0
445423,-0.5798209358391827,-0.7107991479368225,0
628186,-0.5935365169913146,0.23066827788774488,0
263943,-0.5581007252465451,0.713396180658634,0
484046,-0.5574081070563544,-1.126120257655117,0
267199,-0.5240939278214005,0.695134568143927,0
79909,0.20407974569330906,1.4463068909026662,0
488521,-0.4484069264281162,0.3590751074634672,0
647691,-0.2979089943231892,-1.2202832091015188,0
219597,0.11870194712178832,1.2723582359380268,0
878028,-0.5429698704588354,1.5557326984053765,0
109544,-0.4090060587707498,1.4903292379070048,0
183311,-0.534736007139544,-1.279746157044885,0
713075,-0.41034535341354733,0.13422055074932288,0
589810,0.010740729615745685,1.491521358546263,0
972745,1.7702186509950002,-1.641315749931563,0
664492,0.8887228239194502,-0.24240698471747066,0
692415,2.631788873207211,-1.0857861500742791,0
997983,1.3035475350293904,0.10020735145364894,0
130280,-0.4308679922306536,0.8056200559389016,0
758630,-0.41909725822639887,0.48771064436440126,0
414167,-0.4909000648581574,0.7124605947197469,0
15972,0.2510074859879468,-0.08475714004786121,0
5868,-0.18622841782714789,0.5540985320659276,0
964519,-0.3697001883675278,1.0129044497681716,0
112513,-0.3990605531909685,-1.053927412370133,0
257096,0.3436377214951517,-0.4969147903734215,0
523071,-0.6778725227775951,-0.9613681343253059,0
569121,-0.7034249409199862,-1.8360941564230941,0
384560,0.5110509214983806,1.0774832349180397,0
573763,-0.6041942923690423,-0.5648913691233735,0
690510,0.44136638309886006,-1.4991422587468144,0
358281,-0.3307652167247936,1.175176724461947,0
553424,0.33888679194213134,1.3950095163523433,0
742925,-0.28010890948619527,-0.38758080700337777,0
630115,-0.45226784532703357,-0.3641719223316004,0
58305,0.20073615416234292,0.5194452925655026,0
28213,-0.5839750355277454,-0.4839130013761357,0
500775,0.3926978104599342,-0.6207272632815978,0
842039,-0.45686120530453034,-1.431787626142764,0
268586,-0.10179486791532608,0.95633478675947,0
607676,-0.3068693455446727,-0.6900859800590111,0
578995,-0.5714822257924258,-0.8466001404644405,0
195926,-0.2453414235515208,-0.28328449604949946,0
82209,-0.3650331683843445,-0.05543306656453908,0
236491,-0.6334864991276019,-1.2038778511518062,0
213685,-0.549750217868148,-0.9535516238220136,0
366332,-0.4952845174332121,0.02666916577868198,0
479572,-0.5372429748983785,-0.9411146353500028,0
79112,2.0254296305765465,0.6558746303755179,0
405380,-0.31835004517096666,0.41034389794397236,0
818897,-0.3289534898436917,-0.5552934033897136,0
965355,-0.5882942354165528,-0.7424593076401069,0
395047,0.6902399566264592,0.825401623597994,0
43528,-0.3407620016542539,0.14109555768214246,0
376467,-0.5115250920060926,-0.8674204984891208,0
301162,-0.2580780631196179,-0.7178222117477735,0
845208,-0.5970739403402556,-0.7665502594162933,0
411934,-0.24905768707312206,-1.7310760389430577,0
356673,0.11414956737591134,-1.3643726518718022,0
658081,-0.11919162223646187,-0.04546406615064031,0
310181,-0.2513392199785733,-0.7269952100569648,0
737334,-0.3494931802053491,1.2374685491549267,0
169113,-1.0299538053650583,-0.021084845434810227,0
581005,-0.13425578791121967,-0.6313068406369988,0
975707,-0.4235158723259145,1.2367694617128269,0
585000,-0.6579468691164998,-0.7325760740592723,0
338225,-0.4521049831686671,-0.5672405388805721,0
478399,-0.3136256668016807,-4.856528269675308,0
984658,-0.6349797236110096,-1.5499596628917618,0
932382,-0.5182522874900513,0.44116109026712635,0
905674,-0.5998223527054614,-1.3057481749020008,0
574342,1.3790378114822668,-1.9810949733731578,0
949316,0.4009742876281643,-1.2930052430788699,0
720717,-0.45479150629717824,-1.820226999835897,0
250190,0.04971635968504497,-3.6248824870671914,0
958427,-0.28581989314820355,0.7306363503964036,0
218400,-0.45889626611739986,1.6569600516068888,0
267348,2.5637394022214792,-0.5736492768185945,0
28415,0.5002923328008794,-0.5717874836243747,0
308521,-0.4213474233688605,-1.0829394879162129,0
118810,-0.2474831569253253,-0.056136686939817645,0
282396,-0.3941777560631636,0.5861135722781537,0
215648,-0.5853507848811984,-0.10210834553008588,0
38838,-0.18855322786516185,0.07115679858059398,0
5227,-0.41442498290480395,1.197438117013682,0
176488,0.7209464781207872,-0.5448011652654081,0
889061,-0.5809232164190451,0.20364289877282776,0
844777,-0.5030005426345887,0.6108152900327997,0
725695,-0.49836325846678364,0.8526283626083662,0
398181,-0.2656528849673597,0.4428278051667269,0
621013,-0.4076689301706402,1.49903761243027,0
576848,-0.186021582626517,-1.2866034621994784,0
341981,1.057144890884878,-0.5417255262367855,0
39467,-0.5028172405571508,0.3937603210610094,0
785201,-1.1101231096377127,-1.4339433386473583,0
691772,-0.10779341518793144,0.5559642629830551,0
729051,-0.3165468991096262,1.4077658684897758,0
268408,-0.5516556878851253,-0.1332625392935424,0
341227,-0.37872985979863155,1.2607835934573073,0
690979,-0.29976159258041335,-1.2541120951779214,0
626017,-0.20531342085760892,1.53411361872657,0
708359,-0.6314962537403986,-0.47286190626211355,0
506739,1.286149393439382,0.8966625509867601,0
159310,1.1401442876273622,1.5593322207292295,0
916213,-0.5646553420312571,-0.2798339906290459,0
18280,-0.4903808642173004,1.0923208458407423,0
733317,-0.8385213971824664,1.2121743838828014,0
682939,1.434931221677576,0.2259037410493282,0
755190,-0.6725534355216327,-0.9382250079423906,0
903532,-0.557549435163267,-0.6558729235521944,0
590004,-0.6418065302199201,-1.4518527450619991,0
318649,-0.3231124406598107,-1.0621029243150215,0
752561,-0.41760490674414386,-0.26639690521450515,0
851135,-0.7933324232397986,-1.2802290256289828,0
714661,-0.6275902681934685,-1.5993576423736664,0
732776,13.458658948024796,-3.2578888477017345,1
445498,-0.30794617323038603,-0.1889981198118413,0
45430,-0.6037587571542935,-1.3913583285642945,0
31860,-0.35112233591635705,0.6756541652947222,0
263246,-0.6534883779822857,-0.8902014425418316,0
365413,-0.5017618591948864,0.9072206751546213,0
674832,-0.15419789436611056,-0.5241710092218207,0
416616,-0.46700982271475744,0.9394201593933466,0
173906,-0.5490118247326017,0.2877266164234154,0
689453,-0.2539428587287973,-1.3731329361741218,0
882603,-0.17656782063769672,1.4067869214758373,0
243670,0.03883304546521763,-0.07656937886660144,0
269363,-0.42384715189803757,0.8061208307551755,0
903010,0.012481164166666751,1.160604987002846,0
62938,-0.6316386538849326,-0.7453861341747189,0
537208,-0.3405802167901388,-0.4671349874479325,0
502119,-0.446193141833893,-1.3149170947427695,0
172465,0.7954849232033652,0.22489257343424846,0
615795,8.259069979344606,1.1605281476040983,1
16507,-0.26495874429658406,1.9795791289624631,0
194469,3.4912658803422874,-0.604220058016907,0
349051,-0.5062421013503943,1.3161166874966745,0
285313,-0.4602285881336018,0.7441772941988931,0
97086,-0.49837948656386843,-1.0198532782062355,0
864076,-0.6140467142956187,-0.41169738969697417,0
557509,-0.2523340992167592,1.1274082912754437,0
103664,-0.5982640781112505,-1.3904974782852526,0
213000,-0.6161060569465817,-1.7725134358405759,0
666595,-0.488540690938073,0.69008600337826,0
301637,0.11794965558947672,1.4699942872902843,0
927171,-0.5087123597360387,-1.0942476662184397,0
24269,-0.16881233387784914,0.5358718536649707,0
922336,-0.5746367496396637,1.107738720947172,0
436971,-0.4732052225299582,1.3152060753087444,0
309729,-0.25470144731838096,-0.286549622972706,0
925532,-0.3943639625870537,0.0965905654794655,0
55757,-0.5458427672321295,-1.0781294806789596,0
537870,-0.3238343372513131,-0.7115028885719008,0
90354,-0.41630316988681065,-0.5054709517647948,0
566632,-0.7590243438775269,-0.9121571785407774,0
183254,-0.573652274787949,-0.40097975004339664,0
270192,2.346567961473069,-1.6714585467294565,0
415136,-0.46899460183220915,-0.4173720553250793,0
417360,5.252440774572119,-0.9188716016195726,1
502056,0.1866102230808655,0.4236603294246856,0
534444,-0.6597382322397554,-1.2467077293998392,0
393028,-0.5467385109225672,-1.5090458786094152,0
986731,-0.2691009048174537,-0.12135728633642791,0
12823,-0.5631673715896445,-0.6068819608561951,0
109153,-0.7013351819421282,-0.5604404506060788,0
244918,0.02793791454484743,1.7756893775264935,0
148702,-0.5815807209850863,-0.3089088417238386,0
529925,-0.5923458346204586,0.962114057557974,0
730886,-0.45287144658456474,-0.7014807136909039,0
51649,-0.6119057725956597,-0.7126737046627523,0
621358,-0.8776506113584608,0.8198113243996302,0
381574,-0.488118097211584,-0.0960203274269776,0
190038,0.0042431428725415755,0.9092574238900564,0
31035,1.557436703212353,-2.159481955583392,0
753825,-0.28432958189407087,-0.7963000549013813,0
459770,-0.5209135062066957,-0.5027481365864331,0
538238,-0.3582511886763845,-1.51798340671508,0
692840,-0.6491997476499358,-1.5171818448277268,0
50687,-0.34792415879396804,-0.3925690142930442,0
469854,0.15101637327485387,-0.9694257096927765,0
661143,-0.24304837595072387,0.8457006731870592,0
98634,-0.4567430516173117,1.2785086202559959,0
503334,-0.5417378561714767,-0.12788511058817745,0
688457,0.3490573478079982,0.36797198028406913,0
692297,-0.5717148640373151,-0.8976680482248074,0
430671,-0.6432384429282562,-1.231340360479947,0
365128,-0.4169173886091623,0.792844335157606,0
499044,-0.4301301972357113,1.3946897599678003,0
592738,-0.14883596058187534,0.2882114415520279,0
323156,-0.564560622758117,-0.736114209449565,0
247596,-0.5959096239992634,-0.6408191536895781,0
687102,0.08847601187217972,0.5158928930087044,0
191316,-0.1839399075614987,-0.8895569237865639,0
586309,0.6764853910289754,1.3798958249038324,0
475763,-0.4225740554264642,0.8590556026584403,0
458668,-0.14044944736435097,0.6611331281941466,0
725204,0.28209906404004403,0.29177981162476346,0
713549,1.836642761500991,-0.5408363324026774,0
474475,-0.03653206658014656,0.7657980131089479,0
210294,-0.640295832253433,0.5840285772242977,0
122849,-0.44899428148337645,1.3158615737492134,0
580354,-0.3618522552486925,0.7124103034282543,0
125818,-0.6582479206210895,-1.5486626212981782,0
299822,-0.5241919455943366,1.0762906859401713,0
310788,-0.38600967189714686,-1.764805785424746,0
877375,2.01481413320442,1.1514466531508971,0
725987,-0.3875382870167515,0.44370971741990406,0
41761,-0.6382826065107601,-0.702481486350204,0
193170,10.623045765347218,-3.1689204576694263,1
598041,-0.09117582219107313,0.7314864115888121,0
433557,-1.0325310587801788,0.49507188255788165,0
37843,-0.41843051871279685,1.4081980645109922,0
771269,0.15306506610763226,0.6320511078118562,0
497558,0.3017190391061567,1.1527786929317758,0
686404,0.39216976666035663,0.4616024190002215,0
100679,-0.5451166754462804,0.30571475396306125,0
488469,-0.41402156542959384,1.018549228211685,0
583783,0.3227961148306831,0.7886517398686503,0
551384,-0.4709444156571639,-1.296824443657562,0
